gid,topic,date,appid
1793384379325614,4,1741142700,216150
1791482680839848,6,1739318557,216150
1790848102765826,3,1739233384,216150
1790848102594397,6,1738782370,216150
1789580505477166,4,1738092168,216150
1789580505257819,4,1737511357,216150
1789039014320349,4,1736995578,216150
1788945554739268,6,1736900389,216150
1788311418966102,4,1736295587,216150
1786573930769030,4,1735007076,216150
1786573930638932,4,1734657912,216150
1785774543675257,6,1734410604,216150
1785774543662077,3,1734374438,216150
1785774543474317,6,1733875216,216150
1784506359200974,4,1733295098,216150
1784506358961521,4,1732671027,216150
1783872412023179,4,1732301915,216150
1783872411977117,2,1732185022,216150
1783872411929818,9,1732060849,216150
1783238125360054,3,1731981891,216150
6360862737589951012,6,1728427689,216150
6350729003510461862,3,1728346583,216150
6350729003491289647,6,1727892146,216150
6339469370176607542,4,1727228538,216150
6242640076597305164,4,1725555632,216150
6242640076591306675,4,1725413493,216150
6242640076590925127,6,1725404443,216150
5875595438707621104,6,1724792933,216150
5875595438704468379,3,1724718221,216150
5875595438692556961,6,1724435830,216150
5963413094367766086,4,1722375549,216150
5963413094342870147,4,1721785472,216150
5969041959966069679,4,1721338661,216150
5969041959959103488,6,1721173573,216150
6000566704281899412,4,1721087566,216150
5842939267358526976,6,1720654865,216150
5842939267332770867,7,1720044371,216150
5842939267304248545,4,1719368426,216150
5759622039971059533,4,1718767480,216150
6890025005347498017,7,1718250779,216150
5747236506604415580,9,1718143623,216150
5746109972564900747,4,1718059546,216150
5746109972546558143,6,1717624876,216150
5742731639324769084,4,1716949111,216150
5741605105605003399,6,1716416567,216150
5766372999937943004,6,1714521327,216150
5759616966681049886,3,1714441635,216150
5759616966662575537,6,1714003744,216150
5759616966662421275,4,1714000087,216150
5759616966661671728,6,1713982312,216150
5756237364327435929,7,1712694007,216150
7309977427454270215,6,1710882200,216150
7309977427450878341,3,1710801814,216150
7309977427433007086,6,1710378218,216150
5686429670868597288,6,1710354517,216150
8033928544494209010,6,1708043700,216150
5589599109263539823,7,1707358177,216150
5589599109259579478,6,1707264335,216150
5582843074957494518,3,1707189205,216150
5582843074939069390,6,1706752557,216150
5582843074938041513,6,1706728191,216150
5510783579245272160,4,1704855475,216150
5410576585124698275,4,1703039622,216150
5395938616814092018,6,1702420518,216150
5395938616810766916,4,1702341721,216150
5395938616792618212,6,1701911559,216150
5322753221339298993,9,1700076622,216150
5322753221336750049,6,1700016230,216150
5302486387999574000,6,1699570868,216150
5229301621570664180,4,1698197287,216150
5218041989044893097,7,1697767137,216150
5218041989037334040,6,1697587965,216150
5246188851832536949,4,1696987365,216150
5220292521174859171,6,1696374157,216150
5220291886503630079,4,1696299537,216150
5220291886484280057,6,1695840838,216150
5220291886481717293,6,1695780101,216150
5219165352618312160,4,1695173243,216150
5159491482910563983,4,1694131216,216150
5141476355677802973,4,1693966239,216150
5141476355659443074,4,1693531069,216150
5141476355652447880,6,1693365289,216150
5141475722346194346,3,1693335267,216150
5141475722343565471,3,1693272971,216150
5141475722329059026,6,1692929040,216150
5124585954861505462,4,1691547991,216150
5124584686247795593,4,1690504353,216150
5124584686246910383,4,1690483375,216150
5124584686240754672,2,1690337467,216150
5124584051971809957,4,1689906505,216150
5124584051971185542,7,1689891697,216150
5124584051967251177,6,1689798443,216150
5124584051964434716,6,1689731688,216150
6079346804887989855,3,1689642213,216150
5124583599316216281,6,1689300490,216150
5124582150154428383,9,1688605045,216150
5124582150125283644,4,1687914163,216150
5896948309837882436,7,1686798066,216150
5129083846355676196,3,1686625578,216150
5129083846341043604,6,1686278690,216150
5129083846337058876,6,1686184243,216150
5151600576582740656,4,1684894438,216150
5138087875074472673,6,1683087438,216150
5133583642667666755,4,1682993617,216150
5133583642651538922,4,1682611279,216150
5133583642645365847,6,1682464977,216150
5132456474581684110,4,1681265340,216150
6839319551986688902,3,1680294961,216150
5143714207945439354,4,1680057359,216150
5143713753745082466,4,1679966898,216150
5125698536876840979,4,1679516254,216150
5125698536874826231,6,1679468511,216150
5125698536870550465,3,1679367145,216150
5125698536855893828,6,1679019619,216150
5070528176556971025,3,1677640341,216150
5059267908809119264,4,1676430843,216150
5036749277227990216,7,1675912724,216150
5036749277224283612,6,1675824936,216150
5035622743896667007,3,1675739695,216150
5035622743878129860,6,1675300305,216150
5035620840529330031,7,1673488501,216150
5000716037488270203,4,1672802641,216150
5000716037437168009,4,1671590975,216150
5623338145761173278,3,1671357087,216150
4991708208073962121,6,1671008476,216150
4980448574125229743,3,1670899106,216150
4980448574110442249,6,1670548515,216150
4836332027646643040,4,1669086796,216150
4789043687469165835,6,1668574240,216150
6368680725437637455,4,1668479602,216150
4732747437224947159,6,1668026500,216150
4714731755406929105,4,1666146618,216150
4867853509332849384,4,1665622793,216150
4613399405937600852,4,1665000780,216150
4613399405934043783,6,1664916455,216150
4613399405931217069,3,1664849445,216150
4588629064112556149,6,1664503287,216150
4589754330726702804,4,1663725850,216150
4621277624705982596,4,1662397210,216150
4514316500022157887,9,1661895180,216150
4514316500019145817,3,1661823744,216150
4514316500003373406,6,1661449603,216150
4584121659778801953,7,1660781414,216150
4598757090458238496,4,1659811519,216150
4587497456685808713,6,1659133354,216150
4587497456675411005,4,1658884779,216150
4598755821869771406,3,1658518446,216150
4598755821864050321,4,1658382781,216150
4598755821863679465,4,1658373989,216150
4598755821862769474,4,1658352397,216150
4598755821859565947,6,1658276433,216150
4937651144701649311,3,1658192960,216150
4539082035578691058,4,1657663896,216150
4474904295750079206,4,1656470918,216150
4474904295749206680,3,1656450217,216150
4474904295724600934,4,1655866673,216150
6214419130144276708,4,1655511282,216150
4480533160880994434,5,1655265816,216150
4480532686364316513,4,1655177120,216150
4469272893494065704,4,1654210930,216150
4469272893487224954,4,1654048675,216150
4292505348827369532,3,1653014383,216150
4348799082190989086,3,1651773665,216150
4348797798094874884,6,1651009657,216150
4348797798091795528,4,1650936615,216150
4348797798073514279,9,1650502932,216150
5493837466480684900,3,1649972886,216150
4353300134244497404,6,1649797789,216150
4353300134225778339,3,1649353725,216150
4258723269508995625,3,1648149493,216150
4259848535826035964,7,1647487520,216150
5631194088577505057,9,1647376696,216150
5631194088574532629,4,1647306199,216150
4247463006802255812,3,1646859705,216150
4247462367436439421,6,1646454975,216150
4247462367431384296,3,1646335054,216150
4247462367428672898,4,1646270734,216150
4247462367425395651,3,1646192992,216150
4246335198896992202,7,1645211962,216150
4246335198893305346,3,1645124500,216150
4246335198887272169,4,1644981413,216150
4235075565597507684,4,1644461086,216150
4235075565593300807,6,1644361374,216150
4235074931863857853,4,1644291952,216150
4235074931851648653,3,1644002249,216150
4237326104320683081,4,1643317382,216150
4224939931844902114,4,1642482801,216150
4224939931828789552,3,1642100482,216150
4224939931823659334,4,1641978773,216150
4224939245932393534,4,1641352419,216150
4224938027306175205,4,1640425910,216150
5320438099052700490,4,1640059175,216150
4224937392749404442,3,1639609449,216150
4224937392746062987,6,1639530182,216150
4224936849667289109,3,1639453124,216150
4224936215404217413,4,1638937802,216150
4224935490648628928,4,1638152279,216150
4227186657146615841,4,1637376272,216150
4227186657141945089,4,1637265459,216150
4227186657141716787,4,1637260038,216150
4227186657135282749,6,1637107388,216150
4971406207535392362,3,1637031548,216150
4186653626163391658,6,1636577288,216150
4186652991104144140,4,1635904632,216150
4103335143100473945,4,1634699408,216150
4698935641774905491,3,1634684489,216150
4101082696716287554,4,1634090744,216150
3938951840899863699,6,1633475270,216150
3938951840896700502,4,1633400212,216150
3936699406868247064,4,1632364034,216150
4020014099088599845,6,1630597051,216150
4020014099082840335,4,1630460367,216150
4018887653985749217,4,1630116174,216150
4018887653982084717,4,1630029213,216150
4018887653981296852,4,1630010511,216150
4022264629330751394,6,1629840139,216150
4022264629327991926,3,1629774652,216150
4032396530941709916,4,1628193538,216150
4038025325467618538,4,1627438727,216150
4038024692287991360,4,1627005405,216150
4204657340184897647,6,1626816746,216150
4204657340184226044,4,1626800804,216150
4032392655083952945,4,1625020020,216150
4032392655057984852,6,1624403628,216150
4056035920049435188,4,1623808137,216150
4093189984239903011,4,1623367960,216150
4093189347062547926,6,1623191587,216150
4093189347059502530,3,1623119286,216150
4093189347040069669,6,1622657852,216150
4069544181447350665,4,1621973136,216150
4105572344341655499,4,1620785786,216150
4074045878067248262,4,1619576918,216150
4570566565011252062,6,1618954331,216150
4570566565010739111,4,1618942151,216150
4058278841271069453,6,1615335753,216150
4057152305729033736,4,1615253518,216150
4057152305709857379,6,1614798117,216150
4057152305707369732,4,1614739037,216150
4051520269920125295,6,1612310921,216150
3942305442249957435,6,1610146422,216150
3886008544062428486,9,1608088171,216150
3879252510628496533,9,1607540617,216150
3872494575607267877,9,1605655291,216150
3807188575867761814,6,1602007827,216150
3807188575846060190,6,1601489001,216150
4644854581180457164,6,1598378558,216150
3670950880875348910,6,1597860205,216150
4738301364300158804,6,1595354602,216150
3898379576089229696,6,1594898782,216150
3157533729871102090,9,1591726880,216150
3157533548738180796,9,1591207835,216150
4654976078223719242,6,1587507992,216150
3112492477883368514,6,1586376646,216150
2579938650939910011,6,1583807937,216150
2579938650920705891,6,1583348772,216150
2597949245063513880,6,1580177234,216150
2597949245044385394,6,1579719885,216150
2592316573844630736,6,1576695969,216150
2610330338695440442,6,1576091637,216150
3657414904104716729,6,1574133927,216150
2448198215007067439,6,1573672002,216150
2426802221712271695,6,1569951189,216150
2422298078080724768,6,1569437116,216150
2416665403785907525,6,1566869492,216150
2413284533108775685,6,1563848650,216150
2413284533089657814,6,1563391551,216150
2415533798128774106,5,1560963600,216150
2408777766634527926,6,1560363943,216150
2411028931136909710,6,1559756232,216150
2432417221732785137,7,1556127990,216150
2434668385548008443,6,1555611744,216150
2530366080592946496,9,1551906251,216150
2534869043301388949,6,1551293235,216150
2425653583379408347,6,1548268851,216150
2426778849020448801,6,1547839312,216150
2415516677186859036,6,1544646859,216150
2416641943169581454,6,1544038493,216150
2413262343932310849,6,1542243746,216150
2423394805997832158,6,1541707560,216150
2448162067117207065,6,1539194868,216150
2447035533295289421,6,1538677416,216150
2450412598619785336,6,1537992136,216150
2447032361184605350,6,1535564811,216150
2444779293762813509,6,1534448818,216150
2462791699367682013,6,1532549614,216150
2412125660632619911,6,1531964832,216150
2412125660632498466,3,1531961929,216150
2499943313627551526,9,1529526265,216150
2431262783621296095,6,1528916659,216150
2396358621994409717,6,1527704349,216150
2394104918719430473,6,1525835213,216150
2394104285092475675,6,1525287269,216150
2394101748796149448,9,1522876865,216150
3819571572130123998,9,1522876865,216150
2363699280654549077,6,1519852998,216150
3819571572130124082,6,1519852998,216150
2356940080940086198,6,1516225177,216150
3819571572130124240,6,1516225177,216150
2284879949504111052,6,1513796595,216150
3819571572130124402,6,1513796595,216150
2442505391470971522,6,1513226183,216150
3819571572130124477,6,1513226183,216150
2152021858893960178,6,1511991231,216150
3819571572130124615,6,1511991231,216150
2139633149559323970,6,1508360780,216150
3819571572130124736,6,1508360780,216150
2095718613763697718,9,1504122206,216150
3819571572130124799,9,1504122206,216150
2079952210069073389,6,1500577313,216150
3819571572130124863,6,1500577313,216150
1980870483553186153,9,1498075038,216150
3819571572130124984,9,1498075038,216150
2423345440406833941,6,1494547421,216150
3819571572130125108,6,1494547421,216150
75840229398685845,6,1491417117,216150
3819571572130125258,6,1491417117,216150
75837698138540771,6,1488481951,216150
3819571572130125320,6,1488481951,216150
3819571572130125384,9,1484771749,216150
83715191659695150,9,1484771749,216150
3819571572130125504,6,1483558112,216150
84839823693262039,6,1483558112,216150
3819571572130125637,9,1481839326,216150
91593398100231858,9,1481839326,216150
3819571572130125729,9,1480546957,216150
91592053102926202,9,1480546957,216150
3819571572130126079,6,1473295959,216150
243580289137072279,6,1473295959,216150
3819571572130126141,6,1472671247,216150
243580289110944726,6,1472671247,216150
3819571572130126209,6,1470252392,216150
252584970527401786,6,1470252392,216150
3819571572130126275,7,1469653620,216150
252584317719582446,7,1469653620,216150
3819571572130126338,6,1468437443,216150
258212550622926621,6,1468437443,216150
3819571572130126402,6,1466619547,216150
3819571572130126476,6,1463603631,216150
3819571572130126539,6,1460051476,216150
295355928888291210,6,1457724373,216150
3819571572130126603,6,1457724373,216150
341512658309814490,6,1452812489,216150
3819571572130126673,6,1452812489,216150
377538916277852564,6,1450725609,216150
3819571572130126736,6,1450725609,216150
377538916277847783,6,1450725495,216150
3819571572130126802,6,1450725495,216150
3819571572130126950,6,1444411800,216150
431567523831725248,6,1436395277,216150
3819571572130127087,6,1436395277,216150
1790848102608760,2,1738821741,766570
1790848102583527,3,1738756876,766570
1790214123072885,2,1738217619,766570
1790214123047977,3,1738152025,766570
1786573930919990,2,1735419797,766570
1786573930908929,3,1735389037,766570
1786573930645033,6,1734674677,766570
1786409468874146,3,1734609619,766570
5875595438683461085,2,1724220279,766570
6909171012613707003,3,1724155215,766570
5842939267333978179,2,1720072992,766570
5842939267331238049,3,1720008050,766570
5742731639344467655,3,1717416014,766570
5741605105602561053,6,1716358692,766570
5747233970436557758,3,1716292827,766570
5747233970417427614,6,1715839380,766570
5747233970414687320,3,1715774443,766570
8033928544509639486,0,1708409472,766570
8033928544506878270,3,1708344029,766570
5582843074956558372,6,1707167023,766570
5582843074951540268,3,1707048108,766570
5510784213093185659,6,1705471789,766570
6300039510137765928,3,1705406474,766570
5410576585125081396,6,1703048701,766570
5409450219990628307,3,1702987232,766570
5288974951223669868,6,1699337203,766570
5288974951220922669,3,1699272097,766570
5220292521179574866,6,1696485937,766570
5220292521176827965,3,1696420832,766570
5124582150126044083,2,1687932195,766570
5124581515272771430,3,1687867238,766570
5140340943317513330,6,1684707258,766570
5140340943312318432,3,1684584062,766570
5138087875080813921,2,1683237759,766570
5138087875079295030,3,1683201763,766570
5133583099812582823,0,1682402615,766570
5133583099809841669,3,1682337643,766570
6539831519502661968,0,1681797787,766570
6539831519499919632,3,1681732831,766570
5132456474581668868,2,1681264985,766570
5121196841306626552,3,1681218052,766570
5121196841287355098,6,1680761065,766570
5121196841284612286,3,1680696046,766570
5035620840548180787,4,1673935426,766570
5000716037437100804,6,1671589388,766570
4732747437216338923,3,1667822497,766570
6402455182504570709,3,1665666815,766570
4613399405957331067,9,1665468641,766570
6214419350721474887,4,1655791531,766570
4292505348820597071,6,1652853751,766570
4258723269502892760,7,1648004737,766570
4237325463666550964,2,1642572318,766570
4224939931845949857,3,1642507655,766570
4224938027305145651,4,1640401484,766570
4224938027294691348,6,1640153485,766570
5320438099053919008,3,1640088093,766570
4971405952699817244,0,1636610783,766570
4186653398784402173,3,1636372845,766570
4698935641772338723,2,1634623607,766570
4069556867203208916,6,1633586794,766570
4040278393511029888,6,1628676008,766570
4032392655106334970,8,1625551407,766570
4093189984237247167,2,1623304920,766570
4093189347040109700,7,1622658801,766570
4069544815373395894,6,1622527597,766570
3917534300090360624,6,1609221714,766570
3917534300068536319,6,1608703327,766570
3879252510630149708,2,1607580134,766570
3856733252005028242,9,1606370760,766570
3819571008273154605,6,1599546754,766570
3664193578976588063,6,1596517981,766570
3978319116835099830,6,1595482197,766570
3516698970145058529,2,1594703733,766570
3516698970130687588,6,1594360127,766570
2984138620261554108,9,1585628723,766570
2984138620259270594,4,1585574127,766570
2579938650939999334,9,1583810073,766570
2579938650938062413,4,1583763764,766570
2578812118958666122,9,1582951334,766570
2578812118956309055,4,1582894979,766570
3183419193845166933,3,1582025420,766570
2582187916849584550,3,1581336892,766570
3690071589858139737,6,1579588576,766570
3690071589855294454,3,1579520548,766570
2592316573863913884,6,1577156982,766570
2592316573862628172,4,1577126241,766570
2610330338693184773,7,1576037710,766570
2587811707183926308,3,1575985312,766570
2551782186275265546,7,1575344750,766570
2551782186273298775,3,1575297728,766570
2551782186261781443,6,1575022359,766570
2448197582014712277,3,1573029439,766570
2451574645873715513,3,1572904234,766570
2406534841141732390,3,1569225971,766570
2406534841124877851,3,1568822986,766570
3658535001294373283,4,1568365709,766570
2413289226969899901,6,1568044265,766570
2413288973188938253,4,1567692287,766570
2415540140463955649,3,1567267512,766570
2415540140453105855,3,1567008102,766570
3364670677195476647,7,1564469348,766570
3364670677192989074,3,1564409871,766570
2413284533096538359,3,1563556052,766570
2408777766643397692,2,1560576005,766570
2408777766641521628,4,1560531148,766570
2400895196221752689,6,1559629904,766570
2905297189262309344,3,1558365800,766570
2905297189253321362,9,1558150899,766570
2465065785296826133,4,1553751306,766570
2465065785292984083,6,1553659456,766570
2711631078228482801,3,1547482226,766570
2417769111296600755,6,1545624206,766570
3244179105158503519,3,1544673783,766570
2415516677186009667,3,1544626554,766570
2416641943170860164,3,1544069052,766570
2415515408473159112,4,1543595594,766570
2447035533309049296,4,1539006415,766570
2447035533308569713,2,1538994949,766570
3167611029752309830,4,1538197477,766570
2450412598621149875,2,1538024763,766570
2444779293777009244,2,1534788230,766570
2454911758742538601,2,1533870322,766570
2451533424640387648,2,1533354059,766570
2451533424636685645,6,1533265549,766570
2451533424635312097,3,1533232708,766570
2462791699374201623,6,1532705492,766570
2412125660638143288,9,1532096888,766570
2499943313633184603,7,1529660916,766570
2394106369049407783,3,1527279758,766570
2391853754538105777,9,1526623317,766570
3856732771954343800,2,1605812504,1046930
3819571008260525164,2,1599244796,1046930
3788045105528674164,2,1598650125,1046930
3670950880878899040,6,1597945078,1046930
3667572003459512952,2,1596742876,1046930
3978319116851701078,2,1595879109,1046930
3978319116837354088,2,1595536088,1046930
3898379576090299809,2,1594924362,1046930
3444640809423920038,2,1594333188,1046930
3444640809402514479,2,1593821388,1046930
3444639924520181244,2,1593715659,1046930
3384966595871561635,2,1592518331,1046930
3309530667980776163,2,1591995923,1046930
3142896212089576414,2,1590690618,1046930
3112496281293308616,7,1590113527,1046930
3112496281292022713,2,1590082782,1046930
3127131079126031198,2,1588272190,1046930
2698159409974212113,2,1584643575,1046930
2579938650924581611,2,1583441435,1046930
2579938650920469037,7,1583343110,1046930
2578812118958257270,2,1582941557,1046930
2582187916851667254,2,1581386688,1046930
2582187916836098262,2,1581014427,1046930
2609208878399496656,2,1580849272,1046930
2609208878396537936,2,1580778532,1046930
3690071589846295005,2,1579305361,1046930
3690071589843319761,2,1579234228,1046930
2592316573914306149,2,1578361898,1046930
2592316573881485106,2,1577577117,1046930
2592316573863448669,7,1577145858,1046930
2592316573849299785,2,1576807581,1046930
2592316573844633127,9,1576696027,1046930
3370312875249952266,2,1576194292,1046930
2551782186274569922,2,1575328117,1046930
2551782186274295316,2,1575321551,1046930
2551782186255934743,2,1574882582,1046930
2551782186252331841,9,1574795976,570
2551782186252110279,9,1574791166,1046930
2468465044718691379,7,1574398358,1046930
2468465044717642713,9,1574373285,1046930
2448198215011453385,2,1573776863,1046930
2448197582024129379,2,1573254585,1046930
2448197582020586234,2,1573169877,1046930
2451574645863410994,2,1572657846,1046930
2451574645859749486,7,1572570309,1046930
2451574645859504436,2,1572564452,1046930
2451574645852420687,2,1572395104,1046930
2504491307413418272,2,1572158572,1046930
2504491307409530782,7,1572065618,1046930
2504491307409126999,2,1572055964,1046930
2504491307408478730,2,1572040463,1046930
2504491307408053491,2,1572030297,1046930
2504491307405558591,2,1571970650,1046930
2504491307404980902,2,1571956837,1046930
2504491307404588968,9,1571947135,1046930
2504491307404393659,9,1571942797,1046930
2504491307404377261,9,1571942405,1046930
2504491307401746377,9,1571879507,1046930
2504491307398362958,6,1571798612,1046930
2404285581876734808,9,1571699776,1046930
2404285581873251552,9,1571616501,1046930
2404285581869672062,9,1571530914,1046930
2404285581866140617,6,1571446480,1046930
2404285581864773854,9,1571413309,1046930
2404285581862373658,9,1571356418,1046930
3051677487677308879,2,1570765580,1046930
2426802221716031520,2,1570041078,1046930
2422298078085081620,2,1569541282,1046930
2406534841129874507,2,1568942446,1046930
3658535001293340107,2,1568341007,1046930
3658535001292958271,9,1568331877,1046930
2413288973190621791,2,1567732533,1046930
2415540140472117087,2,1567462652,1046930
2415540140466972607,6,1567338947,1046930
2415540140465541879,2,1567305440,1046930
2415540140464298595,9,1567274857,1046930
2416665403787712505,9,1566908888,1046930
2416665403787712506,9,1566908791,1046930
2416665403781225040,9,1566757536,1046930
2416665403774547756,2,1566597878,1046930
3556075649724639320,2,1566002239,1046930
3556075649722997200,9,1565962488,1046930
3556075649722997203,9,1565962396,1046930
3556075649722997204,9,1565962234,1046930
3556075649722997207,9,1565962129,1046930
3556075649721898010,2,1565936702,1046930
3556075649721055789,2,1565916565,1046930
2412160539868167876,9,1565605381,1046930
2412160539867904178,9,1565600441,1046930
2412160539867891605,9,1565600353,1046930
2412160539855227231,2,1565297863,1046930
2412160539850779600,6,1565191091,1046930
2412160539850628917,9,1565184086,1046930
2412159905932794411,6,1564827717,1046930
2412159905931312241,2,1564794676,1046930
2412159905929994887,2,1564762684,1046930
2412159905929982324,6,1564762567,1046930
2412159905929982325,9,1564762467,1046930
2412159905929982328,9,1564762351,1046930
2412159905927588378,9,1564705646,1046930
2412159905922411181,9,1564579499,1046930
3364670677196943806,9,1564500782,1046930
3364670677196366171,9,1564489525,1046930
3364670677196366174,9,1564489347,1046930
3364670677193365007,7,1564416720,1046930
3364670677192649094,9,1564399829,1046930
3364670677192536070,9,1564398596,1046930
3364670677192498387,9,1564397522,1046930
3364670677192485816,6,1564396712,1046930
3364670677192423008,9,1564393208,1046930
3364670677178787808,6,1564069798,1046930
3364670677177933837,9,1564049104,1046930
2413285168841056129,2,1563992342,1046930
2413285168839878180,6,1563960290,1046930
2413284533107131589,6,1563808940,1046930
2413284533106767320,9,1563799941,1046930
2413284533106616662,9,1563796450,1046930
2413284533106591517,9,1563795764,1046930
2413284533106591518,6,1563795614,1046930
2413284533097703604,2,1563583909,1046930
2413284533092153643,9,1563449251,1046930
2413284533090631138,2,1563414822,1046930
2436927798953540618,9,1562972908,1046930
2436926440593179996,2,1562269383,1046930
2436926440592765944,9,1562259483,1046930
2436926440582900542,9,1562023616,1046930
2436926440568233244,2,1561672929,1046930
2436926440564623897,2,1561586635,1046930
2436926440564425836,2,1561581899,1046930
2436926440564425309,9,1561581887,1046930
2436926440564425142,2,1561581883,1046930
2436926440564424936,2,1561581878,1046930
2436926440564424797,2,1561581875,1046930
2436926440564424575,2,1561581869,1046930
2436926440564424402,2,1561581865,1046930
2436926440564424112,2,1561581858,1046930
2436926440564423563,2,1561581845,1046930
1784506359242431,0,1733402779,387990
5288974951210798085,4,1699032041,387990
4469272893489551374,7,1654103845,387990
4437747060845004952,0,1654009759,387990
4348799082205440541,2,1652116493,387990
4023377846272410984,7,1617218374,387990
4026755437316829500,0,1617124328,387990
4057152305713818529,2,1614892174,387990
3856732611032171432,0,1605800550,387990
3788045105542710289,0,1598985709,387990
3667572003461962453,0,1596801431,387990
3659688711188132330,0,1594768603,387990
3444639924491074272,0,1593019766,387990
3309530667980347936,0,1591985685,387990
3142896212093139744,0,1590775804,387990
3112496866899307183,0,1590506561,387990
4742798819310920099,0,1589468458,387990
3110243741292254841,4,1589315313,387990
3110243741288516476,0,1589225932,387990
2480825216190034697,0,1550781202,387990
2461683368404248670,0,1550009018,387990
2462808987392294043,0,1548962895,387990
2426778849035199632,0,1548192007,387990
2417769111285714281,0,1545363933,387990
2415516677187429675,0,1544660502,387990
3167611029750306717,0,1538149585,387990
2450411965552338976,0,1537459482,387990
2447032995769614772,0,1536331064,387990
2447032361206693892,0,1536092942,387990
2499943313700042322,0,1531259418,387990
2499943313675023255,0,1530661235,387990
2391853754533287505,0,1526508120,387990
2365952982533301861,0,1521832485,387990
4249665521683154697,0,1521832485,387990
2363700548703630294,0,1521133519,387990
4249665521683154811,0,1521133519,387990
2356940715000285023,0,1517329434,387990
4249665521683155032,0,1517329434,387990
2356940714983029853,0,1516916864,387990
4249665521683155151,0,1516916864,387990
2284879949555096207,7,1515015650,387990
4249665521683155276,7,1515015650,387990
2284879949511006744,0,1513961441,387990
4249665521683155390,0,1513961441,387990
2163281492522107853,0,1512754540,387990
4249665521683155511,0,1512754540,387990
2143012757611122297,0,1510243874,387990
4249665521683155747,0,1510243874,387990
2140760316590502958,0,1509642787,387990
4249665521683155856,0,1509642787,387990
4249665521683155973,6,1504616695,387990
2709332890271167618,0,1502988190,387990
4249665521683156221,0,1502988190,387990
2093464278183742132,0,1502401756,387990
4249665521683156327,0,1502401756,387990
2093464278158206591,0,1501791202,387990
4249665521683156431,0,1501791202,387990
2093463643453081039,0,1501186482,387990
4249665521683156546,0,1501186482,387990
2564086801861840060,0,1498759748,387990
4249665521683156680,0,1498759748,387990
2564086801852199679,0,1498529252,387990
4249665521683156797,0,1498529252,387990
1980870483556254241,0,1498148389,387990
4249665521683156912,0,1498148389,387990
1967358417035458412,0,1496953121,387990
4249665521683157025,0,1496953121,387990
1904306118445018441,0,1495210702,387990
4249665521683157133,0,1495210702,387990
2423345440409620464,0,1494614048,387990
4249665521683157240,0,1494614048,387990
75841595748078454,0,1492101522,387990
4249665521683157355,0,1492101522,387990
75840229405831376,0,1491587960,387990
4249665521683157462,0,1491587960,387990
75839596813447788,0,1490380263,387990
4249665521683157684,0,1490380263,387990
75837698138995306,0,1488492819,387990
4249665521683157803,0,1488492819,387990
75834708007045478,0,1485890836,387990
4249665521683157916,0,1485890836,387990
83715191688071149,0,1485450219,387990
4249665521683158033,0,1485450219,387990
84839823696972340,7,1483646823,387990
4249665521683158158,7,1483646823,387990
91593398118188089,2,1482268655,387990
4249665521683158273,2,1482268655,387990
91593398114801417,0,1482187684,387990
4249665521683158386,0,1482187684,387990
182787402038136187,0,1478126679,387990
4249665521683158613,0,1478126679,387990
243581103958645874,6,1473456477,387990
4249665521683159220,6,1473456477,387990
252584970556096289,0,1470938530,387990
4249665521683159470,0,1470938530,387990
252584317726207519,7,1469812021,387990
4249665521683159695,7,1469812021,387990
251457560647218094,0,1469218663,387990
4249665521683159937,0,1469218663,387990
258212550626285962,0,1468517764,387990
4249665521683160051,0,1468517764,387990
250328813712070414,0,1466459104,387990
4249665521683160402,0,1466459104,387990
249201544504462244,7,1465329435,387990
4249665521683160526,7,1465329435,387990
255956312804057622,0,1464391553,387990
4249665521683160647,0,1464391553,387990
255955126815344806,0,1463160871,387990
4249665521683160766,0,1463160871,387990
255953775618722799,0,1461959628,387990
4249665521683160888,0,1461959628,387990
255953775614770307,4,1461865128,387990
4249665521683161016,4,1461865128,387990
260456194794120844,9,1460740406,387990
4249665521683161141,9,1460740406,387990
260454846508834287,7,1460130260,387990
4249665521683161262,7,1460130260,387990
260454846483476631,0,1459523949,387990
4249665521683161493,0,1459523949,387990
272839101171198796,0,1458847200,387990
272839101171197624,0,1458847157,387990
4249665521683161606,0,1458847157,387990
272838467475208411,0,1458328330,387990
4249665521683161726,0,1458328330,387990
295355202043073638,7,1457116023,387990
4249665521683161847,7,1457116023,387990
295354567841197286,7,1456585392,387990
4249665521683161973,7,1456585392,387990
295354025632056652,7,1455994811,387990
4249665521683162091,7,1455994811,387990
295354025631877144,7,1455990518,387990
4249665521683162206,7,1455990518,387990
295353300242484722,0,1455368102,387990
4249665521683162318,0,1455368102,387990
341514010396576206,2,1454438342,387990
4249665521683162437,2,1454438342,387990
341514010385592931,7,1454175731,387990
4249665521683162664,7,1454175731,387990
341513927896996110,7,1453915149,387990
4249665521683162775,7,1453915149,387990
341513287013620174,7,1453679634,387990
4249665521683162897,7,1453679634,387990
341513287005754342,4,1453491551,387990
4249665521683163027,4,1453491551,387990
341513287005130832,2,1453476644,387990
4249665521683163141,2,1453476644,387990
5124581515274057127,7,1687897700,438100
4867853509332763949,9,1665620770,438100
4587497456675196924,0,1658879661,438100
4437747060824661147,9,1653527179,438100
4698935641771400588,4,1634601335,438100
3938951840884538686,7,1633111591,438100
4020014731792644717,7,1631140665,438100
4022264629308905182,7,1629321614,438100
4056035920056416459,7,1623973839,438100
4069544181433144720,7,1621635790,438100
4570566565008226171,7,1618882493,438100
4023377846277292710,7,1617334295,438100
4023377846272526854,7,1617221127,438100
3807188575849917236,7,1601581206,438100
3715990047698996137,7,1601060535,438100
4249665521684428134,7,1599871895,438100
3819570936609454083,7,1599006366,438100
3788045105528527741,7,1598646624,438100
3667572003460225973,9,1596759920,438100
3898379576090689609,7,1594933682,438100
2698159409967958857,6,1584494067,438100
2416665403770357745,7,1566497702,438100
2412159905923514327,7,1564608244,438100
2415533798126177852,7,1560901994,438100
2411028931137027066,7,1559759037,438100
2905297189246527391,7,1557988472,438100
2507851250558674551,7,1554929164,438100
2465065785292228238,7,1553641389,438100
2530366080614388713,7,1552418920,438100
2480825216207898134,7,1551208311,438100
2461683368385694344,7,1549565393,438100
2417769111285936276,7,1545369241,438100
2416641943190982836,7,1544550171,438100
3316234163932828570,7,1542737725,438100
2444779293766765439,4,1534543294,438100
4249665521684177806,7,1520477182,438100
4249665521684177923,7,1519850235,438100
4249665521684178033,7,1519532159,438100
4249665521684178147,9,1519428839,438100
2363696743803504900,9,1517591969,438100
4249665521684178266,9,1517591969,438100
2356940715000741654,7,1517340351,438100
4249665521684178374,7,1517340351,438100
2284879949565744700,9,1515270254,438100
4249665521684178591,9,1515270254,438100
2442505391473228875,9,1513280150,438100
4249665521684178697,9,1513280150,438100
2140759684346763427,6,1509124648,438100
4249665521684178952,6,1509124648,438100
2145261379785136018,6,1507229950,438100
4249665521684179075,6,1507229950,438100
2095718613763575243,9,1504119278,438100
4249665521684179194,9,1504119278,438100
1858142318021861169,7,1493162304,438100
4249665521684179443,7,1493162304,438100
75841595749206684,9,1492128495,438100
4249665521684179569,9,1492128495,438100
75838332258063078,9,1489099281,438100
4249665521684179776,9,1489099281,438100
75837698153042770,9,1488828702,438100
4249665521684179894,9,1488828702,438100
75835955404616853,2,1487030960,438100
4249665521684180127,2,1487030960,438100
75835955394210988,7,1486782151,438100
4249665521684180239,7,1486782151,438100
75835794572838981,9,1486623466,438100
4249665521684180361,9,1486623466,438100
4249665521684180484,7,1486529007,438100
75835160699052839,9,1486265909,438100
4249665521684180605,9,1486265909,438100
5151601211229084312,9,1685696458,1677740
5035622109509396516,9,1674740851,1677740
5623338145768114131,9,1671521663,1677740
4991708208074461620,9,1671020306,1677740
4979322040012161660,7,1669792454,1677740
4836332027651364046,7,1669199556,1677740
4706851091187405514,9,1667215106,1677740
4613399405932386597,6,1664877181,1677740
4621277624704277461,9,1662356765,1677740
4591999790063100383,9,1657720300,1677740
4353300763398824398,4,1649833754,1677740
4347669995478656133,9,1649168636,1677740
4235074931861291822,7,1644231082,1677740
5320438099049910325,9,1639992981,1677740
4698935641769122566,7,1634547293,1677740
1794014851371161,9,1741735061,813780
1790214123089896,0,1738260923,813780
1785321795774413,7,1733854032,813780
1784506358990179,3,1732741327,813780
1783238125221433,9,1731609910,813780
6212244583180641136,3,1729283651,813780
6211118320238802416,9,1728933752,813780
5969041959966134740,9,1721340205,813780
5842939267328365780,7,1719939968,813780
5746109972550208102,7,1717711365,813780
5747233970419121653,2,1715879517,813780
5768625435397103761,9,1715295621,813780
5759616966683375954,9,1714496764,813780
5756237364309181596,2,1712261340,813780
5686430301736787607,9,1711472855,813780
5686429670868836649,9,1710360204,813780
5728086065183430103,0,1708643477,813780
5395938616810587973,9,1702337473,813780
5229301621592026979,9,1698703678,813780
5229301621580554530,9,1698431680,813780
5141476355680876947,9,1694039086,813780
5124584686243846308,9,1690410744,813780
5124582150124887902,9,1687904842,813780
5129083846340039489,2,1686254891,813780
5151601211223789468,9,1685570964,813780
6557848386956392060,9,1684170262,813780
5133583642652466461,2,1682633260,813780
6539831519507682086,6,1681916199,813780
5132456474583832856,9,1681316029,813780
5121196841308056755,9,1681251941,813780
5125698536851122332,3,1678906534,813780
5070528810286559725,9,1678235579,813780
5059268543354756072,7,1677107494,813780
4980448574106373292,6,1670452075,813780
4589754330726545917,6,1663722127,813780
4606641560242941353,6,1662512919,813780
4514316500018774105,9,1661814923,813780
4514316499997201365,6,1661303221,813780
4607764924144583756,6,1660093752,813780
4587497456675427417,6,1658885172,813780
4937651144683333377,9,1657758499,813780
4591999790061175329,6,1657674635,813780
4474904295749815651,6,1656464664,813780
4474904295749544125,0,1656458228,813780
4480533160880550621,6,1655255290,813780
4469272893487224896,6,1654048674,813780
4469272893486887298,6,1654040658,813780
4405095337265504250,6,1652836295,813780
4348799067305046253,6,1651626646,813780
4348798430272382183,9,1651101435,813780
4258723269502627502,6,1647998441,813780
4246335832502792895,6,1645581908,813780
4246335832502378418,9,1645572072,813780
4235075565593762863,6,1644372263,813780
4237326104337516593,9,1643716536,813780
4237326104335595940,6,1643671178,813780
4237326104314163991,6,1643162743,813780
4224939931822627581,6,1641954286,813780
4224937392746242377,6,1639534435,813780
4224935490655890255,6,1638324551,813780
4227186657140665843,9,1637235071,813780
4227186657138873961,9,1637192595,813780
4227186657135876157,6,1637121467,813780
4186652991104113692,6,1635903912,813780
4103335131641918900,6,1634695205,813780
4069556867198844434,6,1633483234,813780
3938951840899791889,6,1633473563,813780
3936699406864405617,6,1632272880,813780
4020014731799100628,3,1631293864,813780
4020014731792723487,7,1631142531,813780
4020014731789373184,6,1631063025,813780
4022264629331334875,6,1629853985,813780
4040278393509671187,6,1628643750,813780
4032396530959221551,9,1628609217,813780
4038025325467444240,6,1627434585,813780
4036898156491110682,6,1626224826,813780
4032392655108951784,9,1625613518,813780
4032392655083747505,6,1625015141,813780
4056035920049341022,6,1623805902,813780
5019805792180529378,9,1623793012,813780
4093189347037495099,6,1622596728,813780
4069544181422793466,6,1621390033,813780
4072920612496257536,6,1620177137,813780
4074045878088581697,9,1620083485,813780
4074045243998623510,6,1618973165,813780
4117954072993349312,6,1617758134,813780
4026754911342783681,9,1616624258,813780
4026754911339629748,6,1616549373,813780
4058278841271390545,6,1615343382,813780
4060529371720491140,9,1614695081,813780
4060529371718390388,9,1614645572,813780
4060529371696784160,6,1614132516,813780
4703417046201025956,2,1613085140,813780
4053772703627670999,6,1612922774,813780
4050393736339693155,4,1611875237,813780
4050393736332920944,6,1611714427,813780
4043637702563531532,9,1611616517,813780
4043637067844378707,6,1610504316,813780
3886008544062264434,6,1608084248,813780
3856733878289349340,6,1606874651,813780
3856733244569557165,9,1606263028,813780
3856732611026207966,6,1605658318,813780
3872494575607240082,9,1605654628,813780
3887130640387534556,6,1604455468,813780
3895010671331931498,9,1603249785,813780
3895010671331784438,6,1603246268,813780
5422856308631213928,0,1603231221,813780
3853351107543896185,6,1602032806,813780
3715990047689408659,9,1600831351,813780
3715990047689079784,6,1600823487,813780
3819571572124212470,6,1599614996,813780
3788045105518368836,6,1598403778,813780
4644854581178241327,9,1598325585,813780
3667572547699201856,6,1597197071,813780
3664193578954154084,6,1595984541,813780
3978319116852820543,2,1595905876,813780
4738301364299279585,9,1595333585,813780
4738301364297922550,9,1595301142,813780
3659688711188401970,3,1594775047,813780
3444639924510283977,9,1593479026,813780
3157533548735923974,7,1591153881,813780
3142896212087264833,9,1590635362,813780
3127131079123690744,9,1588216240,813780
2984138620261465112,9,1585626595,813780
2698159409982107899,3,1584832359,813780
2578812118953902954,0,1582837452,813780
3183419193828366019,9,1581623709,813780
2597949245048891725,7,1579827622,813780
3690071589859904732,9,1579630774,813780
2600199781655188006,7,1578937756,813780
2592316573851633260,7,1576863355,813780
3370312875267165142,9,1576605844,813780
2610330338695257064,9,1576087253,813780
2551782186256095994,7,1574886437,813780
2468465044731435237,3,1574703060,813780
2468465044721422594,7,1574463659,813780
2468465044713425124,7,1574272447,813780
3657414904093423164,3,1573863888,813780
2448198215011494325,3,1573777842,813780
1794102528088601,7,1741908527,2349820
1794102528073347,9,1741871579,2349820
1792751526006158,9,1740657413,2349820
1790848102747854,6,1739189108,2349820
1789039014333538,6,1737030046,2349820
1786573930844717,9,1735213091,2349820
1786409468873683,6,1734608532,2349820
1784506359012053,9,1732796614,2349820
1783238125207414,9,1731576805,2349820
6146943657173900569,6,1730380363,2349820
6212244583175839183,2,1729169879,2349820
6339469370192624251,9,1727608145,2349820
6339469370185312500,9,1727434833,2349820
6250522009513301529,6,1726150477,2349820
6242640076596845781,2,1725544753,2349820
6240387642454234860,2,1724934753,2349820
5875595438684690066,2,1724249397,2349820
5963413728335215134,9,1722519723,2349820
5969041959965042664,9,1721314321,2349820
5842939267335155662,2,1720100889,2349820
5842939267313236751,9,1719581377,2349820
6890025005352681409,9,1718373599,2349820
5746109972549196633,9,1717687401,2349820
5742731639330103409,6,1717075523,2349820
5768625435395667222,2,1715261581,2349820
5766372999943626074,4,1714656023,2349820
5759616966675678459,9,1714314318,2349820
5762994032391097231,9,1713451468,2349820
5762993398273177745,6,1712847386,2349820
5756237364308241517,9,1712239069,2349820
5749481331437380143,9,1711641515,2349820
5686430301718200987,9,1711032327,2349820
7309977427435135487,9,1710428651,2349820
5679673637652467931,9,1709824436,2349820
5688680204370428731,4,1709219166,2349820
5728086065182240081,2,1708615278,2349820
8033928544492416210,2,1708001202,2349820
5589599109272784483,2,1707577246,2349820
5582843074954935459,3,1707128606,2349820
5582843074941237719,9,1706803915,2349820
5519792046247511437,9,1706169578,2349820
5510784213098219445,3,1705591083,2349820
6300039510119890929,9,1704982744,2349820
5410576585181366041,9,1704382937,2349820
5410576585155811798,3,1703777125,2349820
5410576585130424421,6,1703175307,2349820
5409450219976831235,2,1702660133,2349820
5395938616794884809,2,1701965271,2349820
5395937983679638175,9,1701790195,2349820
5382426458977388684,2,1700749826,2349820
6560117310264466513,9,1700147764,2349820
5302486387998568328,9,1699547037,2349820
5288974951206789798,3,1698937067,2349820
5229301621576461798,3,1698334694,2349820
5218041989057779266,3,1698072640,2349820
6438516944139062242,3,1697556120,2349820
5220292521199295299,2,1696953394,2349820
5220291886498222415,9,1696171349,2349820
5219165352638554346,2,1695653085,2349820
5480373588782866583,2,1694703693,2349820
5159491482915722602,4,1694253487,2349820
5159491482913052307,2,1694190179,2349820
5141476355676296963,2,1693930551,2349820
5141476355666950347,2,1693709006,2349820
5141476355659738908,2,1693538080,2349820
5141475722323751856,2,1692803257,2349820
5127964289171337404,2,1692240697,2349820
5839532486218534681,3,1691856404,2349820
5124585954861464864,2,1691547030,2349820
5124585319849618069,2,1691078398,2349820
5124584686264313637,4,1690895974,2349820
5124584686255278116,4,1690681751,2349820
5124584686253486048,4,1690639253,2349820
5124584686249903162,2,1690554307,2349820
5124584051984644381,2,1690210771,2349820
5124584051977388319,4,1690038741,2349820
5124584051970320162,9,1689871183,2349820
6079346804890020909,3,1689690355,2349820
6079346804886130494,9,1689598136,2349820
5124582150182209529,2,1689263698,2349820
5124582150170936400,2,1688996482,2349820
5124582150152842698,2,1688567454,2349820
5124582150131147038,2,1688053149,2349820
5124582150127567912,4,1687968308,2349820
5124581515271477929,2,1687836581,2349820
5124581515258641051,2,1687532069,2349820
5124581515249384829,2,1687312706,2349820
5896948309845541017,9,1686979932,2349820
5896948309838727115,6,1686818097,2349820
5126832680916117322,2,1686716341,2349820
5129083846353759113,2,1686580146,2349820
5151601211230106523,4,1685720661,2349820
5151601211225640165,3,1685614836,2349820
5151600576605849450,4,1685442342,2349820
5151600576599290056,4,1685286804,2349820
5151600576597425960,3,1685242601,2349820
5151600576591649050,4,1685105609,2349820
5151600576586667927,6,1684987535,2349820
5140340943319264080,3,1684748757,2349820
5140340943310967744,2,1684552023,2349820
5140340943308463877,3,1684492676,2349820
5140340943307555371,4,1684471140,2349820
5747236506605698027,8,1718173947,1056640
5746109972552274518,2,1717760342,1056640
5762994032404437785,4,1713767710,1056640
5749481331432676553,7,1711530070,1056640
6438516944124966137,4,1697221949,1056640
5839532486229464095,3,1692115519,1056640
5124584686246758228,9,1690479769,1056640
5129083846357977031,3,1686680113,1056640
5151600576607159279,3,1685473376,1056640
5151600576582144960,3,1684880376,1056640
6557848386960094683,3,1684258035,1056640
5138087875098513673,3,1683657447,1056640
5133583642655699491,6,1682709874,1056640
5133583099814680469,3,1682452325,1056640
5133583099814674340,3,1682452179,1056640
6539831519504622603,3,1681844224,1056640
5121196841307696258,3,1681243402,1056640
6839319551986253410,6,1680284640,1056640
5125698536872755083,3,1679419393,1056640
5125698536871330835,3,1679385648,1056640
5070528810307745165,3,1678737826,1056640
5070528176581228942,3,1678215401,1056640
5059268543375904843,3,1677608915,1056640
5059268099255483076,3,1677005404,1056640
5059267908811791575,6,1676494160,1056640
5059267908808537927,3,1676417053,1056640
5035622743899035136,3,1675795760,1056640
5035622109528391113,3,1675191002,1056640
5035621474426522339,3,1674502402,1056640
5035620840531915213,6,1673549769,1056640
5000716037446991180,3,1671823754,1056640
5623338145769870979,3,1671563284,1056640
4980448574127608848,3,1670955478,1056640
4979322040021917825,3,1670023670,1056640
4979322040017902573,6,1669928511,1056640
4979322040017854538,4,1669927372,1056640
4836332027674534580,3,1669749008,1056640
4836332027648993488,4,1669142909,1056640
4789043687471215769,4,1668623121,1056640
6368680725440256064,3,1668541655,1056640
4732747437224591069,4,1668018064,1056640
4732747437220947489,3,1667931709,1056640
4706851091173825590,6,1666893152,1056640
4706851091170183573,6,1666806843,1056640
4706851091170124341,4,1666805438,1056640
4714731755431219306,3,1666722449,1056640
4714731755409165023,4,1666199614,1056640
6402455182523433966,3,1666114077,1056640
6402455182509341456,4,1665779909,1056640
4589754330729176692,4,1663784511,1056640
6258337460562509509,3,1663694941,1056640
4705721386245359650,4,1663180060,1056640
4606641560267620281,3,1663098264,1056640
4606641560249096937,4,1662658906,1056640
4606641560245403134,4,1662571298,1056640
4621277624709834764,3,1662488573,1056640
4621277624691587605,6,1662055715,1056640
4621277624685338322,6,1661907478,1056640
4348798430290775266,6,1651537766,1056640
4347669995464636767,6,1648836029,1056640
5631194088573694632,6,1647286311,1056640
4235075565597148714,6,1644452568,1056640
4224937392748708691,3,1639592946,1056640
5019805792164736802,3,1623418081,1056640
3667572003456616140,6,1596673629,1056640
3664194214736250545,6,1596665974,1056640
3978319116855171439,6,1595962079,1056640
1792751526181847,2,1741117124,570
1792116353361479,5,1740500598,570
1792116353245376,2,1740190829,570
1792116353190523,5,1740048737,570
1792116353143320,9,1739926317,570
1785321795621401,2,1733445867,570
1784506359186588,2,1733256151,570
1783872411930684,4,1732063322,570
1783238125162562,2,1731457534,570
6148070194801644056,2,1731110669,570
6350729003495427479,4,1727990199,570
6240387642452311218,4,1724889165,570
5875594803675196266,2,1723662559,570
5963413728340627900,2,1722648012,570
5963413728333060882,5,1722468669,570
5759622039992555665,2,1719276949,570
5746109972547183206,2,1717639688,570
5741605105620635710,4,1716787103,570
5741605105605319496,6,1716424064,570
5762994032408097280,2,1713854447,570
5749481331438059573,4,1711657616,570
5686430301719384803,9,1711060378,570
5679673637646565913,6,1709684551,570
5728086065179923690,4,1708560381,570
5410576585197492726,4,1704765248,570
5410576585131429737,2,1703199104,570
5409450219989156298,2,1702952340,570
5409450219975267905,2,1702623097,570
5409450219974193717,9,1702597627,570
5382426458968208242,6,1700531894,570
6438516944123098880,2,1697177717,570
5220292521182246432,2,1696549241,570
5220291886484637438,9,1695849309,570
5159491482914490455,2,1694224269,570
5141476355663643691,7,1693630607,570
5141476355658840932,9,1693516730,570
5141476355657436389,9,1693482747,570
5141476355657219857,9,1693478337,570
5141476355655237781,9,1693431408,570
5839532486227123617,7,1692060037,570
5839532486216570628,2,1691809825,570
5839532486209142978,2,1691633763,570
5124585954863327106,9,1691590365,570
5124585954860945809,9,1691534722,570
5124585319868566730,9,1691527000,570
5124583599315624183,7,1689286520,570
5896948309858884360,9,1687295664,570
5896948309841106247,2,1686874655,570
5151601211227771104,6,1685665326,570
5151601211222579485,9,1685541367,570
5151601211220401902,2,1685490664,570
6557848386960240949,2,1684261501,570
6557848386950497679,4,1684030497,570
5133583642645590537,2,1682470299,570
5133583099799208278,9,1682085001,570
5133583099798669446,9,1682072310,570
5133583099797862621,5,1682053130,570
5133583099797056153,9,1682034495,570
5125698536858982908,2,1679092843,570
5125698536850978678,4,1678903122,570
5070528176580190539,7,1678190595,570
5070528176578217258,9,1678144026,570
5059268543374821661,9,1677581592,570
5059268543373304374,2,1677547284,570
5035620840529329679,2,1673488492,570
5000716037445767683,7,1671792785,570
5000716037443840781,2,1671749087,570
4980448574113914247,2,1670630785,570
4979322040036400759,6,1670367073,570
4979322040018182217,6,1669935148,570
4979322040012862165,9,1669808036,570
4836332027674880256,7,1669757203,570
4789043687468699920,2,1668563189,570
4613399405938511988,2,1665022386,570
4588629064126603862,2,1664836396,570
4589754330751325691,7,1664309768,570
4705721386245122962,9,1663172588,570
4705721386242490536,9,1663112026,570
4621277624688806533,2,1661989748,570
4514316500022310323,7,1661898795,570
4584122114611430661,9,1661294645,570
4598757090448048396,6,1659567906,570
4937651144701328700,2,1658185362,570
4591999790061001422,4,1657670515,570
4539082035577982094,9,1657646687,570
4474904295778019790,3,1657133632,570
4474904295756587480,6,1656625281,570
4474904295752797573,7,1656535393,570
4474904295749584223,2,1656459177,570
4480532526715766609,9,1654733388,570
4348799082190781976,9,1651768679,570
4348799082190395813,9,1651759396,570
4348799082187871635,3,1651699738,570
4348798430268729951,3,1651014819,570
4258723269511681941,2,1648213124,570
4258723269509561325,6,1648162912,570
5631194088564122295,7,1647059187,570
4247462367424845537,6,1646179938,570
4246335832526294071,2,1646139014,570
4246335832524447745,2,1646095592,570
4246335832510333972,2,1645760781,570
4246335832508313756,0,1645712317,570
4246335832505905090,9,1645655724,570
4246335198903105405,9,1645356611,570
4237326104324790364,2,1643414807,570
4237326104324788257,3,1643414757,570
4224939931847531871,2,1642545179,570
4224939931847404876,6,1642542170,570
4224939931823122658,3,1641966033,570
4224938027293965171,2,1640136248,570
5320438099052094284,2,1640044790,570
4224935490658950111,6,1638397147,570
4224935490630088669,1,1637712411,570
4227186657137272586,9,1637154398,570
4971406207535063232,2,1637023740,570
4186652991107074076,4,1635974137,570
4186652991106962913,4,1635971400,570
4186652357040214057,2,1635810321,570
4186652357029093470,2,1635546360,570
4069556867220799485,1,1634003754,570
4069556867220445069,1,1633995215,570
4069556867218343313,1,1633945396,570
4069556867216723114,1,1633907100,570
4069556867213330861,1,1633826861,570
4069556867212773934,1,1633813512,570
4069556867209888050,1,1633744704,570
4069556867209457522,1,1633734498,570
4069556867205937497,1,1633651049,570
4069556867202620175,1,1633572571,570
4069556867202341548,1,1633565791,570
4069556867202189652,1,1633562055,570
4069556867202063239,1,1633558997,570
4069556867200011276,1,1633510728,570
4069556867198947847,1,1633485165,570
3938951840899362601,1,1633462760,570
3938951840895969778,1,1633382625,570
3938951840889082686,1,1633219146,570
3938951840886019145,1,1633146261,570
3938951840885360738,1,1633130753,570
3938951840884955418,1,1633121358,570
3938951840884803453,1,1633117247,570
3936699406888980676,1,1632855583,570
3936699406885841254,1,1632781198,570
3936699406880600578,1,1632656975,570
3936699406880321945,1,1632650380,570
3936699406879385549,1,1632628054,570
3936699406874702478,1,1632516942,570
3936699406871714235,1,1632445917,570
3936699406871410433,1,1632438725,570
3936699406870600087,1,1632419474,570
3936699406867840225,1,1632353696,570
3936699406864115336,1,1632265317,570
5418383147754758059,1,1632254888,570
5418383147751871167,1,1632186434,570
5418383147743846338,1,1631995918,570
5418383147740504805,1,1631916637,570
5418383147738861973,9,1631877818,570
5418383147737288926,1,1631840237,570
5418383147737035783,1,1631834325,570
5418383147736731957,1,1631826849,570
3936698772939234769,1,1631663859,570
4020014731807281364,1,1631487561,570
4020014731804774531,1,1631428028,570
4020014731804545897,2,1631423119,570
4020014731804572046,1,1631423095,570
4020014731802040804,1,1631363390,570
4020014731801180181,1,1631342605,570
4020014731789153098,1,1631057321,570
4020014099104564315,1,1630975752,570
4020014099093198172,1,1630705709,570
4020014099089375207,1,1630615286,570
4020014099085982648,1,1630534437,570
4020014099085751386,6,1630529446,570
4020014099085754881,1,1630529354,570
4018887653987916137,1,1630167470,570
4018887653978598656,1,1629946285,570
4018887653978219154,1,1629937150,570
4022264629330606680,1,1629836408,570
4022264629325655527,2,1629718988,570
4022264629324732916,1,1629697126,570
4022264629316708373,1,1629506323,570
4022264629313239691,1,1629424116,570
4022264629309669633,1,1629339247,570
4022264629308834486,1,1629319302,570
4022264629307696067,2,1629292458,570
4022264629307188132,1,1629280729,570
4022264629306782924,1,1629267230,570
4022264629306782928,1,1629256700,570
4022264629305879303,9,1629249802,570
4022264629306757770,1,1629249796,570
4516534149071543960,1,1629157352,570
4516534149061469192,1,1628917919,570
4516534149060608624,1,1628897878,570
4516534149060203481,1,1628887812,570
4516534149056709856,1,1628804422,570
4032396530957681876,1,1628572460,570
4032396530956163194,1,1628536020,570
4032396530946114877,1,1628297930,570
4032396530942291190,1,1628206996,570
4032396530942088671,1,1628202396,570
4032396530941177245,1,1628180390,570
4038025597330505113,1,1628012329,570
4038025597317596825,1,1627705874,570
4038025325477423962,1,1627670836,570
4038025325474081271,1,1627592001,570
4038024692291166823,1,1627080561,570
4038024692288128268,1,1627008139,570
4038024692287596934,1,1626995455,570
4204657340181430912,1,1626733644,570
4204657340177303532,1,1626636203,570
4204657340170191515,1,1626467446,570
4036898156494611045,1,1626307542,570
4036898156490889179,1,1626218894,570
4036897704070601784,1,1626195770,570
4036897704067411341,1,1626119722,570
4036897704067208849,1,1626115429,570
4036897704057717580,1,1625889932,570
4036897704057135693,1,1625875952,570
4032392655111996739,1,1625685242,570
4032392655109541225,1,1625627337,570
4032392655109363655,1,1625623036,570
4032392655108103168,6,1625593377,570
4032392655108123405,1,1625593358,570
4032392655104604979,1,1625510005,570
4032392655093925419,1,1625254529,570
4032392655089976780,1,1625162517,570
4032392655087192066,1,1625096586,570
4032392655085926426,1,1625066724,570
4032392655084685640,1,1625036933,570
4032392655082812870,1,1624992816,570
4032392655082610387,1,1624987724,570
4032392655082475985,4,1624984961,570
4032392655082483627,1,1624984942,570
4032392655080104203,1,1624928353,570
4032392655070487546,1,1624699955,570
4032392655069703197,1,1624681335,570
4032392655068336629,1,1624648614,570
4032392655065526488,1,1624581905,570
4032392655064741517,1,1624563464,570
4032392655062512855,1,1624510712,570
4032392655062082473,1,1624500462,570
4032392655061854865,1,1624495089,570
4032392655061778775,1,1624493464,570
4032392655061576231,1,1624488740,570
4056035920070765657,3,1624314508,570
4056035920059561961,1,1624047859,570
4093189347058716986,1,1623100334,570
4093189347048038580,1,1622846899,570
4093189347044394032,1,1622759861,570
4093189347039332553,9,1622639852,570
4093189347037510159,1,1622596794,570
4093189347037282540,1,1622591165,570
4093189347037260559,6,1622591155,570
4069544815351585946,6,1622009735,570
4069544815351579315,1,1622009181,570
4069544181447264134,1,1621970411,570
4069544181446140287,9,1621944177,570
4069544181444303071,1,1621900589,570
4069544181433220341,1,1621637206,570
4069544181427956537,2,1621512150,570
4069544181426675858,6,1621482213,570
4069544181426639881,1,1621481164,570
4767601588129542234,2,1621361788,570
4767601588129519022,1,1621361006,570
4767601588129510718,2,1621360980,570
4767601588125824073,1,1621273105,570
4767601588111955771,3,1620944178,570
4767601588111954107,1,1620943767,570
4105572344342140423,1,1620796927,570
4105572344341685051,1,1620786342,570
4105572344341305387,1,1620777124,570
4072920612520953376,6,1620763556,570
4072920612499470303,1,1620253029,570
4072920612498862941,1,1620238642,570
4074045878089040657,1,1620094209,570
4074045878085674158,1,1620013917,570
4074045878078159922,1,1619835747,570
4074045878074515269,1,1619749023,570
4074045878074084980,1,1619738638,570
4074045878067452735,1,1619581360,570
4074045878066921116,1,1619568928,570
4074045244023362516,1,1619560224,570
4074045244020451645,1,1619490783,570
4074045244020147998,1,1619483938,570
4074045244019692559,1,1619472851,570
4074045244004230638,1,1619106120,570
4074045244002079326,1,1619055083,570
4074045244001851465,1,1619049357,570
4074045244001370877,1,1619038219,570
4074045243998282560,1,1618964720,570
4074045243998130744,1,1618961318,570
4570566565007916090,1,1618874959,570
4570566565007232929,1,1618858543,570
4570566565006523669,1,1618841422,570
4570566565003386172,1,1618766894,570
4570566564999970889,1,1618685835,570
4570566564997794028,1,1618634259,570
4570566564997515566,1,1618628018,570
4570566564995693372,1,1618584193,570
4570566564993061297,1,1618522093,570
4570566564992656341,1,1618512333,570
4570566564992584600,2,1618511045,570
4054904311340253832,2,1618434300,570
4054904311340271615,1,1618434264,570
4054904311339689581,1,1618420385,570
4054904311337537738,1,1618369630,570
4117954073018248106,2,1618349402,570
4117954073018273105,1,1618349394,570
4117954073017558615,9,1618332682,570
4117954073015363586,1,1618280702,570
4117954073015042869,4,1618273292,570
4117954073015034575,1,1618272521,570
4117954073014427454,1,1618258427,570
4117954073011315560,1,1618184165,570
4117954073007875162,1,1618102933,570
4117954073007647666,1,1618097194,570
4117954073007617555,2,1618096942,570
4117954073004738243,1,1618028406,570
4117954073004434973,1,1618021027,570
4117954073004232618,1,1618016351,570
4117954073004105965,1,1618013443,570
4117954073003929062,1,1618008732,570
4117954073003751816,1,1618004714,570
4117954073003549427,1,1617999962,570
4117954073003397617,1,1617996105,570
4117954073003347001,1,1617995114,570
4117954073003321659,6,1617994915,570
4117954072995907777,1,1617818658,570
4023377846291646222,1,1617674545,570
4023377846291292103,1,1617666275,570
4023377846273126500,1,1617234861,570
4023377846272291438,1,1617214911,570
4023377846270696842,1,1617177300,570
4023377846269786152,1,1617155567,570
4026755437314255796,1,1617062723,570
4026754911357555492,1,1616974650,570
4026754911357302550,1,1616968744,570
4026754911353205013,1,1616871444,570
4026754911352901466,1,1616863979,570
4026754911351282400,1,1616825705,570
4026754911350852216,1,1616815681,570
4026754911350523561,1,1616807420,570
4026754911349713973,1,1616788582,570
4026754911346953105,1,1616723078,570
4026754911346497725,1,1616712092,570
4026754911346320743,1,1616707798,570
4026754911345080200,1,1616678159,570
4026754911344755504,9,1616670787,570
4026754911344699684,9,1616667186,570
4026754911344426146,9,1616662951,570
4026754911344422249,1,1616662679,570
4026754911343891152,1,1616650019,570
4026754911343537030,1,1616641717,570
4026754911343359804,1,1616637712,570
4026754911343729974,9,1616635440,570
4026754911343157462,1,1616632758,570
4026754911343132323,1,1616631954,570
4048146376725445443,1,1616437110,570
4048146376715580110,1,1616202902,570
4048146376712569312,1,1616131120,570
4048146376707761231,1,1616017194,570
4048146376707027477,1,1615999468,570
5556851879146050125,1,1615740689,570
5556851879142913931,1,1615666218,570
4058279008613797665,1,1615581346,570
4057152305731446384,1,1615310657,570
4057152305728866026,1,1615249141,570
4057152305717078128,1,1614969099,570
4057152305709841514,1,1614797558,570
4060529371721665168,1,1614722716,570
4060529371721412187,1,1614717228,570
4060529371718375526,1,1614645112,570
4060529371718299803,1,1614642976,570
4060529371717553886,6,1614625702,570
4060529371717515320,1,1614624381,570
4060529371713771240,1,1614535703,570
4060529371707902543,1,1614395865,570
4060529371706992222,1,1614374257,570
4060529371703981202,1,1614303015,570
4060529371699904347,1,1614206421,570
4059402835325921049,1,1614038223,570
4059402835324960027,1,1614015597,570
4059402835321570119,1,1613934750,570
4059402835318104987,1,1613852524,570
4059402835315473914,1,1613790240,570
4059402835315347603,1,1613787290,570
4059402835314613860,1,1613769860,570
4059402835314602418,4,1613769480,570
4059402835312791830,1,1613726476,570
4059402835310236659,1,1613665675,570
4059402835308516376,1,1613624975,570
4059402835307200901,1,1613593757,570
4059402835304594490,1,1613531954,570
4059402835304114086,1,1613520722,570
4703417046216020026,1,1613440676,570
4703417046215033697,1,1613417217,570
4703417046214932484,1,1613414902,570
4703417046204308282,1,1613162878,570
4703417046200183749,1,1613064682,570
4053772703627850280,1,1612926399,570
4051520458188363004,1,1612903273,570
4051520458188135491,1,1612897429,570
4051520458185757165,1,1612841336,570
4051520458185453643,1,1612834093,570
4051520458185074033,1,1612825029,570
4051520458184644043,1,1612814455,570
4051520458184365520,1,1612808293,570
4051520458182720903,1,1612768865,570
4051520458174017585,1,1612562223,570
4051520458173663347,1,1612553767,570
4051520269926787347,1,1612468880,570
4051520269923573719,1,1612392489,570
4051520269922966326,1,1612377922,570
4050393736357264407,1,1612292233,570
4050393736353494940,1,1612202837,570
4050393736343073559,1,1611955106,570
4050393736342592633,1,1611943432,570
4050393736335356200,1,1611772008,570
4050393736333054141,1,1611716917,570
4050393736333011460,2,1611714120,570
4043637702567156164,1,1611702298,570
4043637702563640177,1,1611618815,570
4043637702552232550,1,1611347623,570
4043637702548285529,1,1611253770,570
4043637702545275038,1,1611182781,570
4043637702542315413,1,1611112108,570
4043637702541731298,1,1611098504,570
4483864038821551789,1,1611086085,570
4483864038821425121,1,1611082624,570
4483864038804376874,1,1610677894,570
4043637067847692097,1,1610582321,570
4043637067844049550,1,1610496361,570
3942305442261272706,1,1610414633,570
3942305442260766832,1,1610402522,570
3942305442258211846,1,1610342389,570
3942305442258034839,1,1610337665,570
3942305442253331263,1,1610226371,570
3942305442250346787,1,1610155190,570
3942305442249664060,1,1610139234,570
3942305442248329046,9,1610107654,570
3942305442246903885,2,1610073895,570
3942305442246628648,1,1610067266,570
3942305442246503506,2,1610055120,570
3942305442242984439,1,1609980365,570
3942305442242478645,1,1609968394,570
3917534300118272931,1,1609884321,570
3917534300115414824,1,1609816789,570
3917534300112946232,3,1609757684,570
3917534300082461403,1,1609033738,570
3917534300076265350,1,1608886408,570
3917534300075860694,1,1608877080,570
3917534300075152596,1,1608860281,570
3917534300072876149,1,1608806083,570
3917534300071990770,1,1608784787,570
3917534300070827164,1,1608757172,570
3917534300070017467,1,1608738128,570
3917534300069891091,1,1608735058,570
3917534300068271864,1,1608696624,570
3917534300068249142,4,1608695340,570
3917534300067437338,1,1608677139,570
3917534300067433923,2,1608677100,570
3917534300066120987,1,1608645815,570
3917534300065716115,1,1608635976,570
3917534300065083558,1,1608621126,570
3917534300064577725,1,1608609048,570
3917534285230373074,1,1608594836,570
4090922416508066777,1,1608517632,570
4090922416507111905,1,1608494973,570
4090922416505176945,1,1608448807,570
4090922416504448163,1,1608431164,570
4090922416504297389,1,1608427587,570
4090922416503995866,1,1608420393,570
4090922416501633628,1,1608363825,570
4090922416501080711,1,1608350429,570
4090922416501016577,2,1608349140,570
4090922416500980203,1,1608348058,570
4090922416500929944,1,1608347226,570
4090922416500699601,2,1608341880,570
4090922416500703761,1,1608341798,570
4090922416500678629,1,1608340902,570
4090922416500226208,1,1608330481,570
4090922416500125548,1,1608328042,570
4090922416499899355,1,1608322219,570
4090922416499773662,1,1608319426,570
4090922416498542720,4,1608290211,570
4090922416498189726,1,1608281532,570
4090922416497913279,1,1608275229,570
4090922416497737385,1,1608270952,570
4090922416497561478,1,1608266668,570
4090922416497385590,1,1608262374,570
4090922416497234814,1,1608258965,570
4090922416497008665,1,1608253128,570
4090922416496860307,9,1608249235,570
4090922416496807609,1,1608248566,570
4090922416496505844,1,1608241408,570
4090922416496489102,6,1608241340,570
3879252510649701820,9,1608047005,570
3856733878310976053,1,1607391302,570
3856733878288960440,1,1606864921,570
3856733252025493698,6,1606859971,570
3856733252025440457,1,1606858574,570
3856732611030174578,1,1605752390,570
3872494575603769218,1,1605571710,570
3872494575589464302,1,1605230388,570
3872494575588759173,1,1605213407,570
3872494575588658406,1,1605210824,570
3887130640408740810,1,1604962194,570
3887130640397656838,1,1604696820,570
3887130640389988553,1,1604513647,570
3884878205233369910,1,1604427936,570
3884878205230761440,2,1604366140,570
3884878205230780195,1,1604366061,570
3884878205229975766,1,1604347096,570
3884878205220725841,1,1604125785,570
3884878205220248369,1,1604114718,570
3884878205219770767,1,1604103302,570
3884878205219670224,1,1604100561,570
3884878205219569675,1,1604098275,570
3884878205217306659,1,1604044032,570
3884878205217055325,1,1604037913,570
3884878205216653205,1,1604028833,570
3884878205216602935,1,1604027530,570
3884878205216401867,1,1604022423,570
3884878205216275346,1,1604019834,570
3884878205215998881,1,1604012971,570
3884878205215445761,1,1603999444,570
3884878205215395467,1,1603998414,570
3895010671353349758,1,1603761531,570
3895010671352922432,1,1603751173,570
3895010671352268708,1,1603735296,570
3895010671331481193,1,1603238773,570
5422856308630700766,1,1603218109,570
5422856308627911012,1,1603152076,570
5422856308627006293,1,1603130021,570
5422856308623487502,1,1603046086,570
5422856308616978295,1,1602890419,570
5422856308614900965,9,1602841270,570
5422856308613383953,1,1602804471,570
5422856308613057260,1,1602796811,570
3854477638702404837,1,1602722375,570
3854477638702397191,2,1602722040,570
3853351107568319234,1,1602616537,570
3853351107568303710,2,1602613920,570
3853351107554620184,1,1602288107,570
3853351107554441967,1,1602284340,570
3853351107554340590,1,1602281988,570
3807188575854464646,1,1601689442,570
3807188575846171104,1,1601491460,570
3715990047699463333,1,1601071049,570
3715990047694250810,6,1600947106,570
3715990047692374464,1,1600902031,570
3715990047692364491,4,1600901820,570
3715990047690062121,1,1600818508,570
3715990047690053434,1,1600807997,570
3819572206286342455,1,1600393466,570
3819572206286342470,1,1600315347,570
3819572206286342478,1,1600308735,570
3788045105525832805,9,1598580600,570
4828375451924547554,6,1597455420,570
3664193578961119579,2,1596150960,570
3978319116841430558,2,1595633460,570
4738301364297637122,2,1595294220,570
4738301002605372470,2,1595034039,570
4738301002604178567,9,1595005493,570
4738301002601802820,2,1594948696,570
3898379576089292991,2,1594898340,570
3444639924510344858,2,1593480482,570
3384966595886059444,4,1592864760,570
3384966595875392048,2,1592609700,570
3384966595864552370,0,1592349360,570
3309530667981019872,7,1591994340,570
3157533729860404966,4,1591470960,570
3157533729866307018,9,1591368349,570
3157533548742496862,9,1591310820,570
3142896212105325989,9,1591067100,570
4742798964251369763,4,1589831820,570
3112493747263759174,4,1587573840,570
2978509755346559127,2,1585859100,570
2978509755343706442,0,1585788540,570
2984138620246140136,4,1585260060,570
2698159409971405753,7,1584576479,570
2579938650925082531,9,1583452620,570
2578812118968492038,4,1583182200,570
2578812118950904394,2,1582765500,570
2582187916854039158,7,1581443160,570
2582187916836742167,2,1581029700,570
2597949245063682537,4,1580181120,570
2597949245052531606,7,1579911960,570
3690071589842569948,9,1579216200,570
2592316573917205960,0,1578421680,570
2592316573902940142,2,1578089280,570
2592316573874485356,2,1577409660,570
2592316573848355117,7,1576784940,570
3370312875267752000,9,1576619100,570
2587811707181639696,8,1575928740,570
2587811707169072093,2,1575630060,570
2587811707160952387,2,1575435900,570
2551782186275163744,2,1575341340,570
2551782186262802406,2,1575044880,570
2551782186253167908,4,1574816280,570
2551782186253042115,4,1574811840,570
2551782186252772868,2,1574806457,570
2551782186252321694,2,1574796213,570
2551782186252331841,9,1574795976,570
3657414904092612581,2,1573770720,570
2448197582035255379,3,1573520340,570
2448197582013840042,3,1573008180,570
2404285581865502481,3,1571429640,570
2404285581858885031,3,1571271300,570
3051677487680058450,7,1570830993,570
3051677487676270896,9,1570740763,570
2422298078084454528,9,1569526289,570
3658535001298934199,2,1568474280,570
2413289226960413980,4,1567815120,570
2413288973189805696,3,1567712580,570
2412160539859423306,2,1565397960,570
2412160539856140419,9,1565319697,570
2412160539852424657,9,1565229900,570
2412159905926779661,7,1564684320,570
2413284533090077004,6,1563401573,570
2436927798946459333,2,1562803140,570
2436926440586289461,2,1562104500,570
2436926440572262604,3,1561769160,570
2411028931137420082,0,1559766120,570
2400895196203738477,2,1559199060,570
2905297189245843283,4,1557972000,570
2405396896213894251,4,1557532260,570
2404270358319239866,9,1556733651,570
2508976515637846714,7,1554252433,570
2530366080611492132,7,1552349520,570
2534869043323026064,2,1551809520,570
2480825216194198284,6,1550879040,570
3702426087243221917,4,1550275500,570
2461683368400901915,2,1549925220,570
2462808987396568659,4,1549063440,570
2425653583401161522,2,1548788400,570
2425653583401161527,2,1548787140,570
2711631078215438279,2,1547165820,570
2416641943185682737,2,1544423340,570
2416641943176658836,2,1544207460,570
2415515408474811524,2,1543634820,570
2415514774176908071,2,1543089780,570
2415514774176908072,2,1543088580,570
2415514774163410790,2,1542767040,570
2423394806001496982,2,1541794560,570
2407631572320306246,2,1541007360,570
3594328263089746941,2,1539353940,570
3167611029748300806,2,1538100480,570
2450412598623441514,2,1538077200,570
2450411965546307175,7,1537314660,570
2454914931404033812,2,1536965460,570
2454914931400013032,9,1536869640,570
2447032995763596184,8,1536187020,570
2447032361195942544,2,1535834820,570
2447032361195942604,2,1535834340,570
2447032361192697675,2,1535757300,570
2447032361185497348,2,1535586000,570
2444779293773571273,2,1534705620,570
2444779293767366163,3,1534557587,570
2454911758759679878,4,1534279800,570
2454911758756050440,2,1534187640,570
2451533424650425097,4,1533593220,570
2451533424639440140,2,1533331200,570
2451533424636561374,4,1533260760,570
2462791699389592707,2,1533073440,570
2462791699382596392,2,1532906160,570
2462791699382596393,2,1532905080,570
2412125660643941008,2,1532235300,570
2838841185448169497,4,1531760760,570
2838841185442491023,2,1531624020,570
2434643023998640849,9,1531343454,570
2434643023998548039,2,1531340460,570
2434643023998548042,2,1531340040,570
2499943313674726670,9,1530654144,570
2499943313671239506,4,1530570600,570
2499943313659845677,3,1530298260,570
2499943313646304436,2,1529972520,570
2842216343265097089,2,1529106600,570
2842216343264601418,2,1529094780,570
2842216343260951141,7,1529007000,570
2431262783618234622,2,1528842000,570
2431262152945879746,2,1528641540,570
2431262152939581903,4,1528487700,570
2431262152935958656,4,1528405140,570
2396358622002646748,4,1527901140,570
2396358621998721838,7,1527807060,570
2394106369064238517,3,1527634260,570
2394106369056203165,9,1527441120,570
2394106188075377652,4,1527097860,570
2391853754540469652,4,1526679060,570
2391853754530028422,4,1526430060,570
3822871998315478017,6,1526091240,570
3822871998310080606,2,1525962060,570
2394104918722070443,2,1525898280,570
2394103650888246653,2,1524750420,570
2758894130331305387,2,1524597180,570
2394103650882541787,2,1524597180,570
2758894130310112733,7,1524090360,570
2758894130313627292,7,1524090360,570
2758894130292618555,2,1523667840,570
2758894130313627294,2,1523667840,570
2394102381818508844,2,1523559720,570
2758894130313627300,2,1523559720,570
2394101748799411097,9,1522954560,570
2758894130313627301,9,1522954560,570
2383968628754528192,2,1522787870,570
3819571008275050756,2,1522787870,570
2383968106570369298,2,1522345860,570
2758894130313627306,2,1522345860,570
2383968106569665536,2,1522332540,570
2758894130313627307,2,1522332540,570
2365952982530019143,2,1521752820,570
2431262152929200559,2,1521752820,570
2982945658370153140,2,1521566040,570
2431262152929200560,2,1521566040,570
2982945658356704462,2,1521244500,570
2431262152929200561,2,1521244500,570
2982945658352997224,2,1521154920,570
2431262152929200562,2,1521154920,570
2363700548703411410,2,1521126180,570
2431262152929200563,2,1521126180,570
2363699913372319507,4,1520545380,570
2431262152929200566,4,1520545380,570
2363699280668460595,2,1520184480,570
2431262152929200568,2,1520184480,570
2363699280665030108,2,1520103540,570
2363699280665030111,2,1520102520,570
2363699280661560126,9,1520020008,570
2363699280657988261,2,1519934520,570
2361446846785332478,4,1519761780,570
2361446846767279257,2,1519330920,570
3263292409711730017,2,1519157520,570
3263292131053010229,2,1518724620,570
2363698013322300940,0,1518637860,570
2363696743814824099,2,1517861820,570
2363696743803175961,9,1517582279,570
2363696743800457066,3,1517518509,570
2363696743799321264,9,1517489925,570
2747626897949779668,2,1516133100,570
2442505391491464230,2,1513709280,570
2442505391477660360,0,1513385760,570
2163281492537092949,9,1513112100,570
2163281492514989096,2,1512581880,570
2758894130313629845,2,1512581880,570
2152021858915450956,2,1512504360,570
2758894130313629846,2,1512504360,570
2149769425933834306,2,1511901060,570
2758894130313629851,2,1511901060,570
2149769425918040010,9,1511458146,570
2149769425909272673,4,1511313720,570
2758894130313629852,4,1511313720,570
2486412956117617925,7,1511223900,570
2758894130313629856,7,1511223900,570
2486412956106221932,2,1510951440,570
2394103650882776455,2,1510951440,570
2486412956102419477,2,1510860360,570
2394103650882776456,2,1510860360,570
2143013295365981916,7,1510706280,570
2394103650882776457,7,1510706280,570
2143013295365017086,2,1510683180,570
2394103650882776458,2,1510683180,570
2143012757615774927,2,1510354860,570
2394103650882776461,2,1510354860,570
2143012757612465252,2,1510275720,570
2394103650882776462,2,1510275720,570
2143012757611844999,2,1510260840,570
2143012757608309485,2,1510176300,570
2143012757611917811,7,1510176300,570
2140760316609426594,2,1510095000,570
2140760316606082027,4,1510015020,570
2140760316603307222,2,1509948660,570
2140760316594703941,9,1509742806,570
2140760316591609985,2,1509667860,570
2140760316587960795,9,1509581930,570
2140760316587547277,2,1509568800,570
2140760316584760507,6,1509505491,570
3819571008275051005,6,1509505491,570
2140759684360410304,9,1509447021,570
2140759684358065223,9,1509394264,570
2140759684347234378,4,1509135720,570
3111284858374841043,9,1508510718,570
2175660043483905385,2,1507066200,570
2094592080072717525,2,1503701640,570
2709332890286939610,2,1503365100,570
2709332890282842548,2,1503266520,570
2709332890275386355,2,1503084840,570
2093465546038209862,0,1502900460,570
2394103650883927826,0,1502900460,570
2093464278174034635,4,1502166120,570
2758894130313748414,4,1502166120,570
2093464278155580266,7,1501728240,570
2758894130313748416,7,1501728240,570
2093463643467881613,9,1501540190,570
2093463643464103991,4,1501449900,570
2758894130313748421,4,1501449900,570
2093463643457370966,9,1501275540,570
2758894130313748422,9,1501275540,570
2093463643449872860,0,1501109700,570
2093463643449712044,4,1501030500,570
2093463643449712047,4,1500943560,570
2093463643449712048,4,1500936900,570
2079952210065720822,2,1500496860,570
2472890725415234661,4,1500412620,570
2472890725401051971,2,1500073500,570
2472890725393606421,4,1499895420,570
2078825132651501190,2,1499810640,570
2078825132648301620,2,1499735040,570
2078825132648301623,2,1499734260,570
2078825132633571268,3,1499382540,570
2564086801873975302,2,1499049420,570
2564086801865382533,4,1498844400,570
1980870483556229138,4,1498146000,570
1980870483553142737,2,1498073820,570
3044845282403360125,2,1497914340,570
3044845282388264240,4,1497552600,570
3044845282388259217,7,1497543000,570
3044845282385099330,2,1497477600,570
1981995748083136090,2,1497402000,570
1967358417050366230,7,1497307740,570
1967358417045714494,2,1497197940,570
1904307386959827672,4,1496445240,570
1904307386952371172,2,1496250240,570
1904306757826308683,2,1496058540,570
1904306757809912086,2,1495665300,570
1904306376106527587,7,1495560823,570
3819571008275059192,7,1495560823,570
1904306376099688821,4,1495395600,570
1904306376099538086,2,1495392480,570
2423345440405910656,6,1494525180,570
1869401952314879095,2,1494354120,570
1869401952311391416,4,1494269400,570
1869401952297786351,2,1493943960,570
1858142318042747438,0,1493661600,570
1858142318028786830,0,1493327820,570
1858141774319788494,4,1493076180,570
1858141774304931332,9,1492722207,570
3819571008275059498,9,1492722207,570
1858141774304923675,2,1492721220,570
75841595748329072,2,1492107120,570
75840229413571268,2,1491772380,570
75840229413571299,2,1491772200,570
75840229413571300,2,1491771840,570
75840229413571303,2,1491769260,570
75840229413571306,2,1491765780,570
75840229399563679,3,1491437520,570
75840229377259690,3,1490904420,570
75840229373739880,4,1490820420,570
75840229370586862,4,1490743500,570
75839596809852035,2,1490291160,570
75839596806867360,2,1490222760,570
75839063733546590,2,1490056320,570
75839063722493823,2,1489792500,570
75838960585610236,6,1489619381,570
3819571008275059838,6,1489619381,570
75838332272344755,2,1489440660,570
75838332261111369,2,1489172100,570
75838332254351316,4,1489009740,570
75838332254351317,4,1489008960,570
75837698153185373,2,1488832020,570
75837698143125298,2,1488591240,570
75837063476732788,2,1487984940,570
75837063469307494,4,1487807640,570
75836429560663967,2,1487719560,570
75836429546450749,2,1487379900,570
75836429545629000,2,1487360280,570
75836429539004087,2,1487201700,570
75835955404778645,2,1487034660,570
75835794572333642,2,1486611382,570
3819571008275060228,2,1486611382,570
75835794572322132,2,1486602480,570
75835160708430677,9,1486489507,570
75835160694984788,2,1486168560,570
75835160690707099,2,1486066200,570
75835160687034766,2,1485978420,570
75835160684314209,2,1485913500,570
75834707999763891,2,1485716040,570
75834707993329185,6,1485562080,570
75834707992681120,2,1485547200,570
83715191681675042,2,1485297240,570
83715191678253190,2,1485215400,570
3819571008275060337,2,1484962642,570
83715191667679184,2,1484962642,570
83715191667667630,2,1484960400,570
83715191663979487,4,1484874000,570
84840457415145833,2,1484695920,570
84840457407526701,2,1484513400,570
84840457400966020,2,1484356680,570
84840457397041614,2,1484263140,570
84840457396423478,2,1484248380,570
84840457393581984,2,1484180400,570
84840457390253283,4,1484100780,570
84839823711894999,2,1484003400,570
84839823701215984,2,1483748100,570
84839823697620212,2,1483662240,570
91593954436267425,2,1483483380,570
91593954433162210,2,1483409220,570
91593954389388645,2,1482361680,570
91593954386386490,2,1482286440,570
91593398114600493,7,1482182760,570
91593398096670988,2,1481752857,570
3819571008275060443,9,1481589433,570
91592690506413557,9,1481589433,570
91592690505318466,9,1481563148,570
91592690504382353,9,1481540566,570
91592690501870373,9,1481480442,570
3819571008275060500,9,1481429182,570
91592690499711420,9,1481429182,570
136626147595044774,2,1478726760,570
182787402056535274,7,1478566500,570
182787402045262195,2,1478296920,570
212060165293307013,7,1477614240,570
212060165289227107,7,1477516800,570
212060165286111990,7,1477442280,570
234577531178609703,2,1477360800,570
234577531167561707,2,1477096620,570
241332569603541842,2,1476770700,570
241332569603546865,2,1476770700,570
241332569603541843,2,1476770220,570
241332569603541844,2,1476769860,570
241332296595908006,2,1476400800,570
241332296588894430,7,1476233040,570
243583460815225253,2,1476144900,570
243583460804566752,2,1475890080,570
243583460803908650,2,1475874420,570
243583460800444830,4,1475791620,570
243582826900133086,7,1475526720,570
243582826898427952,9,1475485984,570
243582826895557029,2,1475417280,570
243582826882628110,2,1475108280,570
243582077050756003,2,1474408200,570
243582077047463761,2,1474329540,570
243581623177578338,0,1473895320,570
243581103973332884,2,1473807600,570
243581103969682576,2,1473720120,570
243581103955506941,0,1473381360,570
243580289136123410,0,1473273000,570
243580289133491039,2,1473210240,570
243580289119665912,2,1472850120,570
243580289111627200,9,1472687040,570
250335145785453280,3,1472265960,570
250335145781417028,2,1472169480,570
252586225991732794,9,1471978127,570
3819571008275061321,6,1471973643,570
252586225991534458,6,1471973643,570
252586225977850668,2,1471459560,570
252584317727368220,9,1469839680,570
252584317727095697,2,1469832960,570
252584317723366006,2,1469743980,570
252584317721982680,9,1469710911,570
252584317721698262,9,1469703430,570
252584317720553204,4,1469676480,570
3819571008275207493,9,1469664242,570
252584317720026772,9,1469664242,570
252584317720023138,2,1469664060,570
3819571008275212342,2,1469568374,570
251457560661844037,2,1469568374,570
252584317719616840,2,1469563200,570
258212550634270719,4,1468708440,570
258212550631176663,2,1468634400,570
257086017116676556,2,1468271580,570
257086017102990771,2,1468020300,570
257086017098935857,7,1467923280,570
257086017095287977,2,1467836160,570
250329347097802056,2,1467466680,570
250329347087958679,2,1467240600,570
250329347084029251,2,1467146580,570
250328813715450212,9,1466539860,570
250328813697801744,2,1466117880,570
249202181077092040,2,1465860120,570
3819571008275229825,9,1465838992,570
249202181076192906,9,1465838992,570
249202181074376623,2,1465791720,570
3819571008275229878,4,1465597631,570
249202181066098730,4,1465597631,570
249202181066099688,4,1465597440,570
249201544490152089,2,1464986520,570
249201544486582190,2,1464901800,570
249201544483279055,2,1464822480,570
255956312818408324,2,1464734580,570
255956312807005982,6,1464461220,570
255956312803592324,2,1464379560,570
255956312800648151,2,1464309900,570
255956312797015043,2,1464222660,570
255956312793361193,2,1464134280,570
255955672072396893,5,1464047760,570
255955672067804163,2,1463936280,570
255955672061686774,2,1463790900,570
255955672058021634,2,1463704200,570
255955126815417193,4,1463162460,570
255954571302080861,2,1462837980,570
255954571294399216,2,1462651200,570
255954571291093659,2,1462573620,570
255954571287395076,4,1462487100,570
255953775633503404,2,1462312560,570
255953775629922565,2,1462226580,570
255953775621574569,2,1462026780,570
255953775619441785,2,1461976620,570
255953775615590484,2,1461884520,570
255953140190989404,2,1461701220,570
255953775614452139,9,1461700800,570
255953775614452148,9,1461617331,570
255953140187329153,9,1461614308,570
3819571008275269884,9,1461606329,570
255953140186992085,9,1461606329,570
260456194809213823,2,1461097440,570
260456194791254062,2,1460671680,570
260454846527938169,0,1460585280,570
260454846524216185,2,1460497500,570
260454846497913442,3,1459868280,570
260454846480947078,2,1459463160,570
260454846480328683,2,1459448520,570
260454846477494198,7,1459377960,570
260454846476677448,2,1459361040,570
272839101189976018,2,1459295880,570
272839101186609131,2,1459215180,570
272839101175989571,2,1458961380,570
272839101171869920,6,1458863245,570
3819571008275270060,6,1458863245,570
272838467474267664,6,1458305777,570
295354567849964255,7,1456794180,570
295354025635997164,2,1456085340,570
295354025625868375,2,1455846420,570
295354025622431968,4,1455764400,570
295354025622183266,2,1455757980,570
295353300237253856,2,1455242580,570
295352659735547749,2,1454705340,570
295352659731258120,2,1454603940,570
341514010394370022,2,1454385300,570
341514010379949864,2,1454040720,570
341514010379512625,2,1454030160,570
341513927897050978,2,1453914600,570
341513287016943452,2,1453759020,570
341513287006173176,5,1453501440,570
341513287000177449,7,1453358100,570
341513286999252547,2,1453333680,570
341512658327622522,2,1453238220,570
341512658324337506,2,1453159680,570
341512658309852156,7,1452813240,570
341512658306073019,2,1452722940,570
341512023091846235,2,1452556080,570
341512023080734745,2,1452290400,570
341512023076923127,2,1452199200,570
341512023073757677,2,1452123600,570
341512023070258551,2,1452039900,570
341510664131443158,2,1451339520,570
341510664116520658,2,1450987620,570
341510664112649132,2,1450894980,570
341510664109969900,2,1450831080,570
377538916278489578,2,1450740780,570
377538916274151223,2,1450635660,570
377538916267994961,2,1450489440,570
377538916267131693,2,1450468800,570
377538916263202391,9,1450375200,570
377538916257120634,9,1450229900,570
3819571008275289271,9,1450229900,570
377538916256982716,9,1450226471,570
377538367934241247,2,1449795960,570
377537649192255381,2,1449617640,570
377537649174427273,2,1449191340,570
377537016024138698,2,1449009420,570
377537016020458777,2,1448921160,570
377537015999249007,2,1448412420,570
377536475376446553,4,1447896660,570
378661646703531038,2,1447808460,570
378661646685862064,9,1447384980,570
378661012859716885,7,1447114740,570
378661012845373765,2,1446771420,570
378661012841495401,2,1446678900,570
378660375691883544,2,1446592140,570
378660375683708734,2,1446394320,570
378660375677442491,2,1446246780,570
378660375673321504,2,1446147600,570
371904442469544654,2,1445969940,570
371904442452329907,2,1445558880,570
371904442449143522,2,1445482560,570
371903707729470821,2,1445020860,570
371903707719155308,4,1444777320,570
369651273095246124,7,1444695000,570
369651273087006943,4,1444497480,570
369651273084538738,2,1444438380,570
369651273084020019,0,1444426006,570
369651273083836639,2,1444422188,570
3819571008275289877,2,1444422188,570
369651273083840452,2,1444417440,570
369651273076187244,6,1444239000,570
371902438143092891,2,1444167720,570
371902438133655367,2,1443942180,570
371902438129327068,2,1443838320,570
371902438129068408,2,1443830940,570
371902438125185767,2,1443738960,570
371902438120476838,7,1443627060,570
371902438118150428,2,1443571200,570
405678801281592453,2,1443482518,570
405678801268695217,2,1443174567,570
405678801267173396,9,1443138188,570
3819571008275290047,9,1443138188,570
405678801267164899,2,1443137580,570
405678801263828458,7,1443057960,570
405678163097529647,2,1442955300,570
405678163094372737,2,1442880240,570
405678163087705703,2,1442720700,570
405678163083663296,2,1442623860,570
405678163082884577,2,1442605440,570
405678163079742830,7,1442530200,570
405678163076493185,2,1442452680,570
405678163073662770,2,1442382660,570
405678163073072457,2,1442369280,570
405677787260866650,2,1442272860,570
405677787250200485,2,1442017620,570
405677714233935503,4,1441983787,570
405677714232841197,2,1441949400,570
405677533505911922,2,1441844940,570
405677533505700974,2,1441838820,570
405677533503642334,9,1441790262,570
409054598159636297,5,1441190282,570
409054598157990135,9,1441152425,570
3819571008275290330,9,1441152425,570
409053962648739453,9,1440622851,570
410179229573513716,6,1440103080,570
410179229566882022,2,1439943660,570
419185796427128029,2,1439582640,570
419185796420537806,3,1439424900,570
423688416235468415,7,1438839000,570
423686857828681449,9,1437493607,570
423686857826438041,7,1437439320,570
423686857815859424,2,1437186960,570
423686857815302111,2,1437172620,570
431567758220370667,2,1436904780,570
431567758206572900,2,1436575320,570
424811489596106254,2,1435707780,570
499119164377523260,9,1434492126,570
518257376271835388,4,1432365540,570
518257376270537383,2,1432334160,570
518257376263690856,8,1432170720,570
518256742342501835,2,1431953100,570
518256742333096944,2,1431733440,570
518256742329659761,2,1431651480,570
518256742329624614,2,1431649920,570
518256108463882776,2,1431385080,570
518256108455952827,2,1431195480,570
518256108455942741,2,1431189660,570
518256108452867413,6,1431121680,570
518256108445352049,7,1430941500,570
518256108442763532,2,1430877300,570
518255472512021767,4,1430629080,570
517128939723790951,9,1430233200,570
517127039033707573,4,1428010320,570
517126407349801721,2,1427489220,570
517125768642045934,9,1426799760,570
515999415030352509,2,1426202400,570
515999235579995855,2,1426101900,570
515998514249148627,2,1425596760,570
515997975634902693,2,1425064920,570
515997975627627552,4,1424894940,570
515997419769298337,2,1424820840,570
515997419754756775,2,1424472720,570
515997419751008042,2,1424382240,570
515997419747528146,2,1424299200,570
517122602992069698,9,1424132520,570
517122602985871960,2,1423981020,570
517122602981981653,2,1423891320,570
517122602981098152,4,1423870080,570
517122602977869599,6,1423792920,570
517122602972034602,6,1423653440,570
511492468645304344,4,1423252380,570
511492468637667753,2,1423082340,570
510365936310588480,7,1422932820,570
510365936309812820,4,1422914220,570
510365936299134936,8,1422658860,570
519372501719836540,2,1422399180,570
521623309619007078,2,1421212680,570
521623031797215342,4,1420839780,570
521623031793458994,6,1420749840,570
526125364351746726,2,1419382080,570
524998829123763852,3,1418953860,570
524998829114575557,9,1418939160,570
522745760225475952,2,1418082720,570
522745759884728632,2,1417565700,570
522745035847317221,2,1416949920,570
522745035799892196,2,1416876540,570
522744579357290478,2,1416621060,570
522744579287980688,2,1416542520,570
522743866912458308,6,1416349145,570
3819571008275318665,6,1416349145,570
521617330201868659,2,1415216880,570
521616685648010374,0,1415055600,570
521616685374800795,6,1414716300,570
521616306766992641,2,1414438560,570
521615417006504847,7,1413914220,570
521615416562016592,2,1413391440,570
521614893539276212,3,1412986320,570
521614782868128283,3,1412813880,570
521614150647359565,2,1412380140,570
521614150582882212,2,1412295660,570
521614150527303763,2,1412208600,570
521613514616684889,2,1412119800,570
521613514519577568,2,1411969860,570
521613514389633157,4,1411810800,570
521613514364414754,2,1411777020,570
521613514601215958,9,1411664460,570
521613514274616724,9,1411660877,570
521613514601216491,2,1411542180,570
521613514192765473,2,1411538627,570
521613086963305636,9,1411508617,570
3819571008275318780,9,1411508617,570
521612247075082971,4,1410483360,570
552009087854707398,6,1408059780,570
552008372872013485,0,1407414275,220
3171973017287666107,9,1404173246,570
3819571008275318899,9,1404173246,570
3171973017287331845,2,1404172200,570
3171973016467683284,9,1403138820,570
3188859613600921300,2,1401739080,570
3188859613442393064,9,1401497220,570
919043658965751892,2,1399598580,570
919042869009865680,2,1398893100,570
919042307080226692,9,1398800076,570
919042307037629770,2,1398711627,570
919042306888221098,9,1398472346,570
3819571008275319297,9,1398472346,570
920166226924913318,7,1396560600,570
919039782947629373,2,1396035900,570
919038594881510398,7,1394840040,570
919037794532830747,9,1394238060,570
920163238320359828,7,1393630500,570
920162437066362773,2,1393291020,570
920162436838357546,7,1392949020,570
919035892438629692,4,1392768480,570
920161157397361501,2,1391652900,570
920161157382010527,2,1391629800,570
920159973351987819,9,1391000684,570
920159973275352125,7,1390865280,570
1010230612563614217,2,1389315240,570
1010228711679116382,2,1387578360,570
1010228711662367373,6,1387557129,570
1010228711630597465,9,1387503060,570
1010228711579306273,2,1387417560,570
1009102271126673113,2,1387244760,570
1009102270998431850,2,1387049460,570
1009102270951312175,2,1386984300,570
1027115945257105909,4,1386708720,570
1010228077012362858,9,1386680949,570
1027115944979555752,2,1386285540,570
1028241116295907342,4,1385511360,570
1028241116254821368,2,1385429280,570
1027114673651687168,2,1385189940,570
1027114673592365394,2,1385086980,570
1027114673547649759,6,1384998300,570
1027114673500540855,2,1384906260,570
1027114127917019677,3,1384887601,570
1027114127885354829,8,1384827480,570
1027114127721663316,2,1384565280,570
1027114127655495142,9,1384459249,570
1027114673534488239,9,1384425000,570
1027114127626051589,6,1384413845,570
3819571008275320440,6,1384413845,570
1027114673534488524,6,1384000237,570
1172353020033417354,2,1382394805,570
1172353020020293566,2,1382373720,570
1462832954597858194,2,1380651720,570
1461706326384876357,9,1379680209,570
1461706326368347148,9,1379639990,570
1459453260307591147,2,1378502460,570
1477467029083403101,2,1377720600,570
1479715745830266576,9,1374879360,570
1478589028119200425,9,1374279655,570
1478589028065069706,9,1374182700,570
1478588572437216149,2,1373653800,570
1479713748854231382,9,1373018018,570
1496600520144256804,3,1371503497,570
1496600520022047154,2,1371229740,570
1498851600709301171,2,1370475960,570
1496599168321145576,2,1370450520,570
1496599168296488048,2,1370388540,570
1496599168296488083,2,1370388480,570
1496599168257893802,9,1370291568,570
1460569840259626323,2,1369426020,570
1462821444665967161,3,1369354440,570
1462821444598913270,2,1369181400,570
1459442480500734645,9,1368491160,570
1462819626679569242,2,1367622900,570
1462819626645149267,2,1367534520,570
1459441364992663976,7,1367425020,570
1459441364785824177,2,1366928520,570
1461692466339737669,2,1366418640,570
1462817320029191591,9,1365607801,570
1462817320023839818,9,1365595405,570
1461690659987091752,2,1364601840,570
1461690659972176598,2,1364575099,570
1461690471683510711,2,1364508900,570
1461689837274079676,2,1363984800,570
1461689837242188902,2,1363907400,570
1459437403339957202,9,1363297620,570
1495465667587110694,2,1362703860,570
1496591023731134067,6,1362480156,440
1496591023580339300,2,1362105780,570
1498842001420548327,9,1361489580,570
1495463757510397215,2,1360892100,570
1497714835861793502,2,1360283880,570
1497714198955497926,2,1359683280,570
1496587760404607531,2,1359152280,570
1496587760372747321,2,1359073080,570
1496587030456882071,2,1358468040,570
1496586490486400178,2,1357870260,570
1479695995878083215,2,1357343820,570
1479695995838964142,2,1357253040,570
1479695995301372129,2,1356038580,570
1479695995269578373,2,1355958060,570
1479695995263515868,2,1355945880,570
1477443562831750977,2,1355451120,570
1479695212928709764,2,1354820940,570
1515720987494423040,9,1353024480,570
1515720987308268009,2,1352425680,570
1514593982943786914,4,1352155620,570
1514593982858256855,8,1351905300,570
1514593982826734508,2,1351814640,570
1514593982798693215,2,1351725420,570
1514593982736356562,2,1351525320,570
1514593982630031783,2,1351213440,570
1514593284277611546,2,1350603600,570
1515718446151894334,2,1350002100,570
1515717886792394863,9,1349452387,570
1515717886778808910,2,1349398680,570
1515717154652878046,2,1348789620,570
1515716545245792140,2,1348258260,570
1514588903226229907,9,1346749200,570
1514587476561570636,2,1345082040,570
1533727235279743129,2,1344642420,570
1533727235251820518,2,1344548340,570
1533726502779710403,2,1343956260,570
1531474070556189471,2,1343641802,570
1531474070505508625,2,1343480580,570
1531474070482044683,6,1343405131,570
1531474070467092536,2,1343353620,570
1533724886179596615,2,1342742160,570
1533724603059000864,9,1342193798,570
1533724603045546196,2,1342138620,570
1461666363711679167,2,1341571554,570
1461666363703992304,2,1341533700,570
1461665741193619035,2,1340929200,570
1461665741162956876,9,1340808494,570
1389607509688482525,2,1340398680,570
1389607509652347492,2,1340246880,570
1387355123834580966,2,1339704660,570
1389606335993341388,2,1339453620,570
1388479970730079228,7,1338586320,570
1388479713342500960,2,1338512580,570
1389605244663412869,2,1338255780,570
1389605077256890188,2,1337908680,570
1389604433826841066,2,1337386140,570
1389604433826772446,2,1337385300,570
1389604433809332811,2,1337300940,570
1513452059990876859,2,1336168020,570
1513452059973328864,2,1336087140,570
1513451426157155368,2,1335486240,570
1514576755608743919,2,1334950440,570
1514576755593817889,2,1334876400,570
1514576159319053959,2,1334355180,570
1514576159301576245,2,1334274360,570
1515700145042171237,2,1332977400,570
1515700144950521995,4,1332524040,570
1515700144939625116,2,1332452280,570
1515700144929403439,9,1332415895,570
1515700144929502558,9,1332415895,570
1443641916901680617,2,1331944800,570
1443641916885167146,2,1331854020,570
1443641195623222388,3,1331335920,570
1443641195608064002,2,1331255400,570
2758894130313633429,2,1330651380,570
1423373914969711948,2,1330041540,570
1425624895821314684,2,1329524760,570
2758894130313633430,2,1329524760,570
1425624895805042855,2,1329436080,570
774852936485962226,2,1327630380,570
2758894130313633432,2,1327630380,570
774852936485811641,2,1327628160,570
774852936485771462,2,1327627740,570
777103922031540587,7,1327108860,570
777103922042751299,2,1327086180,570
2758894130313631327,2,1327086180,570
777103922025107336,2,1327018620,570
2758894130313631328,2,1327018620,570
777103922025035098,2,1327003440,570
777103379533133223,2,1326419640,570
2758894130313633444,2,1326419640,570
777103379533024574,2,1326406920,570
774849604967635165,2,1324519020,570
2758894130313633445,2,1324519020,570
774849604966619257,2,1324425480,570
2758894130313633446,2,1324055100,570
775975126273412040,2,1324054080,570
775975026196877661,2,1323995280,570
2758894130313631329,2,1323995280,570
774848423551848297,2,1323396000,570
2758894130313633449,2,1323396000,570
774848423551748351,2,1323393360,570
2758894130313631332,2,1323393360,570
775973688892850784,2,1322872500,570
775973688886548337,2,1322793060,570
2758894130313631333,2,1322793060,570
775973688886811563,2,1322792820,570
1208318605441313618,7,1322094420,570
2465061982066582679,7,1322094420,570
1218451139454296847,2,1321585860,570
1218451139453843374,2,1321578300,570
2465061982066582680,2,1321578300,570
1225205844437339329,2,1321057920,570
1225205844430384823,2,1320971940,570
1225205844430369355,2,1320971880,570
1226331098152640315,2,1320448140,570
1226331098152639097,2,1320447780,570
1226331098147063749,2,1320365220,570
1226331098146955723,2,1320363420,570
1226330460357872983,2,1319769600,570
1226330460357659304,2,1319766240,570
1227455739149119934,2,1319158980,570
1145264497707194284,2,1318555440,570
1137382465854313273,2,1317947040,570
1136255939301918487,2,1317425640,570
1136255939296892200,2,1317340920,570
1147514472286166432,2,1316735880,570
1145261770014357515,2,1316191800,570
1145261770010529182,2,1316127480,570
1136251492228521104,7,1313205720,570
1136251492227778105,2,1313194380,570
1136251492217774811,2,1313025480,570
1139628550958288755,2,1312920480,570
1139628550953973391,2,1312851840,570
1139628550943623770,2,1312675920,570
1139628550938681928,2,1312592160,570
1139628550934586796,2,1312524900,570
1139628550928068894,2,1312414200,570
1139628550923131413,2,1312330320,570
1138502107023095038,2,1311913020,570
1136249593761824547,2,1311303840,570
1136248180229709782,2,1310090280,570
1140750797924720483,2,1309225200,570
1140750797900920954,2,1308881820,570
1140750086017701555,2,1308273120,570
1139623756273077654,7,1307764980,570
1145252445333296663,2,1307051880,570
1155384923152709273,2,1306542600,570
1177902268860839382,2,1305850320,570
1172272050060774236,2,1305244020,570
1175649119818217804,2,1304632560,570
1173396677503309541,2,1304126400,570
1177899545987025936,2,1303277340,570
1177899100576218635,2,1302741000,570
1177897097068240245,2,1300835460,570
1180148268947096308,2,1300334520,570
1171140449305094739,2,1299950340,570
1198159516636666834,2,1297474080,570
1190278203998486857,2,1297215120,570
1189151036781112922,2,1296529080,570
1189151036765546232,2,1296424320,570
1191402208681224224,2,1295658360,570
1192527567601763238,2,1295393700,570
1192525031350380888,2,1292553720,570
1789039014504127,7,1737481646,1326470
1789039014476715,4,1737409255,1326470
1789039014402946,5,1737212400,1326470
1789039014334148,5,1737030337,1326470
1788945554762878,0,1736963096,1326470
5759622039976950252,7,1718907075,1326470
5741605105608102653,2,1716490019,1326470
5747233970415479912,4,1715793206,1326470
5768625435415076568,7,1715721621,1326470
5768625435411253499,2,1715631012,1326470
5762994032391940590,2,1713471457,1326470
5686429670869102800,0,1710366516,1326470
5688680204386000717,7,1709588245,1326470
5688680204371730245,7,1709250002,1326470
5688680204367348768,7,1709146175,1326470
5728086065197891240,7,1708986229,1326470
5728086065190774695,7,1708817555,1326470
5728086065187139810,7,1708731381,1326470
5395938616810110069,7,1702326151,1326470
5395938616798928668,7,1702061075,1326470
5395938616792542219,4,1701909752,1326470
5395938616791999996,7,1701896901,1326470
5395937983666589234,7,1701480869,1326470
5395937983665488747,7,1701454788,1326470
5395937983662520952,2,1701384465,1326470
5395937983658210798,9,1701282321,1326470
5302486388003191711,7,1699656601,1326470
5302486387999813787,7,1699576560,1326470
5302486387999527997,2,1699569778,1326470
5218041989058526140,7,1698090331,1326470
5218041989043959987,4,1697745012,1326470
5218041989043543791,9,1697735148,1326470
5220292521177937381,7,1696447109,1326470
5220291886491963379,7,1696022938,1326470
5220291886493887589,6,1696022730,1326470
5220291886491263176,9,1696006346,1326470
5220291886488170625,4,1695933036,1326470
5480373588787470993,7,1694812808,1326470
5480373588784079064,9,1694732435,1326470
5141476355662069769,7,1693593292,1326470
5141476355659160997,4,1693524381,1326470
5141476355658765192,9,1693515003,1326470
5127964289174027833,2,1692304455,1326470
5124584686243131860,7,1690393806,1326470
5124584051988579317,7,1690304023,1326470
5124584051974598136,7,1689972575,1326470
5124584051974152778,7,1689962020,1326470
5124584051971231138,7,1689892776,1326470
5124584051970861703,9,1689884024,1326470
5124581515273678813,7,1687888739,1326470
5124581515259579614,7,1687554309,1326470
5124581515258878943,9,1687537696,1326470
5124581515256047067,9,1687470585,1326470
5151601211222920810,7,1685550370,1326470
5151600576596071648,9,1685209838,1326470
5151600576592818396,7,1685133327,1326470
5151600576592237947,9,1685119572,1326470
5151600576589487256,4,1685054364,1326470
5140340943302520551,4,1684351769,1326470
6557848386946052813,4,1683925084,1326470
6557848386945754815,7,1683918019,1326470
6557848386942465403,9,1683840043,1326470
5133583099799742425,7,1682098166,1326470
5133583099799586694,9,1682094169,1326470
5133583099796540857,9,1682022272,1326470
5121196841292460710,0,1680881998,1326470
5121196841291904144,6,1680868803,1326470
5121196841289313716,9,1680807487,1326470
5143713753732992379,7,1679680218,1326470
5125698536880382999,9,1679600219,1326470
5070528810307769901,9,1678737795,1326470
5070528810297127940,7,1678486069,1326470
5070528810296032492,9,1678459764,1326470
5070528810295656561,9,1678449784,1326470
5070528810293299728,4,1678395330,1326470
5070528810292851405,9,1678384704,1326470
5070528176560228570,5,1677717027,1326470
5070528176559463979,7,1677699410,1326470
5070528176558172942,1,1677668147,1326470
5059268543376203058,5,1677615772,1326470
5059268543376039982,7,1677612113,1326470
5059268543358709082,7,1677201219,1326470
5395938616813185430,9,1702399030,363970
2363699913372997006,9,1520565040,363970
4249665521682848969,9,1520565040,363970
2152021858901764591,9,1512177819,363970
4249665521682849082,9,1512177819,363970
4249665521682849205,2,1488422248,363970
75837698136043627,2,1488422248,363970
4249665521682849326,6,1481069601,363970
91592053124785209,6,1481069601,363970
4249665521682849433,9,1479335450,363970
127619582116588309,9,1479335450,363970
4249665521682849541,6,1477341770,363970
234577531177812308,6,1477341770,363970
4249665521682849649,9,1476231037,363970
241332296588805921,9,1476231037,363970
4249665521682849753,6,1475785513,363970
243583460800187365,6,1475785513,363970
4249665521682849870,3,1472771396,363970
243580289115133467,3,1472771396,363970
4249665521682849968,9,1465547248,363970
249202181063991418,9,1465547248,363970
260454846474768003,4,1459315731,363970
4249665521682850072,4,1459315731,363970
295354567839008607,2,1456533057,363970
4249665521682850211,2,1456533057,363970
295354567832144317,2,1456368934,363970
4249665521682850339,2,1456368934,363970
341514010384375707,2,1454146626,363970
341514010383291482,2,1454120701,363970
4249665521682850626,2,1454120701,363970
341514010376434966,2,1453956767,363970
4249665521682850737,2,1453956767,363970
4249665521682850852,9,1453375215,363970
377538916257663085,6,1450242870,363970
4249665521682851080,6,1450242870,363970
4249665521682851188,9,1448057684,363970
378660375674690264,6,1446181342,363970
4249665521682851312,6,1446181342,363970
405678163087035814,7,1442704908,363970
4249665521682851436,7,1442704908,363970
410179229575313210,9,1440146388,363970
4249665521682851565,9,1440146388,363970
424810855068387027,6,1435283535,363970
4249665521682851676,6,1435283535,363970
518257376268151852,9,1432277628,363970
4249665521682851789,9,1432277628,363970
1791580426136844,5,1739911210,440
1791580426135035,7,1739907653,440
1791580426135037,7,1739901600,440
1791580426135470,7,1739901600,440
1786573930792194,7,1735068273,440
1786573930792199,7,1735068180,440
1786573930792196,7,1735068180,440
1786573930637518,2,1734654698,440
1786573930637525,2,1734653760,440
1786573930637519,2,1734653760,440
1785774543698943,7,1734471929,440
1785774543698953,7,1734471840,440
1785774543698944,7,1734471840,440
1785774543670034,7,1734396500,440
1785774543670460,7,1734396420,440
1785774543670035,7,1734396420,440
1785774543504788,9,1733954850,440
1785774543504802,9,1733954760,440
1785774543504791,9,1733954760,440
1783238125242720,7,1731666839,440
1783238125226827,7,1731624571,440
1783238125226842,7,1731624480,440
1783238125226828,7,1731624480,440
6146943657174045644,7,1730769093,440
6146943657174046072,7,1730769000,440
6146943657174045647,7,1730769000,440
6212245217911892339,7,1729959509,440
6212245217911865879,2,1729887790,440
6212245217911866309,2,1729887720,440
6212245217911865882,2,1729887720,440
6212245217911863635,4,1729881663,440
6212245217911854392,7,1729858389,440
6212245217911832987,7,1729801537,440
6212245217911833425,7,1729801500,440
6212245217911832989,7,1729801500,440
6212244583180885247,7,1729289435,440
6212244583180890852,7,1729289400,440
6212244583180886287,7,1729289400,440
6211118320228666973,7,1728693511,440
6211118320228683760,7,1728693420,440
6211118320228667106,7,1728693420,440
6931694080294929527,6,1728648344,440
6931694080293510972,7,1728614817,440
6931694080293523680,7,1728614760,440
6931694080293515136,7,1728614760,440
6931694080293151410,6,1728606292,440
6931694080293168667,6,1728605940,440
6931694080293156322,6,1728605940,440
6909171012596745951,7,1723753184,440
6909171012596766468,7,1723752600,440
6909171012596747359,7,1723752600,440
5875594803672357828,7,1723595299,440
5875594803672373089,7,1723595220,440
5875594803672364373,7,1723595220,440
5963413728340383528,7,1722642220,440
5963413728340385283,7,1722642180,440
5963413728340399610,7,1722642180,440
5963413094349599643,7,1721944954,440
5963413094349614080,7,1721943540,440
5963413094349601514,7,1721943540,440
5963413094349271934,7,1721937181,440
5963413094349283826,7,1721937120,440
5963413094349273007,7,1721937120,440
5969041959969826590,7,1721427705,440
5969041959969834409,7,1721427660,440
5969041959969828359,7,1721427660,440
5969041959968489642,9,1721394957,440
5969041959967849058,3,1721380751,440
5969041959966738544,7,1721354519,440
5969041959966739115,7,1721354460,440
5969041959966738923,7,1721354460,440
5969041959966277074,6,1721343205,440
5969041959965670828,9,1721329207,440
5969041959965673784,9,1721329140,440
5969041959965671559,9,1721329140,440
5762994032406765584,7,1713822871,440
5762994032406788274,7,1713822840,440
5762994032406766352,7,1713822840,440
5762994032395003446,5,1713543508,440
5762994032394907732,2,1713540899,440
5762994032393123962,7,1713499505,440
5762994032393144016,7,1713499080,440
5762994032393125589,7,1713499080,440
5762994032392326151,7,1713480592,440
5762994032392332300,7,1713480360,440
5762994032392319994,7,1713480360,440
5519792046244560100,5,1706099304,440
5510783579244979196,7,1704848531,440
5510783579245005470,7,1704848460,440
5510783579244978963,7,1704848460,440
5410576585195452789,5,1704716852,440
5410576585131644867,7,1703204195,440
5410576585131654908,7,1703204160,440
5410576585131645352,7,1703204160,440
5410576585127181908,7,1703098471,440
5410576585127200287,7,1703098380,440
5410576585127182973,7,1703098380,440
5410576585124621397,7,1703037794,440
5410576585124625234,7,1703037120,440
5410576585124609568,7,1703037120,440
5409450219989103897,7,1702951097,440
5409450219989114436,7,1702951020,440
5409450219989105376,7,1702951020,440
5409450219977364660,7,1702672779,440
5409450219977398154,7,1702671840,440
5409450219977373352,7,1702671840,440
5395938616799854518,7,1702083022,440
5395938616799869774,7,1702082940,440
5395938616799854460,7,1702082940,440
5395938616795706004,7,1701984729,440
5395938616795731454,7,1701984660,440
5395938616795705373,7,1701984660,440
5229301621592705151,7,1698719750,440
5229301621592723232,7,1698718980,440
5229301621592705485,7,1698718980,440
5229301621581347350,7,1698450472,440
5229301621581372738,7,1698449040,440
5229301621581350489,7,1698449040,440
5218041989046779855,9,1697804057,440
5218041989044677692,7,1697762027,440
5218041989044697715,7,1697761860,440
5218041989044676932,7,1697761860,440
6438516944127990645,9,1697287004,440
6438516944125665676,7,1697238538,440
6438516944125695978,7,1697238420,440
6438516944125664178,7,1697238420,440
5220292521197205472,7,1696903867,440
5220292521197232627,7,1696902180,440
5220292521197204898,7,1696902180,440
5220292521196948603,7,1696897776,440
5220292521196978871,7,1696896660,440
5220292521196949915,7,1696896660,440
5220292521196358436,6,1696883780,440
5220292521196382715,6,1696873980,440
5220292521196359162,6,1696873980,440
5141476355659285687,7,1693527339,440
5141476355659304461,7,1693527300,440
5141476355659295583,7,1693527300,440
5124584686251427727,7,1690590450,440
5124584686251444585,7,1690589220,440
5124584686251431917,7,1690589220,440
5124584686247686005,7,1690501762,440
5124584686247714883,7,1690501680,440
5124584686247688372,7,1690501680,440
5124584686242573631,7,1690380540,440
5124584686240255637,7,1690325636,440
5124584686240279849,7,1690325580,440
5124584686240257314,7,1690325580,440
5124584051984478437,9,1690203941,440
5124584051971885877,7,1689908310,440
5124584051971895314,7,1689908040,440
5124584051971890875,7,1689908040,440
5124584051971662597,7,1689903011,440
5124584051971666179,7,1689900180,440
5124584051971666178,7,1689900180,440
5124583599316680514,7,1689311500,440
5124583599316608634,7,1689309300,440
5124583599316594689,7,1689309300,440
5124582150180576527,7,1689224991,440
5124582150180604193,7,1689224700,440
5124582150180581824,7,1689224700,440
5124582150179632861,9,1689201792,440
5124582150179269983,7,1689194003,440
5124582150179296743,9,1689193920,440
5124582150179270779,9,1689193920,440
6839319551983192648,7,1680212076,440
6839319551983216399,7,1680211980,440
6839319551983190535,7,1680211980,440
5125698536869297804,7,1679337432,440
5125698536869298114,7,1679337360,440
5125698536869310260,7,1679337360,440
5070528176560219469,7,1677717323,440
5070528176560223342,7,1677717240,440
5070528176560225522,7,1677717240,440
5070528176559701072,7,1677705028,440
5070528176559703199,7,1677704940,440
5070528176559718646,7,1677704940,440
5059267908811090842,9,1676477434,440
5036749277231179682,9,1675987818,440
5035620387689391931,7,1672961732,440
5035620387689424117,7,1672961640,440
5035620387689398481,7,1672961640,440
5035620387689385959,1,1672961529,440
5000716037439971822,7,1671657416,440
5000716037439973786,1,1671657280,440
5000716037439974582,7,1671656700,440
5000716037439974686,7,1671656700,440
5623338145748934089,7,1671066930,440
5623338145748947417,7,1671066900,440
5623338145748939393,7,1671066900,440
5623338145748946827,1,1671066751,440
4980448574107013092,7,1670467246,440
4980448574107016261,7,1670467200,440
4980448574107012222,7,1670467200,440
4980448574107015163,1,1670467069,440
4980448574103157431,7,1670375840,440
4980448574103162731,7,1670375760,440
4980448574103158147,7,1670375760,440
4980448574103162676,1,1670375678,440
4979322040033144012,6,1670289877,440
4979322040033157470,1,1670289721,440
4979322040033146387,7,1670285520,440
4979322040033144692,7,1670285520,440
4979322040021731837,7,1670019075,440
4979322040020906092,1,1669999531,440
4979322040018343162,0,1669938967,440
4979322040018347573,0,1669938900,440
4979322040018345333,0,1669938900,440
4979322040018360344,1,1669938827,440
4732747437206292836,7,1667584223,440
4732747437206299777,1,1667584043,440
4732747437206296801,7,1667581680,440
4732747437206293314,7,1667581680,440
4714731755413993854,7,1666314079,440
4714731755414016456,1,1666313951,440
4714731755414005317,7,1666312980,440
4714731755413994626,7,1666312980,440
4714731755406547262,7,1666137555,440
4714731755406553691,7,1666137480,440
4714731755406551261,7,1666137480,440
4714731755406540567,1,1666137322,440
6402455182505742800,7,1665694601,440
6402455182505756746,1,1665694495,440
6402455182505745358,7,1665693720,440
6402455182505746198,7,1665693720,440
4867853509332593819,7,1665616741,440
4867853509332596975,7,1665616680,440
4867853509332597929,7,1665616680,440
4867853509332598424,1,1665616604,440
4867853509329254362,7,1665537566,440
4867853509329253052,1,1665537429,440
4867853509329258837,7,1665537060,440
4867853509329265625,7,1665537060,440
4613399405958924467,7,1665506408,440
4613399405958925140,7,1665506340,440
4613399405958933026,7,1665506340,440
4613399405958918902,1,1665506208,440
4613399405945546061,7,1665189143,440
4613399405945546660,7,1665189120,440
4613399405945547487,7,1665189120,440
4613399405945568845,1,1665188996,440
4613399405941623255,7,1665096135,440
4613399405941641855,1,1665095951,440
4613399405941626332,7,1665095400,440
4613399405941632181,7,1665095400,440
4613399405937583804,6,1665000373,440
4613399405937587275,1,1664999955,440
4613399405937585159,6,1664999580,440
4613399405937589419,6,1664999580,440
4588629064108479911,7,1664406646,440
4588629064108481010,1,1664406476,440
4588629064108482026,7,1664406300,440
4588629064108484158,7,1664406300,440
4589754330748320617,7,1664238524,440
4589754330748318555,7,1664238300,440
4589754330748321528,7,1664238300,440
4589754330748310092,1,1664238180,440
4589754330747579631,7,1664220944,440
4589754330747575385,1,1664220726,440
4589754330747587388,7,1664218800,440
4589754330747587964,7,1664218800,440
4607764924151727756,7,1660263187,440
4607764924151737253,1,1660262768,440
4607764924151728671,7,1660258860,440
4607764924151737738,7,1660258860,440
4587497456685259137,7,1659120215,440
4587497456695006310,1,1659120044,440
4587497456685263729,7,1659119520,440
4587497456685268198,7,1659119520,440
4539082035564408420,7,1657325101,440
4539082035564427804,1,1657324952,440
4539082035564415127,7,1657324620,440
4539082035564410979,7,1657324620,440
4539082035563897683,7,1657312152,440
4539082035562325235,7,1657275635,440
4539082035560569883,7,1657234068,440
4539082035560577811,7,1657234020,440
4539082035560570311,7,1657234020,440
4539082035560577872,1,1657233921,440
4474904295731026291,7,1656019010,440
4474904295731043745,1,1656018871,440
4474904295731030342,7,1656017400,440
4474904295731031641,7,1656017400,440
4474904295729014799,7,1655971073,440
4474904295726610646,7,1655912895,440
4474904295724394264,7,1655861770,440
4474904295724406024,1,1655861580,440
4474904295724431440,7,1655860800,440
4474904295724396506,7,1655860800,440
5849624375832860611,3,1652709189,440
4347669995457917247,7,1648676657,440
4347669995457937755,1,1648676526,440
4347669995457924700,7,1648675740,440
4347669995457917511,7,1648675740,440
4258723269526890294,7,1648574006,440
4258723269526899565,1,1648573859,440
4258723269526907152,7,1648573080,440
4258723269526891599,7,1648573080,440
4258723269523506252,7,1648493741,440
4258723269523506128,1,1648493576,440
4258723269523513104,7,1648491540,440
4258723269523506513,7,1648491540,440
4224939245935005507,7,1641414390,440
4224939245935002444,1,1641414134,440
4224939245935017562,7,1641411660,440
4224939245935005742,7,1641411660,440
4224938027300883408,7,1640300343,440
4224938027340835786,1,1640299511,440
4224938027300904143,7,1640297880,440
4224938027300887710,7,1640297880,440
4224938027293804603,7,1640132436,440
4224938027340835789,1,1640132252,440
4224938027293836465,7,1640130120,440
4224938027293804043,7,1640130120,440
5320438099041365120,7,1639790196,440
4224938027340835792,1,1639790024,440
5320438099041389364,7,1639789740,440
5320438099041364879,7,1639789740,440
4224936215406863235,7,1639000567,440
4224936215406867480,7,1639000020,440
4224936215406863213,7,1639000020,440
4224936215389400161,7,1638586199,440
4224936215389407248,7,1638583740,440
4224936215389399581,7,1638583740,440
4224936215385340404,9,1638489891,440
4224936215385342705,9,1638486960,440
4224936215385339025,9,1638486960,440
4971406207534875827,7,1637019288,440
4971406207534878130,7,1637016600,440
4971406207534898063,7,1637016600,440
4186652357025539698,7,1635462124,440
4186652357025554137,1,1635461990,440
4186652357025551785,7,1635460860,440
4186652357025539935,7,1635460860,440
4186652357022035740,7,1635379007,440
4186652357022042236,7,1635378540,440
4186652357022026534,7,1635378540,440
4186652357022030508,1,1635378440,440
4103335143110702794,7,1634942104,440
4103335143110727559,7,1634942040,440
4103335143110705607,7,1634942040,440
4103335143110721942,1,1634941914,440
4698935641756690397,2,1634252248,440
4698935641756703701,1,1634252003,440
4698935641756702337,2,1634251080,440
4698935641756693442,2,1634251080,440
4069556867220669765,7,1634001157,440
4069556867220697882,7,1633999920,440
4069556867220674360,7,1633999920,440
4069556867209471428,7,1633735382,440
4069556867209483029,1,1633735135,440
4069556867209501902,7,1633734120,440
4069556867209470390,7,1633734120,440
3938951840899648728,6,1633470166,440
3938951840899641311,1,1633469605,440
3938951840899654298,6,1633469460,440
3938951840899646605,6,1633469460,440
3936699406885644236,7,1632776917,440
3936699406885652864,7,1632776820,440
3936699406885643771,7,1632776820,440
3936699406885663860,1,1632776808,440
3936699406875255966,7,1632530355,440
3936699406875253121,7,1632530040,440
3936699406875270380,7,1632530040,440
3936699406875259463,1,1632529996,440
5418383147740663200,7,1631920939,440
5418383147740656680,1,1631920745,440
5418383147740668713,7,1631920020,440
5418383147740669205,7,1631920020,440
5418383147736927200,7,1631832291,440
5418383147736930185,7,1631832240,440
5418383147736946441,7,1631832240,440
5418383147736934514,1,1631832173,440
4032392655077943416,7,1624877036,440
4032392655072863830,3,1624756626,440
4032392655060716125,9,1624468086,440
4032392655060616472,9,1624465871,440
4032392655059498318,7,1624438997,440
4032392655058362249,7,1624412524,440
4032392655058334587,1,1624411815,440
4032392655058347166,7,1624411200,440
4032392655058348179,7,1624411200,440
4056035920073676952,7,1624383619,440
4056035920073594736,7,1624381440,440
4056035920073591215,7,1624381440,440
4056035920073608808,1,1624381316,440
4060529371721352769,7,1614715917,440
4060529371721285848,1,1614714095,440
4060529371721279667,7,1614714060,440
4060529371721295119,7,1614714060,440
3942305442249044386,7,1610124738,440
3942305442249016915,7,1610123880,440
3942305442249010488,7,1610123880,440
3942305442249006293,1,1610123767,440
3886008544064741639,7,1608143456,440
3886008544064684109,1,1608141988,440
3886008544064696544,7,1608138600,440
3886008544064689929,7,1608138600,440
3879252510636209182,7,1607724945,440
3879252510636207432,1,1607724391,440
3879252510636215922,7,1607722860,440
3879252510636191013,7,1607722860,440
3879252510629067399,7,1607554261,440
3879252510629043158,1,1607553515,440
3879252510629067308,7,1607552700,440
3879252510629040279,7,1607552700,440
3856733878295646210,1,1607024526,440
3856733878295644269,6,1607020200,440
3856733878295625367,6,1607020200,440
3887130640411632148,2,1605031368,440
3887130640393910848,1,1604607218,440
3887130640393898546,2,1604607060,440
3887130640393891822,2,1604607060,440
3884878205215252788,7,1603995000,440
3884878205215234147,7,1603995000,440
3884878205215244577,1,1603994969,440
5422856308612427366,7,1602781680,440
5422856308612411370,7,1602781680,440
5422856308612428867,1,1602781581,440
3853351107554163821,1,1602277686,440
3853351107554146659,7,1602275460,440
3853351107554146014,7,1602275460,440
3853351107550257729,1,1602184651,440
3853351107550265852,7,1602183060,440
3853351107550253328,7,1602183060,440
3807188575854288775,1,1601685496,440
3807188575854295739,7,1601685240,440
3807188575854283643,7,1601685240,440
3807188575854145058,7,1601681580,440
3807188575854122471,7,1601681580,440
3807188575854137995,1,1601681500,440
3807188575852805792,9,1601650261,440
3807188575849865592,1,1601579481,440
3807188575849861871,6,1601577000,440
3807188575849850066,6,1601577000,440
3788045105524766610,7,1598556600,440
3788045105524768077,7,1598556600,440
3819572206286342511,1,1598556547,440
3819572206286342518,1,1598044921,440
3670950880883096655,7,1598038200,440
3670950880883090785,7,1598038200,440
3444640809402322029,7,1593816660,440
3444640809402330143,7,1593816660,440
3819572206286342526,1,1593816655,440
3444639924491722361,7,1593033540,440
3444639924491720495,7,1593033540,440
3384966595864534736,7,1592347500,440
3384966595864541888,7,1592347500,440
3127131079130126890,7,1588368240,440
3127131079130122639,7,1588368240,440
4742798964251744416,7,1588368240,440
3112493747282967606,7,1588030500,440
3112493747282961487,7,1588030500,440
4742798964251744419,7,1588030500,440
3112492477880544545,7,1586306820,440
3112492477880545707,7,1586306820,440
4742798964251744420,7,1586306820,440
3690071589849134547,7,1579372980,440
3690071589849135318,7,1579372980,440
4742798964251744431,7,1579372980,440
2592316573848260165,7,1576781520,440
2592316573848258237,7,1576781520,440
4742798964251744434,7,1576781520,440
4742798964251744436,6,1576518600,440
3370312875263721198,6,1576518600,440
3370312875263707972,6,1576518600,440
4742798964251744441,7,1574380860,440
2468465044718021904,7,1574380860,440
2468465044718022055,7,1574380860,440
2504491307404284164,7,1571939520,440
4742798964251744446,7,1571939520,440
2504491307404276321,7,1571939520,440
2404285581865411023,7,1571421600,440
4742798964251744447,7,1571421600,440
2404285581865401787,7,1571421600,440
2404285581861545528,7,1571333280,440
4742798964251744451,7,1571333280,440
2404285581861534708,7,1571333280,440
2404285581857717609,2,1571242800,440
4742798964251744454,2,1571242800,440
2404285581857716345,2,1571242800,440
3051677487679916978,7,1570825800,440
4742798964251744455,7,1570825800,440
3051677487679909565,7,1570825800,440
3051677487675963945,6,1570732080,440
3051677487675962771,6,1570732080,440
2422298078077868974,7,1569368580,440
2422298078077862255,7,1569368580,440
2406534841143770504,7,1569274080,440
2406534841143762900,7,1569274080,440
2412159905933750424,4,1564852571,440
3364670677180041898,7,1564099680,440
3364670677180037108,7,1564099680,440
2405396896227315265,7,1557853200,440
2405396896227294567,7,1557853200,440
2404270358316501710,7,1556668740,440
2404270358316470320,7,1556668740,440
2434668385544994311,7,1555538640,440
2434668385544992794,7,1555538640,440
2434668385541618732,7,1555458240,440
2434668385541607384,7,1555458240,440
2465065785299782999,7,1553817420,440
2465065785299764471,7,1553817420,440
2465065785292251894,7,1553640900,440
2465065785292234237,7,1553640900,440
2426778849034623044,7,1548178020,440
2426778849034624139,7,1548178020,440
2417770561729915817,7,1546981920,440
2417769111285014988,7,1545344040,440
2417769111281562929,9,1545264300,440
2403127338447872960,7,1540923360,440
2403127338447896497,7,1540923360,440
2403127338429999684,7,1540494720,440
2403127338430027998,7,1540494720,440
2403127338429434053,5,1540482175,440
2403126706532311081,7,1540254060,440
2403126706532334864,7,1540254060,440
2403126706520920474,6,1539982140,440
2403126706520939156,6,1539982140,440
2450411965557112293,7,1537571640,440
2450411965557117221,7,1537571640,440
2451533424635858602,7,1533245400,440
2451533424635861857,7,1533245400,440
2412125660632216845,7,1531954440,440
2412125660632201677,7,1531954440,440
2499943313649509027,7,1530050280,440
2499943313649503867,7,1530050280,440
2431262152935880468,7,1528402980,440
2431262152935892422,7,1528402980,440
2391853754536693978,7,1526589480,440
2391853754536703722,7,1526589480,440
2394103650889278271,7,1524774600,440
2394103650889288017,7,1524774600,440
2758894130288610882,2,1523575800,440
2758894130313627296,2,1523575800,440
2758894130288620558,2,1523575800,440
2383968106574763268,7,1522454220,440
2758894130313627302,7,1522454220,440
2383968106574789768,7,1522454220,440
2383968106571243831,7,1522368780,440
2758894130313627303,7,1522368780,440
2383968106571262890,7,1522368780,440
2383968106567846657,7,1522288860,440
2383968106567861415,7,1522288860,440
2758894130313627308,7,1522288860,440
2365953485472902434,7,1522275480,440
2365953485472835238,9,1522265820,440
2365953485472852224,9,1522265820,440
2431262152929200558,9,1522265820,440
2363698013322599839,7,1518644700,440
2363698013322589780,7,1518644700,440
2284879949559285418,7,1515115740,440
2284879949559298616,7,1515115740,440
2284879949559021545,7,1515109320,440
2284879949559022570,7,1515109320,440
2284879949555497073,7,1515025140,440
2284879949555496352,7,1515025140,440
2284879949547717889,3,1514839135,440
2284879949508557428,7,1513902720,440
2284879949508568146,7,1513902720,440
2284879949507698099,6,1513882320,440
2284879949507714645,6,1513882320,440
2442505391470441728,2,1513213200,440
2442505391470456715,2,1513213200,440
2152021858901640008,7,1512174300,440
2152021858901632033,7,1512174300,440
2758894130313629847,7,1512174300,440
2486412956120718322,7,1511297820,440
2486412956120709568,7,1511297820,440
2758894130313629855,7,1511297820,440
2486412956106476281,7,1510955760,440
2486412956106460581,7,1510955760,440
2394103650882776454,7,1510955760,440
2143012757608748825,7,1510186860,440
2143012757608751721,7,1510186860,440
2143012757605389016,7,1510104480,440
2143012757605401467,7,1510104480,440
2140760316587851095,7,1509579120,440
2140760316587859925,7,1509579120,440
2140760316584271105,7,1509493560,440
2140760316584283552,7,1509493560,440
2140759684358642138,7,1509408240,440
2140759684358625172,7,1509404760,440
2140759684347756756,7,1509148020,440
2140759684347775495,7,1509148020,440
2140759684344131283,7,1509061500,440
2140759684344161330,7,1509061500,440
2140759684340355948,7,1508971080,440
2140759684340359132,7,1508971080,440
2140759684337086173,7,1508893140,440
2140759684337096009,7,1508893140,440
3111284858387202091,7,1508806140,440
3111284858387216028,7,1508806140,440
3111284858376987277,7,1508562240,440
3111284858377014664,7,1508562240,440
3111284858376796442,7,1508547060,440
3111284858376813901,7,1508547060,440
3111284858376145099,6,1508542284,440
3819571008274731038,6,1508542284,440
3111284858375912558,9,1508536560,440
3111284858375935493,9,1508536560,440
3111284858374285907,3,1508497582,440
3111284858374142764,9,1508494103,440
2139632606735285798,6,1508233545,440
2139632606733813753,9,1508200211,440
2145261379806938880,9,1507750750,440
2149763711088316502,6,1505939402,440
2093464278158842543,7,1501805640,440
2093464278158821681,7,1501805640,440
2758894130313748415,7,1501805640,440
2093464278155378619,7,1501723140,440
2093464278155369174,7,1501723140,440
2758894130313748417,7,1501723140,440
2093464278154788789,2,1501708740,440
2093464278154761414,2,1501708740,440
2758894130313748418,2,1501708740,440
1980870483553830876,2,1498089806,440
3044845282392379690,7,1497650820,440
3044845282392365734,7,1497650820,440
1904307386962558791,7,1496510100,440
1904307386962547265,7,1496510100,440
1904307386959873594,7,1496445120,440
1904307386959852790,7,1496445120,440
2423345440420799072,7,1494881280,440
2423345440420818636,7,1494881280,440
1869401952297304215,7,1493933820,440
1869401952297337726,7,1493933820,440
1858142318028746615,7,1493244000,440
1858142318028700973,7,1493244000,440
1858141774305084339,7,1492725660,440
1858141774305103047,7,1492725660,440
75841595752727629,7,1492210920,440
75841595752727892,7,1492210920,440
75841595749293181,7,1492130460,440
75841595749302256,7,1492130460,440
75840229424285986,7,1492028280,440
75840229424287444,7,1492028280,440
75840229376890657,7,1490895780,440
75840229376921390,7,1490895780,440
75838960582147971,7,1489536480,440
75838960582177910,7,1489536480,440
75836429542488687,0,1487285220,440
75835955407705569,7,1487104680,440
75835955407707042,7,1487104680,440
84840457411380908,7,1484605320,440
84840457411352617,7,1484605320,440
91593954389274547,7,1482358260,440
91593954389250468,7,1482358260,440
91593954388910635,9,1482345180,440
91593954388898691,9,1482345180,440
91591419806754907,7,1479934620,440
91591419806780858,7,1479934620,440
127619582135224884,7,1479780420,440
127619582135234717,7,1479780420,440
127619582124137974,7,1479514380,440
127619582124142816,7,1479514380,440
136626237890151406,7,1479166140,440
136626237890155762,7,1479166140,440
136626237876253361,7,1478833980,440
136626237876236848,7,1478833980,440
136626237875801610,7,1478823540,440
136626237875794724,7,1478823540,440
182787402038335407,7,1478131020,440
182787402038332071,7,1478131020,440
212060165286287315,7,1477446000,440
212060165286275296,7,1477446000,440
234577531181406931,9,1477426380,440
234577531181390499,9,1477426380,440
234577531167699843,7,1477099560,440
234577531167730386,7,1477099560,440
234577531166818167,6,1477078560,440
234577531166826844,6,1477078560,440
241332296592556941,7,1476320340,440
241332296592576268,7,1476320340,440
243582826882673311,7,1475109060,440
243582826882690688,7,1475109060,440
243582826878956211,9,1475020320,440
243582826878963654,9,1475020320,440
243582077050801295,7,1474408560,440
243582077050826380,7,1474408560,440
243581623181073328,7,1473978900,440
243581623181146212,7,1473978900,440
243581623177422593,7,1473891300,440
243581623177431716,7,1473891300,440
243581103969760421,7,1473722100,440
243581103969782138,7,1473722100,440
243581103958857252,7,1473460980,440
243581103958862463,7,1473460980,440
250335145796014713,7,1472518380,440
250335145796016339,7,1472518380,440
252586225992329631,7,1471991760,440
252586225992337037,7,1471991760,440
252586225977787797,7,1471644660,440
252586225977807735,7,1471644660,440
252586225967354226,0,1471386420,440
252586225967376786,0,1471386420,440
252585986930990135,7,1471221420,440
252585986930994800,7,1471221420,440
252584970528226910,7,1470268320,440
252584970528230576,7,1470268320,440
252584317723401169,2,1469744280,440
252584317723423928,2,1469744280,440
251457560655097596,3,1469406484,440
251457560647066525,3,1469214300,440
258212550627627428,7,1468549620,440
258212550627636940,7,1468549620,440
258212550627366114,7,1468534020,440
258212550627386012,7,1468534020,440
257086017106666413,7,1468107540,440
257086017106685721,7,1468107540,440
257086017103498287,7,1468031160,440
257086017103511148,7,1468031160,440
257086017103247622,3,1468026000,440
257086017100212199,7,1467953460,440
257086017100210778,7,1467953460,440
257086017099696297,8,1467940980,440
257086017099476033,9,1467932880,440
257086017099508017,9,1467932880,440
257086017098755008,9,1467913560,440
257086017095294746,9,1467835647,440
257086017095082277,9,1467831003,440
257086017094726526,9,1467821400,440
250329347073180648,7,1466884140,440
250329347073197487,7,1466884140,440
250329347063365131,7,1466652480,440
250329347063382797,7,1466652480,440
250329347062380184,7,1466621340,440
250329347062403823,7,1466621340,440
249201544479872254,7,1464735240,440
249201544479889570,7,1464735240,440
255956312817915916,0,1464722580,440
255956312817931986,0,1464722580,440
255955126830309948,7,1463518200,440
255955126830324718,7,1463518200,440
255955041673799707,7,1462996620,440
255953775618692766,7,1461958500,440
255953775614804112,7,1461865620,440
255953775614802677,7,1461865620,440
255953140190712924,7,1461694140,440
255953140190736691,7,1461694140,440
255953140188007031,7,1461629040,440
255953140188025916,7,1461629040,440
255953140187115213,7,1461608760,440
255953140187134982,7,1461608760,440
272839101190048948,7,1459293360,440
272839101190062812,7,1459293360,440
272839101186036392,7,1459201620,440
272839101186047025,7,1459201620,440
272839101171615333,7,1458856680,440
272839101171627973,7,1458856680,440
272839101164750048,7,1458692580,440
272839101164775057,7,1458692580,440
272838467475847680,7,1458343320,440
272838467475857713,7,1458343320,440
272838467474872456,7,1458319920,440
272838467474878617,7,1458319920,440
272838467472329851,7,1458253380,440
272838467472343366,7,1458253380,440
295355928885578745,7,1457659380,440
295355928885586876,7,1457659380,440
295355202054376025,7,1457385720,440
295355202054378586,7,1457385720,440
295355202040322946,7,1457049720,440
295355202040323592,7,1457049720,440
295355202033189634,7,1456879440,440
295355202033194622,7,1456879440,440
295354567850072286,9,1456797420,440
295354567850078470,9,1456797420,440
341514010397146649,7,1454451600,440
341514010397164411,7,1454451600,440
341513287006194580,7,1453500300,440
341513287006183229,7,1453500300,440
341513286999479168,7,1453340820,440
341513286999461069,7,1453340820,440
341512023095166345,7,1452635220,440
341512023095194342,7,1452635220,440
341512023077220120,7,1452205620,440
341512023077242014,7,1452205620,440
341510664138926704,7,1451523180,440
341510664138942418,7,1451523180,440
341510664110050370,7,1450830660,440
341510664110083719,7,1450830660,440
377538916267954718,7,1450488600,440
377538916267966823,7,1450488600,440
377538916265879157,3,1450436464,440
377538916264062663,9,1450395686,440
377538916263896617,4,1450391520,440
377538916263866866,9,1450389060,440
377538916263884064,9,1450389060,440
377538916263482354,6,1450381500,440
377537649188656408,7,1449531480,440
377537649188676223,7,1449531480,440
377537649177197947,7,1449257580,440
377537649177218820,7,1449257580,440
377537649170379750,7,1449093660,440
377537649170392142,7,1449093660,440
377537016002424301,7,1448490000,440
377537016002453647,7,1448490000,440
378661646706240820,7,1447872720,440
378661646706257749,7,1447872720,440
378661646703084051,0,1447797720,440
378661646703095437,0,1447797720,440
378661646689164123,7,1447464960,440
378661646689179780,7,1447464960,440
378661646688335343,7,1447444800,440
378661646688339060,7,1447444800,440
378661646680856174,7,1447266360,440
378661646680859564,7,1447266360,440
378661012859875161,7,1447117680,440
378661012859895160,7,1447117680,440
378661012848739549,7,1446851340,440
378661012848765879,7,1446851340,440
378661012838192617,7,1446596340,440
378661012838200050,7,1446596340,440
378660375677244059,7,1446242100,440
378660375677256320,7,1446242100,440
378660375674260732,7,1446168660,440
378660375674282262,7,1446168660,440
378660375673730141,6,1446154680,440
378660375670290031,9,1446072420,440
378660375670312494,9,1446072420,440
371904342325263649,7,1445472840,440
371904342325282923,7,1445472840,440
371903707740237418,7,1445282940,440
371903707740261015,7,1445282940,440
371903707726675744,7,1444958520,440
371903707726697810,7,1444958520,440
369651273095281271,7,1444694460,440
369651273095300513,7,1444694460,440
369651273083895693,7,1444423320,440
369651273083906208,7,1444423320,440
369651273081026740,7,1444354140,440
369651273081044508,7,1444354140,440
369651273075431153,3,1444221157,440
369651273073633371,7,1444174980,440
369651273073665781,7,1444174980,440
371902438125365603,7,1443743280,440
371902438125341481,7,1443743280,440
405678801267449668,7,1443143880,440
405678801267431102,7,1443143880,440
405678801266822153,9,1443128580,440
405678801266798163,9,1443128580,440
405677533509068190,7,1441920300,440
405677533509080614,7,1441920300,440
409054598179188486,7,1441658700,440
409054598179194082,7,1441658700,440
409053962656247424,7,1440800460,440
409053962656256075,7,1440800460,440
409053962652525043,7,1440715080,440
409053962652541781,7,1440715080,440
410179229570512984,7,1440031320,440
410179229570524350,7,1440031320,440
410179229567485000,7,1439958960,440
410179229567499980,7,1439958960,440
410179229567231258,7,1439952960,440
410179229567248983,7,1439952960,440
419185796441979925,7,1439937120,440
419185796441987255,7,1439937120,440
419185796422952480,9,1439482305,440
423687491918966406,0,1438038181,440
423687491905130531,7,1437706500,440
423687491905144352,7,1437706500,440
423687491904781488,7,1437699360,440
423687491904805591,7,1437699360,440
423686857825112131,9,1437408053,440
423686857808208039,7,1437003240,440
423686857808221415,7,1437003240,440
431567523832162391,2,1436405280,440
431567523832181855,2,1436405280,440
424811489618062270,7,1436228100,440
424811489618087693,7,1436228100,440
424811489610212533,7,1436043480,440
424811489610220780,7,1436043480,440
424811489608103190,7,1435994520,440
424811489608113002,7,1435994520,440
424811489607412560,7,1435977960,440
424811489607435502,7,1435977960,440
424811489603596803,7,1435886520,440
424811489603607877,7,1435886520,440
424811489603014136,6,1435873045,440
3819571008274731095,6,1435873045,440
424811489603018106,6,1435872840,440
424811489602963448,2,1435870080,440
424811489602980451,2,1435870080,440
424811489600154493,0,1435804637,440
424811489599829500,0,1435796901,440
3819571008274731152,0,1435796901,440
424811489599855739,0,1435793880,440
424811489599135327,7,1435779900,440
424811489599152940,7,1435779900,440
424811489599120248,7,1435778760,440
424811489599140392,7,1435778760,440
499119164380933598,7,1434573600,440
499119164380960147,7,1434573600,440
499119164362900298,7,1434142380,440
499119164362917114,7,1434142380,440
499119164359772782,7,1434066420,440
499119164359792747,7,1434066420,440
519384546584975879,7,1433448240,440
519384546584995362,7,1433448240,440
519383914592876425,7,1433280900,440
519383914592892275,7,1433280900,440
518256742344086261,7,1431996120,440
518256742344102639,7,1431996120,440
518255472518625115,9,1430787265,440
518255472500031565,7,1430341560,440
518255472500047067,7,1430341560,440
517126407364277933,7,1427837280,440
517126407364408116,7,1427837280,440
517126403339207520,7,1427241660,440
517126407339389255,7,1427241660,440
517125768638531800,7,1426717800,440
517125768638550159,7,1426717800,440
515999410528730118,7,1426189860,440
515999410528752708,7,1426189860,440
515997419747492999,7,1424299080,440
515997419747510486,7,1424299080,440
517122602974296963,7,1423707360,440
517122602974311046,7,1423707360,440
517122602974040824,7,1423701120,440
517122602974060102,7,1423701120,440
510365936298361708,7,1422640440,440
510365936298369377,7,1422640440,440
519372501719191382,7,1422383400,440
519372501719202788,7,1422383400,440
521623755674857373,7,1421366760,440
521623755674873393,7,1421366760,440
521623755674696721,7,1421363400,440
521623755674722765,7,1421363400,440
521623309617362362,7,1421178480,440
521623309617383362,7,1421178480,440
521623031797597027,7,1420843920,440
521623031797608477,7,1420843920,440
521623031789587647,7,1420656840,440
521623031789603401,7,1420656840,440
526125368917296854,7,1420498320,440
526125368917499761,7,1420498320,440
526125368018552119,7,1419384960,440
526125368018685974,7,1419384960,440
524998829448268161,7,1419378480,440
524998829448760856,7,1419378480,440
524998829387245210,9,1419297840,440
524998829387460815,9,1419297840,440
524998829061932579,7,1418856000,440
524998829062054648,7,1418856000,440
524998195434581422,7,1418687460,440
524998195434746076,7,1418687460,440
524998195250505319,7,1418427480,440
524998195250901908,7,1418427480,440
524998195141923941,7,1418254560,440
524998195142261827,7,1418254560,440
524998195123671557,6,1418227200,440
524998195095865859,7,1418173740,440
524998195096096703,7,1418173740,440
522745760233646711,7,1418100120,440
522745760233816171,7,1418100120,440
522745760228284433,7,1418088780,440
522745760228434059,7,1418088780,440
522745760228122456,6,1418087760,440
522745759939605396,7,1417652880,440
522745759939653619,7,1417652880,440
522745036251295762,7,1417483920,440
522745036251535785,7,1417483920,440
522745035903749553,7,1417035780,440
522745035903966973,7,1417035780,440
522744579280727669,7,1416529140,440
522744579281095465,7,1416529140,440
522743866596629439,7,1415918520,440
522743866599267045,7,1415918520,440
521617330524579930,7,1415660280,440
521617330524934891,7,1415660280,440
521617330326348478,7,1415400540,440
521617330326415435,7,1415400540,440
521617330216116023,7,1415237040,440
521617330216547718,7,1415237040,440
521616685706693310,7,1415142960,440
521616685706856265,7,1415142960,440
521616685377493347,7,1414720320,440
521616685377513917,7,1414720320,440
521616685319641282,9,1414634640,440
521616685319969852,9,1414626360,440
521616049181235397,7,1414094640,440
521616049181465265,7,1414094640,440
521616049117115002,6,1414000620,440
521616049116766972,7,1414000380,440
521616049117115008,7,1414000380,440
521615416962229538,7,1413842520,440
521615416962468179,7,1413842520,440
521615416960187353,7,1413839700,440
521615416960580249,7,1413839700,440
521615416576345533,7,1413409320,440
521615416576945089,7,1413409320,440
521614150523502333,2,1412202480,440
521614150523758014,2,1412202480,440
521613514360494325,7,1411771440,440
521613514360865189,7,1411771440,440
521613514307600350,7,1411705380,440
521613514307685751,7,1411705380,440
521613514294686736,7,1411683600,440
521613514294963972,7,1411683600,440
521613514291604509,7,1411678800,440
521613514291750312,7,1411678800,440
521612880961005761,7,1410999600,440
521612880961362342,7,1410999600,440
521612880908488912,7,1410911340,440
521612880908644393,7,1410911340,440
521612247316350000,7,1410823680,440
521612247316394655,7,1410823680,440
521612247017428766,7,1410386700,440
521612247017608543,7,1410386700,440
521612247015104868,7,1410382620,440
521612247015463937,7,1410382620,440
544128976482439619,7,1409189340,440
544128976482731015,7,1409189340,440
544128976476054129,7,1409178900,440
544128976476483101,7,1409178900,440
552009641950878964,7,1408999080,440
552009641951230687,7,1408999080,440
552009641731800361,7,1408729380,440
552009641731994259,7,1408729380,440
552009641681327221,7,1408662300,440
552009641681539789,7,1408662300,440
552009641678046132,7,1408657920,440
552009641678553463,7,1408657920,440
552009087792544005,7,1407970920,440
552009087792642063,7,1407970920,440
552008372898686950,7,1407444360,440
552008372899303983,7,1407444360,440
552007738740089493,2,1406759220,440
552007738739938671,2,1406759220,440
559888404620675619,7,1406333220,440
559888404620248183,7,1406333220,440
559888404549538208,0,1406243640,440
559888404549373314,0,1406243640,440
564391378635227777,0,1405645380,440
564391378635096701,0,1405645380,440
567768347544578291,7,1404959460,440
567768347544387906,7,1404959460,440
567768347540510705,7,1404953340,440
567768347540273337,7,1404953340,440
567768347498816889,0,1404900454,440
567768347476270058,7,1404858480,440
567768347476588459,7,1404858480,440
3171973017003270675,7,1403824200,440
3171973017003352499,7,1403824200,440
3171973016807603999,7,1403571360,440
3171973016808005861,7,1403571360,440
3171973016592101762,7,1403307120,440
3171973016592195833,7,1403307120,440
3171973016526555031,7,1403223300,440
3171973016526906917,7,1403223300,440
3171973016514788969,9,1403181900,310
3171973016485391691,9,1403173171,440
3171973016469528850,6,1403141700,440
3171973016468471582,2,1403139720,440
3171973016468782900,2,1403139720,440
3171973016465565085,6,1403134800,440
3171973016427095575,9,1403076647,440
3171973016440000502,9,1403074803,310
3171973016414821734,9,1403050937,440
3171973016414318904,6,1403048580,440
3189986872726640144,3,1403003017,440
3189986872487789587,7,1402611300,440
3189986872488152296,7,1402611300,440
3189986872441392984,7,1402535460,440
3189986872441683020,7,1402535460,440
3188860880577884182,7,1402516800,440
3188860880578063358,7,1402516800,440
3206872999361209471,5,1400533800,240
3206872999361358538,5,1400533800,440
920170104226200787,2,1400194620,240
920170104226384300,2,1400194620,440
919042307083104195,5,1398804960,240
919042307083345742,5,1398804960,440
919042306881887640,5,1398461700,240
919042306881993956,5,1398461700,440
919042306830273966,4,1398383160,440
919042306830429804,4,1398383160,440
919042306824881777,7,1398374820,440
919042306825321525,7,1398374820,440
920166226957549609,7,1396627140,440
920166226957749561,7,1396627140,440
920166226846921157,7,1396398480,440
920166226847586637,7,1396398480,440
919037794441591668,7,1394069280,440
919037794441655799,7,1394069280,440
920162436973811736,7,1393144800,440
920162436974137460,7,1393144800,440
920162436782242899,7,1392849900,440
920162436782495548,7,1392849900,440
919035892059824559,7,1392165060,440
919035892059587046,7,1392165060,440
920161157503878304,7,1391814540,440
920161157503750205,7,1391814540,440
920161157489496942,7,1391797020,440
920161157489226463,7,1391797020,440
920159973042689259,7,1390523940,440
920159973042591692,7,1390523940,440
1010230612558738532,7,1389307500,440
1010230612558691899,7,1389307500,440
1010228711664734953,2,1387562220,440
1010228711665102132,2,1387562220,440
1010228711575646843,7,1387411140,440
1010228711576051716,7,1387411140,440
1027115945035263388,7,1386369180,440
1027115945035604294,7,1386369180,440
1028241116294739294,7,1385509020,440
1028241116294941564,7,1385509020,440
1027114673666603023,9,1385211614,440
1027114673639890596,7,1385165460,440
1027114673639461223,7,1385165460,440
1027114673636188568,6,1385160815,440
3819571008274731406,6,1385160815,440
1027114673635981000,9,1385160366,440
1027114673615911242,0,1385101800,310
1027114673589730723,9,1385078640,440
1027114673589669669,9,1385078640,440
1027114673587573381,6,1385076420,440
1027114673587526472,9,1385076174,440
1027113495287550972,7,1384295460,440
1027113495287404576,7,1384295460,440
1027113495251175113,6,1384221180,440
1027113495250995399,6,1384221180,440
1027113495004236534,7,1383786780,440
1027113495004348154,7,1383786780,440
1045127258824876975,7,1383342000,440
1045127258825628800,7,1383342000,440
1045127258779618043,7,1383267600,440
1045127258779732720,7,1383267600,440
1045127258731197583,7,1383183780,440
1045127258731371802,7,1383183780,440
1045127165093789833,6,1383131844,440
1171227321286037895,2,1383080640,440
1171227321286040192,2,1383080640,440
1171227321281669975,9,1383073215,440
1171227321288264650,6,1383059700,310
1171227321261439206,6,1383043180,440
1407665032699881884,7,1381445820,440
1407665032700186766,7,1381445820,440
1459455885317525811,7,1380829560,440
1459455885317792092,7,1380829560,440
1462832954641921031,7,1380746640,440
1462832954642245429,7,1380746640,440
1461706326548142051,7,1379970540,440
1461706326548341329,7,1379970540,440
1461706326328267196,7,1379553900,440
1461706326328432326,7,1379553900,440
1461706326326224583,7,1379549400,440
1461706326326518911,7,1379549400,440
1459453913524080261,7,1379365440,440
1459453913524202196,7,1379365440,440
1459453260452475193,7,1378759560,440
1459453260452632192,7,1378759560,440
1459453260264652819,7,1378418160,440
1459453260264743878,7,1378418160,440
1477467113521616793,7,1378248720,440
1477467113521829818,7,1378248720,440
1477467113231681018,7,1377736380,440
1477467113231735453,7,1377736380,440
1477467029064730551,9,1377689397,440
1477467029051646171,7,1377655740,440
1477467029051731874,7,1377655740,440
1477467021911295359,2,1377649080,440
1477467021911529666,2,1377649080,440
1480844086776890895,7,1377040680,440
1480844086777188738,7,1377040680,440
1479715745724627590,7,1374719340,440
1479715745724780060,7,1374719340,440
1478589028393565044,7,1374709500,440
1478589028393882596,7,1374709500,440
1478589028059169959,7,1374174240,440
1478589028059613637,7,1374174240,440
1478589028041352044,3,1374144733,440
1478588572597182127,7,1373929860,440
1478588572597365435,7,1373929860,440
1478588572448539110,7,1373670300,440
1478588572448954740,7,1373670300,440
1478588572402879010,7,1373583360,440
1478588572403192150,7,1373583360,440
1478588572376808355,9,1373540064,440
1478588482025616973,0,1373493780,440
1478588482026559059,7,1373493060,440
1478588482026850301,7,1373493060,440
1479713749033511542,0,1373384725,440
1479713748983635494,0,1373274058,440
1479713748879580312,0,1373060290,440
1479713748762189380,7,1372808700,440
1479713748762378637,7,1372808700,440
1478587214457331438,7,1372296480,440
1478587214457410311,7,1372296480,440
1497726886846108970,9,1371831700,440
1497726886787581167,7,1371685080,440
1497726886787746523,7,1371685080,440
1496600519997098825,7,1371165600,440
1496600519997302860,7,1371165600,440
1495474251075130895,7,1370905920,440
1495474251075411174,7,1370905920,440
1498851600749972230,7,1370563920,440
1498851600749971358,7,1370563920,440
1498851600747568070,7,1370559113,440
1498851600709738478,7,1370476140,440
1498851600709921779,7,1370476140,440
1496599168259477293,7,1370293800,440
1496599168259692866,7,1370293800,440
1461694911448864430,7,1369090320,440
1461694911448961439,7,1369090320,440
1461694911327576927,6,1368826429,440
1478591738299385483,9,1368816111,440
3819571008274731595,9,1368816111,440
1461694911320751341,9,1368814020,440
1461694911320658897,7,1368813240,440
1461694911320751502,7,1368813240,440
1459442480527215423,7,1368563520,440
1459442480527375542,7,1368563520,440
1459442480495523127,7,1368475440,440
1459442480495645082,7,1368475440,440
1459441364990248510,4,1367420363,440
1461692466475688190,7,1366753320,440
1461692466475862367,7,1366753320,440
1461692466298361743,7,1366315440,440
1461692466298597837,7,1366315440,440
1462817008586851458,7,1365030120,440
1462817008587101747,7,1365030120,440
1461690471648712199,7,1364423280,440
1461690471648857747,7,1364423280,440
1459437403511899226,5,1363720200,300
1459437403512236651,5,1363720200,440
1459437403283216636,7,1363131360,440
1459437403283255509,7,1363131360,440
1495465667581127442,5,1362688200,300
1495465667581324567,5,1362688200,440
1496591023731134067,9,1362480156,440
1496591023720900594,7,1362439500,440
1496591023721046167,7,1362439500,440
1496591023584516267,7,1362120780,440
1496591023584594263,7,1362120780,440
1495464934888923912,5,1362091620,300
1495464934889171168,5,1362091620,440
1498842001574259039,5,1361841000,300
1498842001599832964,5,1361841000,440
1498842001448204485,5,1361558040,300
1498842001451394674,5,1361558040,440
1495463757648566848,7,1361231640,440
1495463757648534151,7,1361231640,440
1495463757540093565,5,1360967820,300
1495463757540295120,5,1360967820,440
1495463757506081781,5,1360880280,300
1495463757506186013,5,1360880280,440
1497714836045310726,3,1360781447,10
1497714198984286082,7,1359756240,440
1497714198984541503,7,1359756240,440
1496587760409767815,7,1359162240,440
1496587760409855678,7,1359162240,440
1496587760374208812,5,1359076800,300
1496587760374383385,5,1359076800,440
1496587030424371666,7,1358378100,440
1496587030424451932,7,1358378100,440
1479695996025918116,7,1357689240,440
1479695996025950372,7,1357689240,440
1479695995986387201,6,1357593240,440
1479695995342229308,7,1356137580,440
1479695995342539211,7,1356137580,440
1478591738299228362,6,1356048149,440
3819571008274731964,6,1356048149,440
1479695995305394692,6,1356045600,440
1479695995303905354,5,1356043800,300
1479695995304161706,5,1356043800,440
1479695995284526515,6,1356004007,440
1479695995295873068,6,1355995800,310
1477443562793051024,5,1355342640,300
1477443562793160281,5,1355342640,440
1479694818716044590,5,1354926420,300
1479694818716263422,5,1354926420,440
1479694159201414769,5,1354672920,300
1479694159201621003,5,1354672920,440
1479694159194200761,5,1354651920,300
1479694159194502320,5,1354651920,440
1479694159028555786,5,1354226940,300
1479694159028706321,5,1354226940,440
1514595968650224888,7,1353546000,440
1514595968650377394,7,1353546000,440
1514595968621863417,5,1353459240,300
1514595968621979258,5,1353459240,440
1514595968504279386,5,1353101220,300
1514595968504425785,5,1353101220,440
1514593982848195302,5,1351880460,440
1514593982847921879,5,1351880460,300
1514593982688556315,5,1351377240,440
1514593982656379295,5,1351292040,300
1514593982656459975,5,1351292040,440
1514593982654419914,6,1351259100,310
1514593284419965196,6,1351096311,440
1514593284416150153,7,1351084574,440
1515719084363210743,5,1350512400,300
1515719084363326372,5,1350512400,440
1515718446126978002,0,1349879400,310
1515718446113177809,6,1349861733,440
1515718446106070703,9,1349825789,440
1478591738299156227,9,1349821225,440
3819571008274733002,9,1349821225,440
1515717886903781883,9,1349819700,440
1515717886903492655,5,1349818980,300
1515717886903609675,5,1349818980,440
1478591738299156102,6,1349478145,440
3819571008274733062,6,1349478145,440
1515717886801625753,6,1349469240,440
1515717154650674403,5,1348781700,300
1515717154650772815,5,1348781700,440
1515716545247701085,5,1348263000,300
1515716545247716564,5,1348263000,440
1515715547283262382,5,1347310920,300
1515715547283417264,5,1347310920,440
1515715275368434556,5,1346966700,300
1515715275368546513,5,1346966700,440
1514588903235443393,7,1346794920,440
1514588903235487369,7,1346794920,440
1514588200432699898,5,1345769940,300
1514588200432807889,5,1345769940,440
1514587717799704270,7,1345573620,440
1514587717800005471,7,1345573620,440
1514587717701761938,5,1345252200,300
1514587717701829999,5,1345252200,440
1514587717698559334,5,1345242360,300
1514587717698638234,5,1345242360,440
1514587476578777444,3,1345137317,440
1514587476560821384,5,1345079760,300
1514587476561015080,5,1345079760,440
1533727235319775640,9,1344763829,440
1533727235302767518,7,1344717420,440
1533727235303047360,7,1344717420,440
1533727235276757984,7,1344633420,440
1533727235277077859,7,1344633420,440
1533726502803482967,7,1344038640,440
1533727235250624338,7,1344038640,440
1533726502778204502,5,1343949540,300
1533727235250624347,5,1343949540,440
1533724886296866599,5,1343081280,300
1533727235250624360,5,1343081280,440
1533724886213860015,7,1342846020,300
1533727235250624369,7,1342846020,440
1533724886207466201,2,1342825800,300
1533727235250624370,2,1342825800,440
1533724603064391564,7,1342207320,300
1533727235250624374,7,1342207320,440
1533724603022161002,7,1342052280,440
1533727235250624378,7,1342052280,440
1533724603002091747,7,1341971040,440
1533727235250624386,7,1341971040,440
1461666363704345836,7,1341535260,440
1461666363704425906,7,1341535260,440
1461665741279885119,5,1341277320,240
1461665741193696204,7,1340929020,440
1461665741193779269,7,1340929020,440
1461665741182321812,6,1340889578,440
1461665741183931613,9,1340868600,310
1461665741173285947,2,1340846280,300
1461665741173298544,2,1340846280,440
1389607509745121448,9,1340618400,310
1389606335991794219,7,1339447320,440
1389606335991901181,7,1339447320,440
1388479713341756093,0,1338510120,440
1388479713342420615,0,1338510120,440
1389604433809164995,5,1337300340,300
1389604433809242345,5,1337300340,440
1569747879176372547,7,1336779180,440
1569747879176490731,7,1336779180,440
1568621883787691505,7,1336687920,440
1568621883787794362,7,1336687920,440
1513452059972609940,7,1336087800,440
1513452059972787107,7,1336087800,440
1513451426170009849,5,1335550740,300
1513451426170124614,5,1335550740,440
1514576755575592407,7,1334786700,440
1514576755575726790,7,1334786700,440
1513450490345152195,5,1334704020,300
1513450490345221451,5,1334704020,440
1515700145066093261,0,1333112430,440
1515700145048608808,6,1333021230,440
1515700145038439491,7,1332960600,440
1515700145038479642,7,1332960600,440
1515700144939413895,7,1332462600,440
1515700144939607759,7,1332462600,440
1443641916883086280,5,1331852460,300
1443641916883463791,5,1331852460,440
1443641195607083019,7,1331249760,440
1443641195607194475,7,1331249760,440
1443640567825190991,7,1330651020,440
1443640567825268859,7,1330651020,440
1423373734778660235,7,1330035600,440
1423373734778919320,7,1330035600,440
1425624895804471924,5,1329442440,300
1425624895804496769,5,1329442440,440
1425624705005581974,7,1329263220,440
1425624705005743427,7,1329263220,440
1425624174763535899,7,1328825100,440
1425624174763564624,7,1328825100,440
777105285093110269,5,1328220180,300
777105285093285547,5,1328220180,440
774852936485542122,5,1327624560,300
774852936485654785,5,1327624560,440
777103922011502042,7,1326828180,440
777103922011557614,7,1326828180,440
777103379526814754,5,1326332640,300
777103379531040471,5,1326332640,440
775976912300346485,7,1325713740,440
777103379531040474,7,1325713740,440
774849604976239729,7,1324667820,440
777103379531040479,7,1324667820,440
1478591738298956896,6,1324516966,440
3819571008275049274,6,1324516966,440
777103379531040480,6,1324514220,440
774849604967348119,2,1324513140,440
777103379531040482,2,1324513140,440
775975267432112111,7,1324339260,440
777103379531040483,7,1324339260,440
775975126275451037,7,1324076160,440
777103379531040484,7,1324076160,440
775975126271899643,3,1324035540,440
775975126271195950,6,1324024161,440
1478591738298939336,6,1324008159,440
3819571008275049331,6,1324008159,440
775975126269743516,5,1324005840,240
777103379531040487,6,1323992220,440
775975026191638518,6,1323909000,440
774848423557541914,5,1323471840,440
775973688892906475,7,1322873280,440
775973688892968859,7,1322873280,440
775973688886141723,7,1322787720,440
775973688886179441,7,1322787720,440
775973688877739435,5,1322678940,300
775973688877773102,5,1322678940,440
1208318605480451368,5,1322603880,300
1208318605480471245,5,1322603880,440
1208318605441178513,7,1322092380,440
1208318605441233962,7,1322092380,440
1208318605439380342,7,1322010000,440
1208318605439403344,7,1322010000,440
1218451139447279898,7,1321480320,440
1218451139447333402,7,1321480320,440
1225205844436158410,7,1321043340,440
1225205844436173521,7,1321043340,440
1225205844430324611,5,1320971100,300
1225205844430383897,5,1320971100,440
1226331098170406031,7,1320714660,440
1226331098170454476,7,1320714660,440
1226331098140628726,5,1320272760,300
1226331098140667392,5,1320272760,440
1226330460362963230,7,1319847540,440
1226330460362991102,7,1319847540,440
1226330460361831472,6,1319831450,440
1226330460359730314,6,1319797552,440
1226330460357538920,9,1319764860,440
1227455739175561548,7,1319579280,440
1227455739168047869,6,1319457432,440
1478591738298919875,6,1319244845,440
3819571008275049890,6,1319244845,440
1227455739154610846,6,1319240520,440
1227455739153876496,6,1319232000,440
1227455739148986080,7,1319157000,440
1227455739149039549,7,1319157000,440
1227455739146136428,7,1319114520,440
1227455728040691774,7,1318983120,440
1136257433231758708,7,1318898220,440
1136257433215655409,7,1318633200,440
1136257433213124656,6,1318592751,440
1145264497707326524,7,1318558140,440
1478591738298901838,6,1318539872,440
3819571008275049948,6,1318539872,440
1145264497705950085,5,1318538280,240
1145264497707013256,6,1318536000,440
1145264497705966836,9,1318535340,440
1147514296365092908,0,1316689889,440
1145261770037186184,7,1316556600,440
1145261770015855707,7,1316212980,440
1145261770009807248,5,1316118600,240
1144134698045265425,5,1315337280,240
1144134698024803657,7,1315003140,440
1136252673412231500,7,1314729300,440
1136252673377447704,0,1314145920,440
1141881630007709323,3,1314038160,440
1141881629992984143,6,1313772000,440
1141881629988612261,0,1313715660,440
1141881629987096541,3,1313692140,440
1139628550958390120,7,1312926540,440
1139628550928121386,7,1312415340,240
1138502107046381126,7,1312310400,240
1138502107026730932,7,1311974220,440
1138502107021269597,7,1311882600,440
1138502107020965571,3,1311874680,440
1138502103272165391,7,1311800160,440
1138502020043693491,7,1311723420,440
1136249593785336897,9,1311705000,440
1136249593766561911,5,1311381300,240
1136249593765557871,5,1311366240,240
1136249593756049718,7,1311210000,440
1136249593755553361,2,1311031080,440
1136248180228820881,7,1310077680,440
1136248180218516895,5,1309905960,240
1135121880844019743,7,1309539600,440
1140750797934937602,7,1309312380,440
1140750797924403335,5,1309221180,240
1140750797906667899,6,1308955620,440
1140750797901236738,3,1308881894,440
1140750797900819935,5,1308880620,240
1136247114238449305,6,1308820371,440
1136247114236631313,0,1308785147,440
1478591738298828737,6,1308782639,440
3819571008275050540,6,1308782639,440
1136247114236801977,0,1308774600,440
1136247114236275062,6,1308773940,440
1140750086046947421,0,1308719700,440
1140750086045235178,9,1308701924,440
1478591738298828709,6,1308700088,440
3819571008275050600,6,1308700088,440
1140750086044930158,6,1308696420,440
1140750086045287381,9,1308690000,440
1140750086040837014,3,1308637258,440
1140750086039786146,9,1308618626,440
1478591738298828682,6,1308616634,440
3819571008275050657,6,1308616634,440
1140750086039521930,6,1308608760,440
1140750086039851330,9,1308605400,440
1140750086039845102,9,1308595500,310
1140750086022012291,7,1308342300,440
1140750086011701797,7,1308180780,440
1136246419346212537,7,1308094080,440
1135120413371548256,2,1307751180,440
1138497588137008927,2,1307572260,440
1145252445339021668,7,1307139720,440
1155384923174223192,7,1306888020,440
1177902836167172617,5,1306363140,240
1177902268860672820,5,1305847620,240
1177902268855405439,5,1305760380,240
1172272050085190660,7,1305335520,440
1172272050060866530,7,1305245700,440
1175649119845678556,7,1305068100,440
1175649119840633611,5,1304986140,240
1175649119823854712,5,1304723820,240
1175649119821590482,9,1304665500,310
1175649119819053719,7,1304650200,240
1175649119819013666,6,1304644920,440
1173396677496854403,7,1304022000,440
1177899545999475930,7,1303346880,440
1177899545967759370,7,1303168320,440
1174521409655383453,6,1302919560,440
1174521409652914511,5,1302908160,240
1174521409643124413,9,1302862825,440
1174521409646776025,9,1302857100,310
1478591738298791115,6,1302833992,440
1174521409638643645,6,1302833220,440
1174521409638312980,5,1302831900,240
1174521409640294609,9,1302823800,440
1172269052782234125,7,1302216840,440
1177897097083195701,7,1300932000,440
1180148488062657210,7,1300752060,440
1180148268932124718,2,1300233240,440
1171140449293923856,2,1299885240,440
1478591738298772949,6,1299800236,440
3819571008275051700,6,1299800236,440
1171140449279925793,7,1299800100,240
1171140449280011356,6,1299790080,440
1194783888690503539,5,1299270480,240
1193657717712078011,7,1299021420,440
1193657264024366411,7,1298937960,440
1193657263963762382,7,1298594940,240
1191405026358341883,5,1298403480,240
1190278809412854743,5,1297721700,240
1189151643006606623,7,1297120140,440
1189151642949145918,5,1296775920,240
1189151036721113365,5,1296167940,240
1191402208724431355,5,1295917080,240
1191402208653299351,7,1295476680,240
1195904465646143636,7,1294706400,440
1195904465599892634,5,1294445040,240
1195904465548051428,0,1294153535,440
1198156240109195846,7,1294104540,440
1194777278651672238,2,1293074640,440
1194777278633290118,5,1292971080,240
1192525031401361575,6,1292856448,440
1192525031363674204,2,1292637240,240
1195902209685622919,7,1292300940,440
1195902209684593166,7,1292292180,440
1195902209642493077,7,1292029200,440
1195902098915067208,7,1291945380,440
1195902001500684973,7,1291773300,440
1193649655601069242,7,1291343220,440
1193649655592294733,7,1291335240,440
1191396574273301830,7,1290210600,440
1191396574271899234,5,1290205740,240
1085561235887355557,5,1289430480,240
1084434824720421990,7,1288832940,440
1084434824720730408,6,1288810800,440
1083308283463869905,7,1288653960,440
1082182844194759434,7,1288386600,440
1083308283410978612,7,1288310100,440
1083308283406436691,6,1288282178,440
1083308283405056287,6,1288281300,310
1083308283402799400,6,1288259690,440
1083308283399045164,7,1288225260,440
1083308283399771326,6,1288206000,440
1087811160888260923,7,1287610380,440
1087811160877680308,7,1287527100,440
1086684807978637805,7,1287449340,440
1088936425934217807,7,1286929920,440
1088936425934058124,7,1286576700,440
1081054590915992007,7,1286401020,240
1088936425934249000,3,1285871211,440
1082179846509069469,0,1285870500,240
1085556373033218823,5,1285024500,240
1081052210879197659,7,1284153600,240
1100192256219697213,5,1283998500,240
1100192256216841892,5,1283976720,240
1118206111731002883,7,1283463600,440
650957541060334074,7,1283294700,240
649831135613501270,5,1283204040,240
649831135563601328,5,1282862220,240
653208365126496424,7,1282363380,440
631815968917622939,5,1282070400,240
632941533357446338,9,1281787200,440
566513076690118060,9,1281533400,440
559755657440057489,5,1279733640,240
559755657417158955,7,1279586040,440
596909999186526793,5,1279230360,240
600287624776729523,5,1279064880,240
523725895802448265,7,1278721020,440
523725895794227417,0,1278672465,440
523725895790184765,0,1278644100,310
523725895790326766,7,1278641400,440
1478591738298179577,0,1278634103,440
3819571008275060595,0,1278634103,440
523725895789204882,5,1278633960,240
523725895789277893,0,1278633216,440
523725895782390831,0,1278600000,310
1478591738298179521,0,1278547437,440
3819571008275060647,0,1278547437,440
523725793168164559,6,1278537304,440
523725793168423337,0,1278525600,440
523725793161857705,0,1278514200,310
523725793156869290,7,1278471960,240
1478591738298179495,0,1278459818,440
3819571008275060701,0,1278459818,440
523725793155206276,0,1278455945,440
522599359417074476,0,1278427200,310
1478591738298179452,6,1278365764,440
3819571008275060760,6,1278365764,440
522599359409842678,6,1278364193,440
522599359410047543,0,1278345600,440
522599359401594089,6,1278314693,440
522599359369210511,7,1278099600,310
522599359360371103,7,1278029100,440
522598086058457510,7,1276732680,440
523723526970448131,7,1276556940,440
523723526933935790,7,1276295880,440
527100936677857758,7,1276217400,440
527100936675298837,5,1276195680,260
530477488069812077,7,1275071580,440
530477488060525966,5,1274995500,260
528225040095308653,7,1274474640,440
528225040084887284,7,1274396475,440
528225040078972058,0,1274371200,310
528225040072236562,7,1274308604,440
529350230745542430,7,1273707964,300
523720631588155176,7,1273539659,440
529349679778406182,7,1273270799,440
529349679762747745,0,1273174200,310
529349679755115989,7,1273105813,440
529349679755796842,9,1273087800,440
522593734587446958,0,1272674246,440
522593734580038059,9,1272638400,310
522593734575465261,7,1272586363,440
522593734576239702,9,1272580200,440
522593645376774043,0,1272560400,310
522593645369932392,2,1272486942,440
524844087481154075,7,1271360666,440
523716718239764051,6,1270009800,440
525967510382820474,7,1269030460,440
525967510378716070,7,1268950970,440
523713810393652624,7,1267048044,440
523713716399596464,7,1266962129,300
523711227310130737,4,1261444539,440
1478591738297993890,6,1260676499,440
3819571008275282199,3,1260676499,440
523711227310130749,6,1260675300,440
1478591738297993770,9,1260498881,440
3819571008275282363,9,1260498881,440
523711227310130752,9,1260494188,440
1478591738297882042,6,1250216417,440
3819571008275284697,6,1250216417,440
523711227310130770,6,1250203503,440
1478591738297881981,9,1250113252,440
3819571008275284831,9,1250113252,440
523711227310130774,9,1250110871,440
1478591738297843817,3,1242955066,440
3819571008275285255,3,1242955066,440
523711227310130783,6,1242946760,440
1478591738297843780,8,1242866406,440
3819571008275285309,8,1242866406,440
523711227310130784,6,1242863224,440
1478591738297843726,9,1242767536,440
3819571008275285381,9,1242767536,440
523711227310130785,9,1242766831,440
1478591738297843665,6,1242692064,440
3819571008275285439,6,1242692064,440
523711227310130795,6,1242666864,440
1478591738297843620,3,1242420980,440
3819571008275285494,4,1242420980,440
523711227310130796,4,1242418273,440
1478591738297843608,0,1242336777,440
3819571008275285566,0,1242336777,440
523711227310130797,0,1242335851,440
1478591738297843558,9,1242255786,440
3819571008275285677,9,1242255786,440
523711227310130799,9,1242254902,440
1478591738297805540,6,1238621870,440
3819571008275286059,6,1238621870,440
1478591738297768154,5,1235086454,440
3819571008275286351,5,1235086454,440
1794014851389227,2,1741783099,2767030
1793384379541437,9,1741716036,2767030
1793384379349563,9,1741205013,2767030
1792116353177288,9,1740013287,2767030
1792116353175546,9,1740009921,2767030
1791580426130015,6,1739894844,2767030
1791580425963027,7,1739449536,2767030
1791482680863454,9,1739379950,2767030
1790848102589844,9,1738771522,2767030
1789039014507310,9,1737490235,2767030
1788311419057552,7,1736537456,2767030
1788311419022751,6,1736445958,2767030
1788311418994830,9,1736372555,2767030
1787858252859818,9,1736212323,2767030
1786409468847041,6,1734537615,2767030
1785321795760015,7,1733817698,2767030
1794102528067179,4,1741856723,1973530
1792116353178636,2,1740017675,1973530
1790848102611879,4,1738830316,1973530
1789580505301436,2,1737626584,1973530
1789580505300992,4,1737626202,1973530
1789580505294713,4,1737608695,1973530
1789580505294712,4,1737608614,1973530
1786573930648664,4,1734683914,1973530
1786409468865479,0,1734587664,1973530
1785321795629852,4,1733468619,1973530
1784506359137106,7,1733129968,1973530
1784506359008270,4,1732787932,1973530
1783238125204311,4,1731568049,1973530
6212245217911819678,4,1729769572,1973530
6212245217911813752,4,1729754418,1973530
6212245217911810219,4,1729744856,1973530
6212245217911809341,4,1729742280,1973530
6212244583174877437,4,1729147094,1973530
6350729003493506361,4,1727944699,1973530
6350729003489889626,4,1727858984,1973530
6339469370181685396,4,1727348887,1973530
6341720536502633917,2,1726750903,1973530
6250522009515013643,4,1726191048,1973530
6250522009513352129,4,1726151676,1973530
6250522009512390108,7,1726128893,1973530
6250522009511917907,4,1726117698,1973530
6250522009511828293,4,1726115576,1973530
6242640076596130146,4,1725527801,1973530
6240387642468507977,7,1725273073,1973530
5875595438690542074,4,1724388091,1973530
5963414363389497987,2,1723099512,1973530
5963413728338574807,4,1722599355,1973530
5842939267336957110,7,1720143592,1973530
5842939267335119540,7,1720100035,1973530
5741605105606193249,4,1716444778,1973530
5747233970419104294,8,1715879103,1973530
5766372999943421881,4,1714651185,1973530
5766372999943231072,2,1714646669,1973530
5766372999942713585,4,1714634402,1973530
5688680204368970266,4,1709184616,1973530
5728086065183781557,4,1708651814,1973530
5728086065181047531,4,1708587024,1973530
5582843074941238776,4,1706803940,1973530
6300039510119472371,4,1704972827,1973530
6300039510118987086,4,1704961337,1973530
6300039510118568419,4,1704951409,1973530
5410576585179870631,7,1704347505,1973530
5409450219975712979,4,1702633645,1973530
7585814657460198353,4,1702552276,1973530
7585814657459213193,4,1702528922,1973530
6560117310263205143,4,1700117736,1973530
5151601211225150093,4,1685603224,1973530
5151601211224954527,4,1685598588,1973530
6557848386940063115,4,1683783101,1973530
5138087875078420570,4,1683181029,1973530
5133583099799197760,4,1682085267,1973530
5133583099798932638,4,1682078983,1973530
5070528176562227208,6,1677764933,1973530
5059268543374418517,6,1677573706,1973530
5059268543374306466,4,1677571049,1973530
1794102528104931,7,1741950393,2074920
1794102528061810,6,1741842047,2074920
1794102528061808,6,1741842035,2074920
1792751526022039,6,1740697228,2074920
1792751525998516,7,1740638613,2074920
1792116353347085,4,1740464891,2074920
1792116353183511,2,1740031387,2074920
1791580426115392,4,1739858270,2074920
1791580425960584,7,1739443613,2074920
1791580425955037,2,1739430077,2074920
1791580425955036,3,1739430048,2074920
1790848102774167,4,1739256510,2074920
1790848102608761,9,1738821774,2074920
1790214123234577,3,1738650412,2074920
1789580505330516,8,1737702013,2074920
1789580505330083,4,1737701597,2074920
1789580505306374,4,1737639476,2074920
1789580505296907,2,1737615006,2074920
1789039014488926,4,1737442855,2074920
1789039014368299,7,1737121247,2074920
1789039014356951,7,1737092296,2074920
1789039014322968,2,1737002458,2074920
1788311419037404,7,1736486713,2074920
1788311418968737,4,1736302978,2074920
1787858252867258,7,1736232451,2074920
1787858252833668,4,1736143259,2074920
1786573931061007,7,1735808430,2074920
1786409468860658,2,1734574630,2074920
1785774543677969,4,1734418035,2074920
1785774543650876,4,1734346878,2074920
1785774543543032,7,1734055250,2074920
1785774543515352,2,1733984561,2074920
1785321795757839,9,1733811890,2074920
1785321795658650,7,1733542896,2074920
1785321795635740,4,1733483140,2074920
1785321795628518,7,1733465050,2074920
1785321795625920,4,1733458218,2074920
1784506359243025,4,1733404721,2074920
1784506359234633,4,1733384183,2074920
1784506359232412,9,1733377518,2074920
1783872411999537,7,1732241023,2074920
1783872411982605,7,1732198208,2074920
1783872411972839,7,1732174264,2074920
1783238125367044,4,1732001415,2074920
1783238125202130,7,1731561881,2074920
1783238125170853,4,1731480690,2074920
6148070194801625711,7,1731063695,2074920
6148070194801586523,9,1730962354,2074920
6146943657173920944,7,1730433646,2074920
6146943657173858117,9,1730271821,2074920
6212244583174934972,7,1729148459,2074920
6211118320228951804,7,1728700260,2074920
6931694080294008068,7,1728626610,2074920
6931694080291266417,4,1728561631,2074920
6931694080290201701,2,1728536410,2074920
6350729003489330568,7,1727845739,2074920
6339469370185515009,7,1727439622,2074920
6339469370184734155,7,1727421129,2074920
6339469370181067170,2,1727334236,2074920
6250522009520252643,7,1726315220,2074920
6250522009515847463,7,1726210821,2074920
6250522009513106766,2,1726145867,2074920
6242640076600211665,6,1725624519,2074920
6242640076599411618,4,1725605571,2074920
6242640076597179768,4,1725552670,2074920
6242640076597170481,4,1725552449,2074920
6242640076595813698,2,1725520312,2074920
6240387642460381638,7,1725080422,2074920
6240387642456613564,4,1724991122,2074920
6240387642454777343,7,1724947597,2074920
6240387642453546636,3,1724918445,2074920
6240387642453085866,2,1724907522,2074920
5875595438692363840,6,1724431246,2074920
5875595438691653932,9,1724414432,2074920
5875595438687399027,6,1724313607,2074920
6909171012594161544,7,1723691933,2074920
5963414363407783507,7,1723533038,2074920
5963414363389689053,0,1723104039,2074920
5963413728353160952,7,1722945133,2074920
5963413728339227702,7,1722614820,2074920
5963413728339226868,7,1722614801,2074920
5963413728337844047,6,1722582044,2074920
5963413728333906685,4,1722488726,2074920
5963413728330856111,6,1722416426,2074920
5963413728330551968,2,1722409220,2074920
5963413094344068988,9,1721813897,2074920
5969041959967582395,7,1721374519,2074920
5969041959964809825,7,1721308807,2074920
5969041959964458388,0,1721300484,2074920
6000566704268471440,7,1720769236,2074920
5842939267360571651,9,1720703326,2074920
5842939267339087646,7,1720194081,2074920
5842939267328256946,7,1719937398,2074920
5842939267326832239,4,1719903654,2074920
5842939267323186396,3,1719817241,2074920
5741605105613883362,4,1716627024,2074920
5741605105613604544,2,1716620418,2074920
5480373588799858779,7,1695106513,2074920
5129083846357853501,8,1686677185,2074920
4714731755414221330,4,1666319476,2074920
1793384379380557,9,1741285849,1869590
1788311419153767,9,1736798262,1869590
1784506359250085,9,1733421629,1869590
6350729003509637688,9,1728327053,1869590
6240387642455308462,9,1724960186,1869590
5963413094345211308,9,1721840959,1869590
5842939267335661060,9,1720112859,1869590
5768625435396344307,9,1715277619,1869590
5762994032388510809,9,1713390171,1869590
6474562312185372743,9,1712941361,1869590
7309977427454291873,3,1710882708,1869590
5750603429273421370,7,1707934265,1869590
5510783579247727253,9,1704913653,1869590
5409450219977123046,2,1702667055,1869590
5395937983661808954,9,1701367594,1869590
6560117310265073018,9,1700162124,1869590
5288974951207252124,2,1698948012,1869590
5218041989043534657,9,1697734939,1869590
5220292521181383616,2,1696528790,1869590
5219165352624576370,9,1695321704,1869590
5159491482909747570,2,1694111861,1869590
5141475722327379223,9,1692889230,1869590
5127964289174012257,9,1692304092,1869590
5124585319849978161,9,1691086925,1869590
5124584051970708660,9,1689880396,1869590
5124582150182709997,9,1689275557,1869590
5124582150156871573,9,1688662950,1869590
5124581515255618503,9,1687460424,1869590
5129083846358102150,9,1686683073,1869590
5151600576607047225,2,1685470718,1869590
5140340943324349765,9,1684869315,1869590
5140340943313668570,7,1684616071,1869590
6557848386959894117,9,1684253284,1869590
5138087875098327533,4,1683653028,1869590
5133583642670255768,9,1683054975,1869590
5133583642656078891,6,1682718864,1869590
5133583642651038183,3,1682599425,1869590
4980448574109040276,9,1670515294,1869590
4789043687474619677,9,1668704415,1869590
4714731755412473684,9,1666278052,1869590
4613399405940460601,9,1665068580,1869590
6258337460556289446,9,1663547433,1869590
1784506359140994,7,1733139079,261550
5842939267309441029,7,1719491486,261550
5582843074941351575,7,1706806613,261550
5410576585129911844,2,1703163170,261550
7585814657461328138,7,1702579030,261550
5480373588796893706,7,1695036231,261550
5159491482923721511,3,1694443138,261550
5124582150127345736,9,1687963041,261550
5124581515258212808,7,1687521920,261550
5124581515258087359,2,1687518954,261550
5140340943305061332,2,1684412016,261550
6539831519499589051,2,1681724992,261550
5125698536872028689,2,1679402190,261550
5070528810298914184,7,1678528444,261550
5070528176557709918,7,1677657862,261550
5035620840531773950,2,1673546424,261550
5000716037493951553,2,1672937325,261550
5000716037471797286,2,1672412041,261550
4979322040012534992,2,1669801309,261550
4789043687474307148,2,1668696966,261550
4732747437219900314,2,1667906915,261550
6402455182505015197,2,1665677350,261550
4613399405940430208,2,1665067864,261550
4588629064111162423,9,1664470239,261550
4584121659777905625,7,1660760146,261550
4598755821868063747,2,1658477966,261550
6214419130139169714,2,1655390174,261550
4480532680669141374,7,1654790232,261550
4469272893492646641,2,1654177270,261550
4437747060840380676,9,1653849030,261550
4437747060829945873,9,1653652522,261550
5493837466497212533,2,1650368041,261550
5631194088572811612,7,1647265378,261550
5631194088572798483,2,1647265064,261550
4246335832508099819,2,1645707790,261550
4235074931847365622,2,1643900662,261550
4224939931832809813,9,1642195849,261550
4224939931827879624,7,1642078904,261550
4224939386876436351,7,1641479714,261550
4224939386876434964,7,1641479682,261550
4224938027320727111,2,1640771264,261550
4224938027302829974,4,1640346534,261550
5320438099054313233,2,1640097442,261550
4224936849654053539,2,1639139074,261550
4224936849654053089,2,1639139063,261550
4224935490632045074,2,1637758832,261550
4971405952704144299,2,1636713443,261550
4186652991113524514,9,1636127180,261550
4103335143120606472,7,1635177144,261550
4103335143120582561,2,1635176573,261550
4698935641755470086,7,1634223298,261550
4069556867204072408,2,1633607281,261550
4069556867204036067,9,1633606422,261550
3936699406888361706,7,1632841412,261550
3936699406874036094,2,1632501405,261550
3936699406866711581,2,1632327601,261550
3936699406866710853,2,1632327583,261550
5418383147735639153,2,1631801727,261550
4020014731795027965,7,1631197229,261550
4018887653980068186,7,1629981361,261550
4022264629311911159,2,1629392954,261550
4022264629311910342,2,1629392934,261550
4032396530954620061,2,1628500009,261550
4038025597327113431,9,1627930981,261550
4038025597326182043,2,1627910360,261550
4038025597326157195,2,1627909766,261550
4036897704067031844,7,1626111389,261550
4032392655107254959,2,1625573239,261550
4032392655107224062,2,1625572509,261550
4032392655067418633,9,1624627465,261550
4093189984239315574,2,1623354012,261550
4069544815375315234,7,1622573163,261550
4767601588125620050,2,1621268670,261550
4074045878091137529,2,1620144174,261550
4074045878091135195,7,1620144118,261550
4074045878073059950,2,1619714898,261550
4074045244000502576,2,1619017774,261550
4054904311339434069,2,1618414840,261550
4117954073003272284,2,1617993743,261550
4117954072999262117,2,1617898530,261550
4026755437314306601,2,1617064433,261550
4048146376728682945,7,1616514406,261550
5556851879153763520,2,1615924544,261550
4058278841277132730,7,1615479746,261550
4058278841273428354,2,1615391775,261550
4058278841273412480,2,1615391396,261550
4060529371705327525,2,1614335345,261550
4059402835314276244,9,1613762197,261550
4059402835310314084,2,1613668104,261550
4703417046218020247,2,1613488752,261550
4053772703629460740,2,1612965273,261550
4051520458184124188,2,1612802743,261550
4051520458173018199,7,1612538978,261550
4051520269925574150,2,1612440305,261550
4051520269925572246,2,1612440259,261550
4050393736334305401,2,1611747311,261550
4043637702547053997,2,1611225167,261550
4483864038817705205,2,1610994810,261550
3942305442263848551,2,1610476397,261550
3942305442263808778,0,1610475457,261550
3917534300098518458,2,1609415503,261550
3917534300077079284,2,1608906224,261550
3917534300074200484,2,1608837835,261550
3917534300074199948,2,1608837822,261550
3917534300070763892,9,1608756218,261550
3879252510649833012,2,1608050633,261550
3856733878297833559,2,1607077441,261550
3856733252009878739,2,1606486701,261550
3856733252002903605,2,1606319992,261550
3856732771957628909,2,1605891029,261550
3856732611032442432,2,1605807007,261550
3856732611032440512,2,1605806961,261550
3884878205233098358,2,1604421983,261550
3895010671355204781,9,1603806069,261550
3895010671337571510,2,1603384600,261550
5422856308625501638,2,1603094683,261550
5422856308625492749,2,1603094471,261550
3853351107557957981,0,1602368933,261550
3853351107553213874,2,1602255524,261550
3853351107546228617,0,1602088560,261550
3807188575849644101,2,1601574677,261550
3807188575845964351,2,1601486710,261550
3715990047709931491,2,1601321983,261550
3715990047709929514,2,1601321935,261550
3715990047698451115,2,1601047510,261550
3819572206286154134,2,1600795220,261550
3819572206267940609,2,1600359791,261550
4249665521694232551,2,1600102666,261550
3819571008274805121,2,1599586204,261550
3819571008274802657,2,1599586145,261550
3819571008270736135,9,1599488933,261550
3819571008260518182,2,1599244630,261550
3819570936611990663,2,1599067013,261550
3819570936610985077,2,1599042972,261550
3788045105521458805,0,1598477646,261550
3788045105521201958,2,1598471507,261550
3788045105518164050,0,1598398881,261550
4644854581176950612,2,1598294724,261550
3670950880882958630,7,1598042136,261550
3670950880879108849,0,1597950093,261550
3670950880874515710,9,1597840288,261550
3670950880874515174,0,1597840275,261550
4828375451937900911,0,1597774822,261550
4828375451923159984,0,1597422372,261550
4828375451923029796,2,1597419261,261550
3667572547701707762,2,1597256978,261550
3667572003476768595,2,1597155403,261550
3667572003459119005,2,1596733459,261550
3664193578973975501,9,1596455532,261550
3664193578968066404,9,1596317159,261550
3664193578960426878,0,1596134507,261550
3664193578956557050,2,1596041989,261550
3978319116854974027,2,1595957359,261550
3978319116850372454,2,1595847349,261550
3978319116850368098,0,1595847245,261550
3444639924515907084,9,1593613470,261550
3384966595871193633,9,1592509534,261550
3309530667977048323,7,1591906798,261550
3157533729871537955,2,1591737301,261550
3157533729857000511,0,1591389749,261550
3157533548742318926,9,1591306768,261550
3157533548742315534,2,1591306687,261550
3142896212089513709,2,1590689119,261550
3112496281292156099,2,1590085971,261550
4742798819311717457,9,1589487517,261550
4742798819311712628,0,1589487401,261550
3110243214559974850,2,1588962214,261550
3110243214556585064,2,1588881169,261550
3110243214556578057,9,1588881002,261550
3112493747275011558,9,1587843136,261550
3112493747271299871,9,1587754388,261550
4654976078219760086,2,1587413333,261550
4654976078208346737,0,1587140440,261550
4654976078205489447,0,1587072124,261550
4654976078204642243,9,1587051869,261550
3112492477901250436,2,1586804204,261550
3112492477890361884,2,1586543849,261550
3112492477886482713,2,1586451105,261550
3112492477883132882,2,1586371012,261550
2978509755364188199,2,1586280611,261550
2978509755360571012,9,1586194130,261550
2978509755356407653,4,1586094583,261550
2978509755353291200,9,1586020065,261550
2978509755349681652,2,1585933762,261550
2978509755346524582,7,1585858287,261550
2978509755342960092,7,1585773066,261550
2984138620264246015,2,1585691036,261550
2984138620263900632,2,1585684821,261550
2984138620259984364,2,1585591191,261550
1793384379324732,0,1741140356,218230
1792116353174652,3,1740006475,218230
1791482680871287,3,1739400929,218230
1788945554740594,3,1736904448,218230
1786409468826985,4,1734485814,218230
1783238125161260,4,1731454567,218230
6148070194801548747,3,1730862510,218230
6211118320239657895,3,1728954029,218230
6350729003510491185,3,1728347284,218230
6350729003494705742,3,1727973095,218230
6339469370198826084,6,1727755135,218230
5875595438704251868,3,1724713085,218230
5963414363395203201,9,1723234801,218230
5963413728351433820,3,1722904182,218230
5963413094364497545,4,1722298086,218230
5969041959981165362,4,1721696507,218230
5969041959959726689,3,1721188340,218230
6000566704267090761,4,1720736599,218230
5842939267354844249,0,1720567594,218230
5746109972565151383,9,1718065485,218230
5746109972565128496,9,1718064938,218230
5741605105626835189,4,1716934029,218230
5747233970413038313,6,1715735357,218230
5749481331441944776,0,1711749702,218230
5749481331435141630,6,1711588481,218230
5686429670865921420,7,1710291124,218230
5679673637653715733,0,1709854007,218230
5728086065182622635,7,1708624342,218230
5750603429270571279,3,1707866727,218230
5519792046249131996,0,1706207969,218230
5519792046246619277,3,1706148430,218230
5510784213092570218,3,1705457196,218230
5410576585127645016,9,1703109447,218230
5395937983659337682,3,1701309033,218230
5302486388017467561,6,1699995040,218230
5302486388013681370,9,1699905304,218230
5218041989062494142,3,1698184382,218230
5220292521178300752,3,1696455725,218230
5124584686240492463,0,1690331248,218230
5124584051964220163,3,1689726598,218230
5124582150162067355,6,1688786121,218230
5124582150127725992,4,1687972054,218230
5129083846333236705,3,1686093649,218230
5151601211220559394,0,1685494400,218230
5140340943299877363,3,1684289114,218230
6557848386946509726,9,1683935920,218230
5121196841285414458,3,1680715049,218230
6839319551983312101,0,1680214912,218230
5143714207945069550,3,1680048586,218230
5070528810286516872,3,1678234564,218230
5059267908808764313,3,1676422426,218230
5036749277224022601,0,1675818753,218230
5035621474405668254,3,1674008102,218230
5035620840525326721,3,1673393594,218230
4991708208072733951,3,1670979345,218230
4980448574103262647,6,1670378335,218230
4979322040011013255,2,1669765219,218230
4789043687472473381,6,1668653165,218230
4867853509332814344,3,1665621965,218230
4613399405935049875,6,1664940313,218230
4589754330729632414,4,1663795315,218230
4606641560246332629,3,1662593345,218230
4514316500022339220,9,1661899476,218230
4514316499996972929,3,1661297807,218230
4584121659775047928,3,1660692370,218230
4607764924144445270,3,1660090469,218230
4598757090444875288,6,1659492047,218230
4587497456675091849,3,1658877149,218230
4598755821859580691,3,1658276785,218230
4591999790061173672,0,1657674595,218230
4474904295752129495,6,1656519548,218230
4480533160880647263,3,1655257582,218230
4437747060820794733,7,1653435475,218230
4405095329959035248,0,1652829532,218230
4348799067304959368,0,1651624587,218230
4347669995476099673,3,1649107986,218230
4347669995456949959,9,1648653714,218230
4259848535825516791,0,1647475198,218230
4247462367450253671,3,1646782713,218230
4235075565593585491,3,1644368059,218230
4235074931841376552,3,1643758571,218230
4227186657141824559,9,1637262596,218230
3938951840899805572,3,1633473890,218230
4032392655090498237,0,1625175389,218230
4074045878069414467,6,1619628348,218230
3856733878292611791,9,1606952635,218230
3887130640390741737,3,1604532108,218230
3807188575868000018,3,1602013521,218230
3807188575863736840,9,1601911608,218230
3715990047700134807,9,1601087759,218230
3819572206272705699,0,1600473698,218230
4249665521683925698,3,1599860410,218230
3819571008258341017,0,1599192586,218230
3788045105527868495,9,1598630438,218230
3664192945738340647,0,1595464441,218230
3444640809416818064,3,1594163389,218230
3444639924514064192,3,1593569409,218230
3384966595866864764,0,1592406055,218230
3142896212094135925,9,1590799621,218230
3127131079144598754,3,1588716131,218230
3127131079119826518,3,1588123849,218230
3112493111841463418,0,1586970029,218230
3112492477885903364,0,1586437256,218230
2984138620239332445,3,1585097415,218230
2578812118957949979,0,1582934210,218230
2578811485596990515,3,1582328206,218230
3183419193832698920,3,1581727300,218230
2582187916832753652,9,1580934459,218230
2597949245061991407,3,1580140833,218230
3690071589839325982,3,1579138739,218230
3370312875267306239,6,1576609217,218230
2468465044715058731,3,1574311507,218230
2451574645855584545,7,1572470741,218230
2422298078078119711,6,1569374837,218230
2415540140453365343,0,1567014306,218230
2412159905930381935,3,1564772432,218230
3364670677179999568,3,1564099292,218230
2432417221737152556,0,1556232411,218230
2432417221733146051,0,1556136618,218230
2444779293777269752,0,1534794458,218230
2363697377450718712,0,1518122898,218230
3819571572130093163,0,1518122898,218230
2175660043475698756,0,1506866433,218230
2093463643449939107,0,1501111360,218230
3819571572130094677,0,1501111360,218230
1967358417050178402,3,1497305074,218230
3819571572130095528,3,1497305074,218230
1858142318022224710,0,1493170995,218230
3819571572130095877,0,1493170995,218230
3819571572130096570,2,1481144621,218230
91592690487810106,2,1481144621,218230
378661012862116456,6,1447171234,218230
378660375673250286,9,1446146912,218230
3819571572130098556,9,1446146912,218230
409054598167964158,0,1441390904,218230
3819571572130098874,0,1441390904,218230
423687491907888829,0,1437773861,218230
3819571572130099552,0,1437773861,218230
499119164380537351,0,1434564357,218230
3819571572130099889,0,1434564357,218230
519383914591449516,3,1433246414,218230
518257376269819319,9,1432317497,218230
3819571572130100227,9,1432317497,218230
518256108452324819,0,1431108841,218230
3819571572130100585,0,1431108841,218230
518255472502330139,6,1430395206,218230
517128306276063843,0,1429132061,218230
3819571572130101521,0,1429132061,218230
567767801539668354,6,1404259742,218230
3819571572130102144,6,1404259742,218230
3171973017004818894,9,1403826639,218230
3188859613687674328,0,1401899523,218230
3819571572130102470,0,1401899523,218230
3206872999402908960,0,1400613932,218230
3819571572130102777,0,1400613932,218230
920162437038430923,9,1393247162,218230
920159973017556934,9,1390489206,218230
1010230612564268118,3,1389316138,218230
1009102271155072538,0,1387295637,218230
1027114673534488343,0,1384268922,218230
1477467029085230378,3,1377723044,218230
1479715745977485589,9,1375110308,218230
1497726886808135964,9,1371742565,218230
1462821444644743773,9,1369310259,218230
1462819626670830938,0,1367604888,218230
1496591023723488957,0,1362450943,218230
1497714199087401694,0,1360011666,218230
1477443562794914270,0,1355346532,218230
1792751526059902,6,1740794292,2399830
1792116353247092,6,1740194910,2399830
1790214123131767,6,1738371502,2399830
1785774543572859,6,1734133473,2399830
1783238125262990,6,1731718988,2399830
6148070194801647115,6,1731119029,2399830
6350729003499510648,3,1728086974,2399830
6341720536507947319,6,1726876830,2399830
6250522009518988682,0,1726285263,2399830
5963413094353615708,6,1722040137,2399830
5842939267340352246,3,1720224049,2399830
5842939267315045454,6,1719624236,2399830
5759622039981689255,3,1719019373,2399830
5741605105612575909,0,1716596029,2399830
5747233970424105534,6,1715997640,2399830
5759616966669803248,9,1714175031,2399830
6474562312186505936,6,1712968222,2399830
5756237364313423590,6,1712361872,2399830
5749481331442259666,6,1711757170,2399830
5728086065187355202,6,1708736490,2399830
6300039510125375505,9,1705112734,2399830
5288974951212029975,3,1699061244,2399830
5151600576605589373,9,1685436186,760160
5151600576602451001,5,1685361765,760160
5151600576591665130,9,1685105994,760160
5133583099812942031,7,1682411134,760160
5133583099809701063,9,1682334313,760160
5133583099798995434,5,1682080473,760160
5143713753746106470,9,1679991182,760160
5143713753742892783,6,1679914994,760160
5125698536872095876,5,1679403775,760160
5059268543374472724,9,1677574992,760160
5059268543371591439,5,1677506677,760160
5059268543357083152,5,1677162669,760160
5035621474428590863,5,1674551457,760160
5035621474425982468,5,1674489611,760160
5035621474415054279,9,1674230541,760160
4980448574126289497,5,1670924237,760160
4980448574123009776,6,1670846510,760160
4980448574108178058,5,1670494871,760160
6402455182522105510,9,1666082605,760160
6402455182519418467,3,1666018896,760160
6402455182508181460,6,1665752422,760160
4606641560266076553,6,1663061663,760160
4606641560263112017,5,1662991349,760160
4606641560252283267,5,1662734485,760160
4607764924164629468,5,1660569237,760160
4607764924152968019,5,1660292613,760160
4587497456684396802,9,1659099605,760160
4591999790063122805,5,1657720826,760160
4539082035564251896,5,1657319802,760160
4480532526713401555,5,1654677311,760160
4469272893492779994,5,1654180439,760160
4292505348829406543,5,1653062693,760160
4348799082185790074,7,1651650370,760160
4348798430275515568,5,1651175749,760160
4186652357021304740,9,1635361660,760160
3938951840895131529,6,1633362981,760160
3936698772940802186,3,1631701688,760160
6212245217911990807,0,1730221223,1938090
6212245217911828268,0,1729789287,1938090
5124585319846164822,6,1690996553,1938090
5124585319846139566,9,1690995950,1938090
5126832680917939374,9,1686759518,1938090
6539831519507846725,7,1681920662,1938090
5132456474583568775,9,1681309999,1938090
6839319552001069532,0,1680635923,1938090
5125698536850558076,0,1678893170,1938090
5059268543361831039,0,1677275221,1938090
5059267908815441458,7,1676580658,1938090
5059267908811809759,9,1676494595,1938090
5059267908811809440,6,1676494587,1938090
5035622743881094452,9,1675370546,1938090
5035622109524516559,7,1675099182,1938090
5035622109506779033,9,1674678823,1938090
5035621474415450813,7,1674239926,1938090
5623338145766135355,2,1671474735,1938090
4991708208075002399,6,1671033106,1938090
4980448574123927534,3,1670868239,1938090
4979322040014713335,7,1669852924,1938090
4836332027649933894,7,1669165380,1938090
4789043687471018244,9,1668618413,1938090
4732747437206483930,0,1667588752,1938090
4480532526714848774,9,1654711615,1938090
1904306757809261505,9,1495651411,588430
4249665521687167947,9,1495651411,588430
1792751526013695,0,1740675275,304930
1786409468882537,0,1734630129,304930
6212244583176304401,9,1729180894,304930
5875595438684992367,2,1724256556,304930
6909171012596082219,0,1723737451,304930
5842939267331738357,0,1720019900,304930
6890025005353918170,7,1718402889,304930
5746109972545794901,7,1717606786,304930
5741605105608734486,0,1716504987,304930
5768625435396076329,2,1715271270,304930
5589599109284233549,2,1707848608,304930
5410576585156995078,7,1703805180,304930
5410576585138475820,4,1703366096,304930
5410576585130701191,9,1703181850,304930
5382426458981420664,0,1700846165,304930
5229301621573024028,7,1698253214,304930
6438516944124945622,2,1697221468,304930
5124584686250930867,4,1690578662,304930
5124584686250538822,2,1690569372,304930
5124582150182432125,4,1689268967,304930
5124582150160530158,0,1688749671,304930
5896948309843495315,0,1686931411,304930
5151601211230316898,2,1685725643,304930
5151600576592141059,0,1685117277,304930
6539831519489702266,0,1681490537,304930
6839319551989652572,0,1680365242,304930
6839319551985976817,2,1680278080,304930
5143713753733345900,2,1679688593,304930
5070528176566519196,0,1677866624,304930
5059268099240648828,2,1676653665,304930
5035622109513551547,0,1674839308,304930
5623338145755106142,3,1671213193,304930
4980448574112885391,0,1670606409,304930
6368680725425319955,0,1668187513,304930
4714731755416233069,7,1666367138,304930
6402455182508901015,2,1665769471,304930
4588629064114708842,0,1664554318,304930
4621277624694858239,0,1662133298,304930
4607764924154333498,0,1660324986,304930
4937651144689290315,0,1657899785,304930
4474904295781223350,0,1657209609,304930
4469272893496338248,9,1654264845,304930
4292505348829395470,0,1653062428,304930
5849624375822297470,0,1652459427,304930
4348797798079510696,2,1650645159,304930
4347669995464838651,0,1648840817,304930
4259848535831587417,2,1647619210,304930
5631194088562578600,0,1647022566,304930
4246335832512449046,2,1645810931,304930
6154735015618937946,0,1644614297,304930
4237325463675860839,0,1642793177,304930
4224939386880433541,2,1641574541,304930
5320438099040110509,6,1639760432,304930
4224936849654796973,6,1639156701,304930
4224935490639483306,7,1637935261,304930
4227186657145139939,2,1637341253,304930
4103335143109710542,3,1634918565,304930
4698935641759710979,2,1634323914,304930
5418383147740158386,2,1631908958,304930
4020014731799480832,0,1631302878,304930
4020014099092889520,0,1630698855,304930
4022264629315528816,2,1629478808,304930
4032396530945164707,2,1628275529,304930
4204657340169497836,2,1626451161,304930
4032392655093426692,0,1625244910,304930
4056035920059317852,7,1624042704,304930
4069544815360349742,0,1622217792,304930
4069544181432156532,0,1621612328,304930
4767601588114684386,0,1621008962,304930
4072920612505781083,9,1620403255,304930
4074045244007925483,0,1619194015,304930
4117954073002835585,0,1617983379,304930
4023377846279193875,2,1617379436,304930
4026754911349046314,0,1616772961,304930
4048146376714167230,2,1616169659,304930
4058279008613396471,0,1615572020,304930
4057152305716932175,0,1614966101,304930
4060529371706381084,0,1614360351,304930
4059402835313963788,6,1613754776,304930
4703417046203798186,0,1613150966,304930
4051520458173366458,0,1612547251,304930
4050393736342429170,7,1611940217,304930
4043637702551686049,0,1611335158,304930
3942305442249256287,2,1610129770,304930
3917534300102970722,2,1609521264,304930
4090922416499404951,2,1608311032,304930
3879252510635408545,9,1607705809,304930
3856733878298853370,2,1607101808,304930
3872494575592039762,0,1605292030,304930
3895010671341179495,6,1603470831,304930
3853351107553465881,0,1602261544,304930
3715990047698671116,0,1601052768,304930
3819572206271566849,7,1600446474,304930
4249665521683285637,0,1599845286,304930
3664193578963772233,0,1596214487,304930
4738301002604018121,6,1595001658,304930
3516698970132226772,0,1594396925,304930
4742798899912367325,0,1589558618,304930
2984138620249590422,0,1585342665,304930
2579938650927885063,0,1583520415,304930
2582187916840008963,6,1581107929,304930
3690071589845866271,2,1579295110,304930
2587811707170118267,6,1575655156,304930
2448197582023536304,0,1573240405,304930
2451574645862270484,0,1572630578,304930
2504491307407700358,6,1572021856,304930
2406534841132576685,6,1569007048,304930
3658535001296014513,0,1568404945,304930
3556075649723767522,0,1565981396,304930
2412159905931036147,0,1564788074,304930
3364670677182079016,0,1564149010,304930
2415533798135927684,0,1561135099,304930
2400895196209426099,0,1559335170,304930
2405396896203412669,0,1557283665,304930
2508976515647802066,0,1554490446,304930
2508976515641905164,0,1554349465,304930
2543878145190897184,0,1553631954,304930
2539373912624075729,0,1552499421,304930
2480825216201793629,0,1551062359,304930
2480825216193201988,0,1550856927,304930
2461683368388911560,0,1549642312,304930
2426778849020273976,7,1547835132,304930
3244179105163999848,9,1544805184,304930
2415514774173243501,0,1543002231,304930
2403127338437621085,6,1540678366,304930
2450411965559601812,0,1537633124,304930
2447032995770708001,0,1536357201,304930
2444779293794769230,7,1535212860,304930
2462791699385518076,6,1532976073,304930
2462791699365201466,4,1532490311,304930
2838841185436925166,2,1531492065,304930
2499943313658918264,0,1530276173,304930
2842216343263966439,0,1529079632,304930
2431262152939407604,2,1528487685,304930
2394106369048757963,0,1527264224,304930
2394103650902841409,0,1525099464,304930
2394101748799016390,0,1522945410,304930
4249665521680717909,0,1522945410,304930
2365952982533284162,0,1521832062,304930
4249665521680718034,0,1521832062,304930
2363699913375398235,9,1520622450,304930
4249665521680718172,9,1520622450,304930
3263292131056098479,9,1518798646,304930
4249665521680718279,9,1518798646,304930
2356940080946481483,0,1516378081,304930
4249665521680718398,0,1516378081,304930
2747626897934964639,2,1515783453,304930
4249665521680718516,2,1515783453,304930
2284879949561786663,9,1515175616,304930
4249665521680718616,9,1515175616,304930
2284879949540010000,0,1514654926,304930
4249665521680718721,0,1514654926,304930
2284879949518399001,6,1514138191,304930
4249665521680718835,6,1514138191,304930
2442505391476435199,6,1513356806,304930
4249665521680718944,6,1513356806,304930
2163281492522328239,3,1512759808,304930
4249665521680719046,3,1512759808,304930
2152021858900389471,0,1512144944,304930
4249665521680719157,0,1512144944,304930
2149769425919056429,0,1511548021,304930
4249665521680719287,0,1511548021,304930
2486412956105528989,0,1510935192,304930
4249665521680719405,0,1510935192,304930
2143012757614762787,0,1510330912,304930
4249665521680719521,0,1510330912,304930
2140760316593943227,0,1509725040,304930
4249665521680719630,0,1509725040,304930
2140759684346031460,6,1509107152,304930
4249665521680719729,6,1509107152,304930
2139632606721346428,0,1507902324,304930
4249665521680719851,0,1507902324,304930
4249665521680719962,0,1507312860,304930
2145261379788603714,0,1507312860,304930
4249665521680720067,9,1506727404,304930
2175660043469725573,9,1506727404,304930
4249665521680720187,0,1506084796,304930
2149763711094371087,0,1506084796,304930
4249665521680720307,9,1505495497,304930
3136051487768039596,9,1505495497,304930
4249665521680720426,6,1504115441,304930
2095718613763414751,6,1504115441,304930
4249665521680720549,3,1501267092,304930
2093463643456452582,3,1501267092,304930
4249665521680720655,0,1500675432,304930
2079952210073177487,0,1500675432,304930
4249665521680720759,0,1500334591,304930
2472890725411967873,0,1500334591,304930
4249665521680720876,0,1499443510,304930
2078825132636095710,0,1499443510,304930
4249665521680720976,6,1498844799,304930
2564086801865397296,6,1498844799,304930
4249665521680721087,0,1498259225,304930
2564086801840906325,0,1498259225,304930
4249665521680721185,0,1497766813,304930
3044845282397185669,0,1497766813,304930
4249665521680721311,0,1497026238,304930
1967358417038516505,0,1497026238,304930
4249665521680721417,0,1496431287,304930
1904307386959239297,0,1496431287,304930
4249665521680721522,0,1495832133,304930
1904306757816820145,0,1495832133,304930
4249665521680721625,0,1495240292,304930
1904306376093122174,0,1495240292,304930
4249665521680721740,0,1494633714,304930
2423345440410442920,0,1494633714,304930
4249665521680721859,0,1494022834,304930
1869401952301020169,0,1494022834,304930
4249665521680721969,0,1493397744,304930
1858142318031708370,0,1493397744,304930
4249665521680722065,7,1492790206,304930
1858141774307775352,7,1492790206,304930
4249665521680722175,3,1492111866,304930
75841595748511153,3,1492111866,304930
4249665521680722284,9,1492036885,304930
75840229424607048,9,1492036885,304930
4249665521680722398,9,1491008202,304930
75840229381583655,9,1491008202,304930
4249665521680722513,0,1490381099,304930
75839596813482762,0,1490381099,304930
4249665521680722635,0,1489801582,304930
75839063722868893,0,1489801582,304930
4249665521680722739,0,1489195231,304930
75838332262076225,0,1489195231,304930
4249665521680722845,0,1487971781,304930
75837063476165493,0,1487971781,304930
4249665521680722951,0,1487645710,304930
75836429557560450,0,1487645710,304930
4249665521680723067,0,1487408183,304930
75836429547626541,0,1487408183,304930
4249665521680723192,0,1486751291,304930
75835955392920284,0,1486751291,304930
4249665521680723313,0,1486168536,304930
75835160694980553,0,1486168536,304930
4249665521680723421,0,1485542187,304930
75834707992463989,0,1485542187,304930
4249665521680723525,7,1484932125,304930
83715191666402830,7,1484932125,304930
4249665521680723637,6,1484331404,304930
84840457399894013,6,1484331404,304930
4249665521680723731,9,1483580383,304930
84839823694193518,9,1483580383,304930
4249665521680723850,0,1482521768,304930
91593954396045261,0,1482521768,304930
4249665521680723958,6,1481916067,304930
91593398103441591,6,1481916067,304930
4249665521680724077,0,1481305801,304930
91592690494551315,0,1481305801,304930
4249665521680724189,0,1480703814,304930
91592053109486877,0,1480703814,304930
4249665521680724302,9,1480098885,304930
91591419813582603,9,1480098885,304930
4249665521680724526,9,1479492224,304930
127619582123145244,9,1479492224,304930
4249665521680724627,0,1478888790,304930
136626237878510880,0,1478888790,304930
4249665521680724724,0,1478272629,304930
182787402044240454,0,1478272629,304930
4249665521680724835,6,1477670516,304930
212060165295653232,6,1477670516,304930
4249665521680724941,0,1477063926,304930
234577531166192197,0,1477063926,304930
4249665521680725049,0,1475856248,304930
243583460803145736,0,1475856248,304930
4249665521680725166,0,1475249844,304930
243582826888544500,0,1475249844,304930
4249665521680725376,0,1474040927,304930
243581744550442981,0,1474040927,304930
4249665521680725492,7,1473443203,304930
243581103958090643,7,1473443203,304930
4249665521680725613,0,1472834895,304930
243580289117789280,0,1472834895,304930
4249665521680725717,0,1472228168,304930
250335145783869314,0,1472228168,304930
4249665521680725825,0,1471621355,304930
252586225976800830,0,1471621355,304930
4249665521680726031,0,1471016394,304930
252584970559352908,0,1471016394,304930
4249665521680726133,0,1470413205,304930
252584970534125479,0,1470413205,304930
4249665521680726239,0,1469806065,304930
252584317725958372,0,1469806065,304930
4249665521680726343,0,1469211192,304930
251457560646905596,0,1469211192,304930
4249665521680726447,0,1468599232,304930
258212550629693269,0,1468599232,304930
4249665521680726561,9,1467910389,304930
257086017098391093,9,1467910389,304930
4249665521680726667,0,1467392553,304930
250329347094311609,0,1467392553,304930
4249665521680726771,0,1466783257,304930
250329347068828923,0,1466783257,304930
4249665521680726877,0,1466177513,304930
250328813700293563,0,1466177513,304930
4249665521680726988,0,1465576855,304930
249202181065229684,0,1465576855,304930
4249665521680727095,0,1464971439,304930
249201544489489974,0,1464971439,304930
4249665521680727207,0,1464362456,304930
255956312802840547,0,1464362456,304930
4249665521680727309,2,1463759017,304930
255955672060308534,2,1463759017,304930
4249665521680727414,0,1463159654,304930
255955126815293945,0,1463159654,304930
4249665521680727523,0,1462547524,304930
255954571289917165,0,1462547524,304930
4249665521680727623,0,1461943319,304930
255953775618040603,0,1461943319,304930
4249665521680727724,2,1461339781,304930
255953140175844717,2,1461339781,304930
4249665521680727832,0,1460739673,304930
260456194794090186,0,1460739673,304930
4249665521680727942,0,1460128994,304930
260454846508781334,0,1460128994,304930
260454846483457685,0,1459523496,304930
4249665521680728053,0,1459523496,304930
272839101174355437,0,1458922675,304930
4249665521680728152,0,1458922675,304930
272838467474553341,0,1458312670,304930
4249665521680728256,0,1458312670,304930
295355928887972431,0,1457716753,304930
4249665521680728364,0,1457716753,304930
295355202043087643,0,1457116358,304930
4249665521680728464,0,1457116358,304930
295354567838058232,0,1456510335,304930
4249665521680728583,0,1456510335,304930
295354025628073593,0,1455899574,304930
4249665521680728691,0,1455899574,304930
295353300239406974,0,1455294511,304930
4249665521680728793,0,1455294511,304930
295352659734924967,9,1454691849,304930
4249665521680728911,9,1454691849,304930
341514010381838526,0,1454085963,304930
4249665521680729019,0,1454085963,304930
341513287005300512,0,1453480701,304930
4249665521680729128,0,1453480701,304930
341512658312449749,0,1452875497,304930
4249665521680729231,0,1452875497,304930
341512023079875585,0,1452269934,304930
4249665521680729342,0,1452269934,304930
341510664144991421,9,1451668514,304930
4249665521680729452,9,1451668514,304930
377538916264297208,6,1450401489,304930
4249665521680729554,6,1450401489,304930
377537649176789348,0,1449247935,304930
4249665521680729770,0,1449247935,304930
377537016008926597,0,1448645885,304930
4249665521680729888,0,1448645885,304930
377536475382448667,0,1448040386,304930
4249665521680730006,0,1448040386,304930
378661012847971740,0,1446833970,304930
4249665521680730117,0,1446833970,304930
378660375676744786,0,1446230463,304930
4249665521680730230,0,1446230463,304930
371904442455186336,6,1445627252,304930
4249665521680730343,6,1445627252,304930
369651273083857017,0,1444422675,304930
4249665521680730554,0,1444422675,304930
371902438126231423,0,1443764765,304930
4249665521680730657,0,1443764765,304930
405678801270106397,2,1443208317,304930
4249665521680730771,2,1443208317,304930
405678163082405268,0,1442594188,304930
4249665521680730880,0,1442594188,304930
409054598168037981,0,1441392670,304930
4249665521680731095,0,1441392670,304930
409053962655747357,0,1440792880,304930
4249665521680731220,0,1440792880,304930
410179229576715993,9,1440179927,304930
4249665521680731332,9,1440179927,304930
419185796438336340,0,1439850690,304930
4249665521680731442,0,1439850690,304930
419185796426831302,6,1439575591,304930
4249665521680731561,6,1439575591,304930
423688185540394419,0,1438372821,304930
4249665521680731784,0,1438372821,304930
423687491909041263,0,1437801417,304930
4249665521680731899,0,1437801417,304930
423687491898041083,2,1437538400,304930
4249665521680732013,2,1437538400,304930
423686857826960022,0,1437452559,304930
4249665521680732127,0,1437452559,304930
423686857822405010,0,1437343645,304930
4249665521680732240,0,1437343645,304930
423686857808704523,0,1437016053,304930
4249665521680732346,0,1437016053,304930
431567758214283710,0,1436759863,304930
4249665521680732466,0,1436759863,304930
431567758207281099,2,1436592418,304930
4249665521680732577,2,1436592418,304930
431567523828342494,9,1436314395,304930
4249665521680732821,9,1436314395,304930
424811489618504263,0,1436243432,304930
4249665521680732937,0,1436243432,304930
424811489599662881,0,1435792917,304930
4249665521680733042,0,1435792917,304930
424811489596548894,0,1435718463,304930
4249665521680733151,0,1435718463,304930
424810855075621342,0,1435456513,304930
4249665521680733257,0,1435456513,304930
424810855071359838,0,1435354615,304930
4249665521680733360,0,1435354615,304930
424810855061299510,9,1435114070,304930
4249665521680733467,9,1435114070,304930
499120048314592470,0,1435036451,304930
4249665521680733586,0,1435036451,304930
499120048310465838,7,1434937780,304930
4249665521680733691,7,1434937780,304930
499120048310465829,7,1434937779,304930
499119164392711342,0,1434855446,304930
4249665521680733786,0,1434855446,304930
499119164371491230,0,1434348070,304930
4249665521680733888,0,1434348070,304930
499119164360107801,0,1434075878,304930
4249665521680733993,0,1434075878,304930
499118981892698661,5,1433965000,304930
4249665521680734093,5,1433965000,304930
519384546578737919,0,1433299171,304930
4249665521680734195,0,1433299171,304930
519383914585571984,0,1433106360,304930
4249665521680734303,0,1433106360,304930
519383914571933270,7,1432780244,304930
4249665521680734416,7,1432780244,304930
519383914568703626,0,1432703023,304930
4249665521680734535,0,1432703023,304930
518257376278529540,0,1432525772,304930
518257376271511966,0,1432357969,304930
4249665521680734641,0,1432357969,304930
518256742343532812,0,1431983254,304930
4249665521680734806,0,1431983254,304930
518256742322947905,0,1431491051,304930
4249665521680734957,0,1431491051,304930
518256108464829238,0,1431407838,304930
4249665521680735101,0,1431407838,304930
518256108460318775,0,1431299989,304930
4249665521691834601,0,1431299989,304930
518256108455959678,0,1431195755,304930
518256108453984926,0,1431148535,304930
4249665521691834743,0,1431148535,304930
518256108450350744,0,1431061642,304930
4249665521691834872,0,1431061642,304930
518255472515537899,0,1430713462,304930
4249665521691834996,0,1430713462,304930
518255472511660917,0,1430620756,304930
4249665521691835130,0,1430620756,304930
518255472508225108,0,1430538599,304930
4249665521691835267,0,1430538599,304930
518255472504899873,0,1430459092,304930
4249665521691835396,0,1430459092,304930
517128939718137637,0,1430098106,304930
4249665521691835539,0,1430098106,304930
517128939700595743,0,1429678664,304930
4249665521680736404,0,1429678664,304930
517128413772218343,0,1429418143,304930
4249665521680736574,0,1429418143,304930
517128413765032607,0,1429246323,304930
4249665521680736773,0,1429246323,304930
517128117644196043,0,1428892810,304930
4249665521680736959,0,1428892810,304930
517127039067269653,0,1428814081,304930
4249665521680737128,0,1428814081,304930
517127039063864549,2,1428732657,304930
4249665521680737282,2,1428732657,304930
517127039056188075,0,1428549109,304930
4249665521680737457,0,1428549109,304930
517127039045295795,0,1428288665,304930
4249665521680737597,0,1428288665,304930
517126407361689308,0,1427775707,304930
517126407357261656,0,1427669837,304930
4249665521680737926,0,1427669837,304930
517126407350703545,0,1427513022,304930
4249665521680738081,0,1427513022,304930
517126407343856207,0,1427349303,304930
4249665521680738242,0,1427349303,304930
517125768657501270,0,1427172119,304930
4249665521680738401,0,1427172119,304930
517125768650410895,0,1427002579,304930
4249665521680738537,0,1427002579,304930
517125768646802921,0,1426916305,304930
4249665521680738675,0,1426916305,304930
515999235577123199,0,1426033280,304930
4249665521680738872,0,1426033280,304930
515998514256529473,0,1425773502,304930
4249665521680739005,0,1425773502,304930
515998514253578139,0,1425702931,304930
4249665521680739179,0,1425702931,304930
515998514246295193,7,1425528781,304930
4249665521680739336,7,1425528781,304930
515997975643250804,0,1425268602,304930
4249665521680739527,0,1425268602,304930
515997975635983043,0,1425094817,304930
4249665521680739867,0,1425094817,304930
515997975632530912,2,1425012275,304930
4249665521680740025,2,1425012275,304930
515997975628964964,0,1424927011,304930
4249665521680740208,0,1424927011,304930
515997419766373303,0,1424750987,304930
4249665521680740417,0,1424750987,304930
515997419762793151,0,1424665382,304930
4249665521680740586,0,1424665382,304930
515997419759365774,0,1424583427,304930
4249665521680740766,0,1424583427,304930
515997419755671134,0,1424495081,304930
4249665521680740936,0,1424495081,304930
515997419748607730,0,1424326190,304930
4249665521680741110,0,1424326190,304930
517122602992421594,0,1424141044,304930
4249665521680741268,0,1424141044,304930
517122602985542584,0,1423976558,304930
4249665521680741390,0,1423976558,304930
517122602982224941,0,1423897227,304930
4249665521680741500,0,1423897227,304930
517122602974990229,9,1423724242,304930
4249665521680741618,9,1423724242,304930
511492468653111160,9,1423452482,304930
4249665521680741733,9,1423452482,304930
511492468638819101,0,1423110741,304930
4249665521680741856,0,1423110741,304930
510365936303018205,0,1422751946,304930
4249665521680741992,0,1422751946,304930
526125368562489868,0,1420087493,304930
4249665521680742462,0,1420087493,304930
526125368028710965,9,1419401596,304930
4249665521680742691,9,1419401596,304930
524998829395638435,0,1419315518,304930
4249665521680742810,0,1419315518,304930
524998829327682400,0,1419222759,304930
4249665521680742919,0,1419222759,304930
524998829240198601,0,1419107590,304930
4249665521680743032,0,1419107590,304930
524998829020821880,0,1418794125,304930
4249665521680743136,0,1418794125,304930
524998195444299322,0,1418706416,304930
4249665521680743252,0,1418706416,304930
524998195387361361,0,1418606258,304930
4249665521680743368,0,1418606258,304930
524998195316791765,0,1418510941,304930
4249665521680743472,0,1418510941,304930
524998195152215263,0,1418277449,304930
4249665521680743578,0,1418277449,304930
524998195101808599,0,1418187369,304930
4249665521680743688,0,1418187369,304930
522745760233506172,0,1418100223,304930
4249665521680743796,0,1418100223,304930
522745760182282251,0,1418009085,304930
4249665521680743904,0,1418009085,304930
522745760121115092,0,1417923480,304930
4249665521680744019,0,1417923480,304930
522745760053452115,0,1417835797,304930
4249665521680744133,0,1417835797,304930
522745759999711774,0,1417758075,304930
4249665521680744239,0,1417758075,304930
522745759895518252,0,1417586254,304930
4249665521680744352,0,1417586254,304930
522745036126810267,0,1417322006,304930
4249665521680744568,0,1417322006,304930
522745036051337576,0,1417237673,304930
4249665521680744681,0,1417237673,304930
522745035980178953,0,1417149632,304930
4249665521680744782,0,1417149632,304930
522744579499776469,0,1416804326,304930
4249665521680744887,0,1416804326,304930
522744579351924114,0,1416625382,304930
4249665521680744990,0,1416625382,304930
522744579235861728,0,1416461160,304930
4249665521680745154,0,1416461160,304930
522743866871172312,0,1416284588,304930
4249665521680745264,0,1416284588,304930
522743866749022710,0,1416110666,304930
4249665521680745362,0,1416110666,304930
522743866664494196,0,1416012500,304930
4249665521680745476,0,1416012500,304930
522743866610585614,0,1415943388,304930
4249665521680745584,0,1415943388,304930
521617330584435363,0,1415751162,304930
4249665521680745686,0,1415751162,304930
521617330340500645,0,1415420045,304930
4249665521680745797,0,1415420045,304930
521616685599443907,9,1414988109,304930
4249665521680745902,9,1414988109,304930
521616685440742042,0,1414801618,304930
4249665521680746107,0,1414801618,304930
521616306726536659,0,1414375750,304930
4249665521680746211,0,1414375750,304930
521616306653244091,0,1414287821,304930
4249665521680746315,0,1414287821,304930
521616306579225465,0,1414203949,304930
4249665521680746426,0,1414203949,304930
521615416588517657,0,1413434299,304930
4249665521680746633,0,1413434299,304930
521614893738398112,0,1413259676,304930
4249665521680746742,0,1413259676,304930
521614893602908461,7,1413062522,304930
4249665521680746850,7,1413062522,304930
521614893545233997,0,1412995853,304930
4249665521680746946,0,1412995853,304930
521614150783905351,2,1412544604,304930
4249665521680747064,2,1412544604,304930
521614150698525713,0,1412443086,304930
4249665521680747161,0,1412443086,304930
521614150535330406,0,1412225706,304930
4249665521680747274,0,1412225706,304930
521613514570794724,0,1412047760,304930
4249665521680747471,0,1412047760,304930
521613514515428776,9,1411960463,304930
4249665521680747570,9,1411960463,304930
521613514443875424,0,1411869800,304930
4249665521680747697,0,1411869800,304930
521613514374922940,0,1411792701,304930
4249665521680747812,0,1411792701,304930
552008143019968278,9,1407102111,304930
4249665521680749207,9,1407102111,304930
552007738780980689,9,1406824412,304930
4249665521680749330,9,1406824412,304930
559888404850626669,0,1406651014,304930
4249665521680749441,0,1406651014,304930
559888404662386508,7,1406392330,304930
4249665521680749542,7,1406392330,304930
559888404589176606,4,1406301256,304930
4249665521680749642,4,1406301256,304930
559888404539655362,3,1406233580,304930
4249665521680749746,3,1406233580,304930
564391378916141555,9,1406047726,304930
4249665521680749846,9,1406047726,304930
564391378802999691,0,1405880682,304930
4249665521680749960,0,1405880682,304930
564391378736594818,3,1405791397,304930
4249665521680750061,3,1405791397,304930
564391378627847009,9,1405634837,304930
4249665521680750181,9,1405634837,304930
567768347915441047,9,1405463789,304930
4249665521680750286,9,1405463789,304930
567768347848067224,9,1405368057,304930
4249665521680750401,9,1405368057,304930
567768347806001679,9,1405308831,304930
4249665521680750494,9,1405308831,304930
567768347722356965,0,1405196450,304930
4249665521680750601,0,1405196450,304930
567768347660823583,0,1405117506,304930
4249665521680750700,0,1405117506,304930
567768347596898177,0,1405032694,304930
4249665521680750797,0,1405032694,304930
567768347536953818,0,1404948086,304930
4249665521680750887,0,1404948086,304930
567768347475236330,0,1404860093,304930
4249665521680750968,0,1404860093,304930
3171973017298632903,9,1404189110,304930
4249665521680751049,9,1404189110,304930
3171973017212475663,0,1404079786,304930
4249665521680751141,0,1404079786,304930
1785774543696284,2,1734465698,1144200
5875595438685438772,0,1724267129,1144200
5963413728339672952,0,1722625378,1144200
5963413094352786232,0,1722020472,1144200
5688680204389053954,7,1709660590,1144200
8033928544511433210,0,1708451966,1144200
5582843074959737826,0,1707242352,1144200
5510784213095226334,0,1705520135,1144200
5409450219988488668,0,1702936511,1144200
5159491482913298862,0,1694196027,1144200
5141475722331708656,0,1692991849,1144200
5124585319853644203,6,1691173804,1144200
5124584051974245055,0,1689964205,1144200
5124582150160586358,9,1688751004,1144200
5896948309840084340,6,1686850328,1144200
5151600576592273930,6,1685120422,1144200
6557848386945003994,9,1683900230,1144200
6539831519486589613,0,1681416763,1144200
6839319551985991275,0,1680278426,1144200
5125698536854888357,9,1678995788,1144200
5070528810296653185,0,1678474819,1144200
5059268099251830406,0,1676918817,1144200
5036749277230530302,0,1675972869,1144200
5035621474412055734,0,1674159468,1144200
5623338145770045488,0,1671567416,1144200
5623338145753121956,0,1671166181,1144200
5623338145749014521,4,1671068834,1144200
4991708208075257677,0,1671039146,1144200
4980448574114093032,2,1670635030,1144200
4980448574109490432,0,1670525954,1144200
4836332027671485115,0,1669676726,1144200
6368680725421915311,0,1668106815,1144200
4706851091173696183,0,1666890092,1144200
4714731755412936388,0,1666289011,1144200
6402455182504992913,9,1665676818,1144200
4588629064111324467,0,1664474078,1144200
6258337460544372350,6,1663264789,1144200
4621277624691566501,6,1662055211,1144200
4584121659781456935,6,1660844382,1144200
4598757090469144262,0,1660071702,1144200
4598757090454975156,0,1659733494,1144200
4587497456684435167,0,1659100522,1144200
4598755821866041902,6,1658430005,1144200
4937651144700766017,0,1658171997,1144200
4539082035563372130,9,1657300526,1144200
4474904295752672794,9,1656532429,1144200
4474904295749885673,0,1656466329,1144200
4474904295734172826,9,1656093621,1144200
4480532686358685714,9,1655043613,1144200
4480532683341990806,6,1654793413,1144200
4469272893501085063,9,1654377460,1144200
4437747060827111015,9,1653585279,1144200
5849624375836485267,9,1652796014,1144200
5849624375818335004,6,1652365450,1144200
4348798430274933180,0,1651161943,1144200
5493837466480008610,9,1649956717,1144200
4347669995462295369,7,1648780507,1144200
4347669995458875245,2,1648699395,1144200
5631194088577918243,0,1647386500,1144200
4247463006799612915,2,1646797021,1144200
4246335832524875336,0,1646105742,1144200
4235074931851716688,0,1644003866,1144200
4235074931849267488,2,1643945770,1144200
4237326104327698708,0,1643483813,1144200
4038025325473325316,0,1627574172,1144200
4036897704066326203,0,1626094648,1144200
4032392655067428878,0,1624627710,1144200
5019805792165069563,0,1623425984,1144200
4069544815360361249,0,1622218067,1144200
4069544181427977637,9,1621513124,1144200
4767601588114239329,9,1620998402,1144200
4074045878075833136,0,1619780736,1144200
4570566564995550392,0,1618581460,1144200
2578811485589562195,3,1582150607,433850
2448197582021147408,3,1573183294,433850
2413284533089500000,3,1563387777,433850
2436926440564430973,3,1561582022,433850
2436926440560679910,6,1561492347,433850
2408777766638296250,3,1560454038,433850
2432417221754908582,3,1556656939,433850
2434668385551793872,3,1555702244,433850
2465065785295536704,0,1553720476,433850
2543878145175707457,7,1553268779,433850
3140604542238927944,9,1552511017,433850
2530366080596288657,2,1551986157,433850
2530366080591895373,9,1551881122,433850
2530366080591871524,3,1551880552,433850
2465061982069567235,9,1550095280,433850
2461683368382559989,9,1549490456,433850
2462808987392680878,9,1548972143,433850
2425653583383520083,9,1548367216,433850
2426778849013594144,9,1547675431,433850
2417771014049724208,0,1547157688,433850
2417770561714843856,4,1546622079,433850
3244179105179263527,6,1545170130,433850
2416641943188767394,9,1544497208,433850
2416641943169967256,9,1544047717,433850
2415515408466553458,6,1543437663,433850
3316234163916102623,9,1542337810,433850
2423394805995005477,2,1541639980,433850
2407631572320369420,2,1541009084,433850
2403127338434805696,2,1540611050,433850
2448162067114722694,9,1539135476,433850
2462791699368343478,3,1532565438,433850
2838841185435105304,3,1531448558,433850
2499943313652095174,6,1530113046,433850
2499943313652015642,9,1530111146,433850
2431262152932337308,9,1528318651,433850
2391853754532951425,3,1526500085,433850
2394103650892342566,6,1524848435,433850
2758894130310609748,7,1524102483,433850
2758894130291412662,2,1523643494,433850
2758894130288885126,2,1523583069,433850
2394101748804233436,0,1523070138,433850
4249665521684141832,0,1523070138,433850
4249665521684142042,3,1522178674,433850
2365952982536674731,9,1521910632,433850
2365952982529696507,0,1521746288,433850
4249665521684142273,0,1521746288,433850
2982945658370324971,7,1521570232,433850
4249665521684142398,7,1521570232,433850
2982945658353107686,3,1521158574,433850
4249665521684142640,3,1521158574,433850
2363700548700993233,9,1521070471,433850
4249665521684142755,9,1521070471,433850
2363699913376064453,0,1520638377,433850
4249665521684143003,0,1520638377,433850
4249665521684143485,3,1520472114,433850
4249665521684143813,9,1519826654,433850
4249665521684143915,6,1519826431,433850
4249665521684144020,6,1519826263,433850
2361446846785568399,9,1519768507,433850
4249665521684144129,9,1519768507,433850
4249665521684144239,9,1519693083,433850
2361446846782328135,3,1519691037,433850
4249665521684144349,3,1519691037,433850
4249665521684144446,0,1519342175,433850
2361446846761598133,9,1519195394,433850
4249665521684144548,9,1519195394,433850
4249665521684144665,3,1519020459,433850
3263292131060478010,0,1518903359,433850
4249665521684144767,0,1518903359,433850
3263292131052828891,0,1518720480,433850
4249665521684144875,0,1518720480,433850
2363697377465223236,7,1518469697,433850
4249665521684144978,7,1518469697,433850
2363697377451326712,7,1518137434,433850
4249665521684145090,7,1518137434,433850
2363696743812393277,0,1517804496,433850
4249665521684145200,0,1517804496,433850
2363696743810674052,3,1517763387,433850
4249665521684145319,3,1517763387,433850
2363696743797984754,3,1517459994,433850
4249665521684145427,3,1517459994,433850
2356940714995016964,0,1517203480,433850
4249665521684145529,0,1517203480,433850
4249665521684145637,0,1517014658,433850
4249665521684145740,9,1517013575,433850
2356940714983937886,7,1516938573,433850
4249665521684145849,7,1516938573,433850
4249665521684145963,3,1516842576,433850
4249665521684146062,0,1516680877,433850
4249665521684146285,0,1516216974,433850
4249665521684146390,6,1516208732,433850
2356940080937516341,0,1516163735,433850
4249665521684146499,0,1516163735,433850
4249665521684146603,0,1516076788,433850
2747626897938411692,9,1515865727,236870
2747626897935842399,4,1515804439,433850
4249665521684146713,4,1515804439,433850
2298392651780810000,0,1515700364,433850
4249665521684146961,0,1515700364,433850
2284879949562769997,0,1515199126,433850
4249665521684147074,0,1515199126,433850
2284879949508210239,0,1513894589,433850
4249665521684147189,0,1513894589,433850
2442505391491390160,0,1513714370,433850
4249665521684147311,0,1513714370,433850
2442505391470527946,6,1513215577,433850
4249665521684147531,6,1513215577,433850
2281501616661164843,0,1513127890,433850
4249665521684147647,0,1513127890,433850
2163281492526607066,0,1512862116,433850
4249665521684147762,0,1512862116,433850
2163281492520182067,7,1512708499,433850
4249665521684147999,7,1512708499,433850
2163281492515891217,3,1512605912,433850
4249665521684148110,3,1512605912,433850
2486412956121254553,7,1511311189,433850
4249665521684148240,7,1511311189,433850
2486412956099730085,3,1510796551,433850
4249665521684148364,3,1510796551,433850
4249665521684148495,9,1510622543,433850
2143012757616571960,0,1510374167,433850
4249665521684148623,0,1510374167,433850
2143012757611241023,0,1510246711,433850
4249665521684148737,0,1510246711,433850
4249665521684148849,3,1510017301,433850
2140760316595983060,0,1509773807,433850
4249665521684148952,0,1509773807,433850
2145261379800382097,9,1507594490,433850
4249665521684149073,9,1507594490,433850
4249665521684149183,3,1506739117,433850
4249665521684149439,0,1506472570,433850
4249665521684149559,0,1506396994,433850
2149763711095145261,0,1506103304,433850
4249665521684149691,0,1506103304,433850
4249665521684149820,0,1505951334,433850
2149763711088356332,0,1505940990,433850
2149763711088356358,0,1505940990,433850
4249665521684149951,0,1505940990,433850
4249665521684150067,0,1505940990,433850
3136051487769706677,0,1505535355,433850
4249665521684150194,0,1505535355,433850
2138504078124381828,0,1505263666,433850
4249665521684150302,0,1505263666,433850
2127244540324514807,0,1504916883,433850
4249665521684150432,0,1504916883,433850
2127244445196025668,2,1504736005,433850
4249665521684150550,2,1504736005,433850
2095718613785459847,0,1504642541,433850
4249665521684150710,0,1504642541,433850
4249665521684150880,9,1504398912,433850
4249665521684151021,9,1504304050,433850
2094592080086442967,9,1504030129,433850
4249665521684151158,9,1504030129,433850
4249665521684151297,0,1503107842,433850
2093465546037780209,2,1502904724,433850
4249665521684151426,2,1502904724,433850
2093464278197568781,9,1502732359,433850
4249665521684151567,9,1502732359,433850
2093464278184602372,0,1502422325,433850
4249665521684151700,0,1502422325,433850
2093464278180377960,3,1502321323,433850
4249665521684151832,3,1502321323,433850
2093464278179936269,9,1502308839,295110
4249665521684152107,6,1501891387,433850
2093464278162046417,3,1501883009,433850
4249665521684152256,3,1501883009,433850
2093464278155188543,0,1501719044,433850
4249665521684152370,0,1501719044,433850
2093463643457320263,7,1501287837,433850
4249665521684152652,7,1501287837,433850
2079952210066222701,3,1500509159,433850
4249665521684152769,3,1500509159,433850
2079951576315435328,7,1499883479,433850
4249665521684152927,7,1499883479,433850
2564086801865636902,9,1498850175,433850
2564086801862803225,9,1498782777,433850
4249665521684153281,9,1498782777,433850
4249665521684153404,6,1497572078,433850
4249665521684153539,3,1497485869,433850
1967358417042752361,9,1497127518,433850
4249665521684153655,9,1497127518,433850
4249665521684153784,3,1497046724,433850
1967358417032933017,3,1496892742,433850
4249665521684153896,3,1496892742,433850
1904307386971400458,0,1496722067,433850
4249665521684154023,0,1496722067,433850
1904307386951949333,3,1496256991,433850
4249665521684154134,3,1496256991,433850
1904306757813186617,4,1495745257,433850
4249665521684154271,4,1495745257,433850
1904306757809783676,7,1495663895,433850
4249665521684154392,7,1495663895,433850
1904306376104073482,7,1495502149,433850
4249665521684154522,7,1495502149,433850
1904306376097203609,7,1495337886,433850
4249665521684154642,7,1495337886,433850
4249665521684154765,3,1495214977,433850
1904306118445192552,7,1495214865,433850
4249665521684154894,7,1495214865,433850
1904306118441357387,0,1495122275,433850
2423345440424523018,3,1494970382,433850
4249665521684155003,3,1494970382,433850
4249665521684155248,3,1493755052,433850
1858142318034925253,0,1493474449,433850
4249665521684155375,9,1493423166,433850
1858142318029252541,5,1493339026,433850
4249665521684155486,5,1493339026,433850
4249665521684155603,6,1492720061,433850
1858141774302257072,3,1492658267,433850
4249665521684155723,3,1492658267,433850
4249665521684155852,9,1492474835,433850
4249665521684155973,6,1492210663,433850
4249665521684156109,6,1492102244,433850
4249665521684156352,0,1491954686,433850
75840229420339356,5,1491934849,433850
4249665521684156481,5,1491934849,433850
4249665521684156715,9,1491582335,433850
75840229405010409,9,1491567716,433850
75840229399654741,0,1491440282,433850
4249665521684156824,0,1491440282,433850
4249665521684156962,3,1490905218,433850
4249665521684157213,0,1490034229,433850
75838332251410374,3,1488940219,433850
4249665521684157329,3,1488940219,433850
4249665521684157454,3,1488939926,433850
4249665521684157571,4,1488825522,433850
75837698142065069,3,1488566022,433850
83715191681879330,3,1485302174,433850
4249665521684157804,3,1485302174,433850
4249665521684157929,2,1484867944,433850
4249665521684158049,2,1484782672,433850
91593325384556877,3,1481692972,433850
4249665521684158278,3,1481692972,433850
91592053124002510,9,1481050887,433850
4249665521684158400,9,1481050887,433850
4249665521684158539,3,1480481821,433850
4249665521684158672,7,1479939153,433850
4249665521684158780,3,1479912161,433850
4249665521684158898,3,1477698231,433850
234577531178972564,3,1477369511,433850
4249665521684159240,3,1477369511,433850
4249665521684159352,9,1476156423,433850
4249665521684159459,3,1474613176,433850
4249665521684159565,3,1474328040,433850
4249665521684159678,9,1473966138,433850
4249665521684159913,9,1472576656,433850
252586225993263557,3,1472014985,433850
4249665521684160150,3,1472014985,433850
252584970556703418,9,1470953046,433850
4249665521684160270,9,1470953046,433850
252584970546704274,0,1470713972,433850
4249665521684160382,0,1470713972,433850
4249665521684160496,9,1470418553,433850
4249665521684160866,9,1468625269,433850
257086017093072812,0,1467783232,433850
4249665521684161108,0,1467783232,433850
4249665521684161227,3,1466728243,433850
249202181066532378,2,1465608000,433850
4249665521684161353,2,1465608000,433850
4249665521684161481,3,1465346361,433850
255956312800788076,3,1464313382,433850
4249665521684161627,3,1464313382,433850
255956312793661684,3,1464142996,433850
4249665521684161743,3,1464142996,433850
255955672061584145,3,1463789516,433850
4249665521684161871,3,1463789516,433850
4249665521684162009,0,1463614796,433850
255954571287719778,9,1462494985,433850
4249665521684162133,9,1462494985,433850
255953775619918152,0,1461988210,433850
4249665521684162244,0,1461988210,433850
4249665521684162366,3,1461810835,433850
255953140169813693,9,1461195579,433850
4249665521684162470,9,1461195579,433850
4249665521684162581,9,1461107088,433850
4249665521684162693,0,1460766703,433850
260456194794267770,2,1460743918,433850
4249665521684162818,2,1460743918,433850
260454846524831904,3,1460512773,433850
260454846509733659,0,1460151762,433850
4249665521684162939,0,1460151762,433850
260454846481273478,3,1459471272,433850
4249665521684163060,3,1459471272,433850
272839101175346093,0,1458946359,433850
4249665521684163173,0,1458946359,433850
295355928889336484,7,1457749365,433850
4249665521684163291,7,1457749365,433850
295355928885467127,9,1457656851,433850
4249665521684163404,9,1457656851,433850
295355928882395286,0,1457583396,433850
4249665521684163509,0,1457583396,433850
295354567838699232,0,1456525660,433850
4249665521684163631,0,1456525660,433850
4249665521684163745,3,1456253432,433850
4249665521684163861,2,1455785361,433850
1794102528072882,0,1741870845,236390
1792751526015679,9,1740680890,236390
1792751526009241,0,1740664549,236390
1792751525970821,7,1740565597,236390
1792116353222018,0,1740130935,236390
1792116353155439,0,1739958505,236390
1791580426127492,9,1739889052,236390
1791580426127015,0,1739887772,236390
1791482680852336,0,1739353053,236390
1790848102778261,0,1739267612,236390
1790848102579453,0,1738746714,236390
1790214123242321,0,1738670835,236390
1789580505465672,0,1738062728,236390
1789580505335805,0,1737715429,236390
1789580505310807,3,1737649614,236390
1789580505268178,0,1737539239,236390
1789039014494955,0,1737457664,236390
1789039014460884,0,1737368853,236390
1789039014370674,0,1737126603,236390
1788945554758992,0,1736953053,236390
1786573930841188,0,1735203731,236390
1786573930813160,7,1735125657,236390
1786573930785683,0,1735051581,236390
1786573930749073,0,1734952145,236390
1786409468880504,0,1734624641,236390
1786409468839121,0,1734518366,236390
1785774543691469,0,1734453372,236390
1785774543682492,0,1734430719,236390
1785774543648139,0,1734339788,236390
1785321795739466,6,1733763120,236390
1784506359238339,0,1733393900,236390
1784506359237386,9,1733391539,236390
1784506359205048,0,1733306630,236390
1784506359043840,0,1732878560,236390
1784506359009883,0,1732792211,236390
1784506358981270,0,1732721652,236390
1783872412141466,0,1732622285,236390
1783872412020323,0,1732294155,236390
1783872412013926,0,1732279047,236390
1783238125369391,0,1732007946,236390
6148070194801560919,0,1730894724,236390
6146943657173902571,0,1730386183,236390
6212245217911946839,2,1730109987,236390
6212245217911828818,9,1729790381,236390
6212245217911781697,0,1729669463,236390
6212244583171497573,0,1729067019,236390
6211118320240845964,0,1728982195,236390
6931694080290794310,0,1728550461,236390
6350729003508409000,0,1728297943,236390
6350729003489758317,0,1727855871,236390
6339469370199577028,0,1727772933,236390
6339469370185878230,0,1727448226,236390
6339469370181383562,0,1727341736,236390
6339469370178050354,0,1727262737,236390
6341720536517895083,0,1727112658,236390
6341720536516530686,0,1727080328,236390
6341720536502837653,0,1726755728,236390
6341720536498964096,0,1726663908,236390
6250522009531080407,0,1726571880,236390
6250522009517100375,0,1726240508,236390
6250522009509133049,0,1726051702,236390
6242640076614414708,0,1725961187,236390
6242640076596360689,0,1725533268,236390
6240387642468313069,0,1725268455,236390
6240387642455316186,6,1724960370,236390
6240387642453785608,0,1724924114,236390
5875595438691293848,0,1724405904,236390
5875595438687343005,0,1724312278,236390
5875595438683872389,0,1724230027,236390
6909171012614508201,0,1724174190,236390
6909171012613188522,0,1724142929,236390
6909171012598907740,0,1723804423,236390
5963414363405124277,0,1723470008,236390
5963414363386001484,0,1723016634,236390
5963413728353138321,0,1722944592,236390
5963413728335372058,0,1722523441,236390
5963413094347916906,0,1721905088,236390
5963413094345404467,0,1721845534,236390
5969041959983197596,0,1721744665,236390
5969041959964340851,0,1721297695,236390
5969041959960561683,0,1721208135,236390
6000566704283202750,0,1721118462,236390
6000566704279863696,0,1721039323,236390
5842939267359750749,0,1720683879,236390
5842939267349354655,0,1720437488,236390
5842939267338806772,0,1720187431,236390
5842939267334615486,0,1720088097,236390
5842939267331093476,0,1720004630,236390
5842939267327315184,0,1719915090,236390
5842939267324270105,0,1719842918,236390
5842939267324246825,0,1719842363,236390
5842939267309641598,0,1719496238,236390
5842939267305125987,0,1719389228,236390
5759622039994701836,0,1719327807,236390
5759622039991493596,0,1719251556,236390
5759622039980310220,0,1718986689,236390
5759622039976177103,0,1718888760,236390
5759622039971918849,0,1718787844,236390
6890025005352787681,0,1718376116,236390
6890025005351908041,7,1718355277,236390
5746109972566744454,0,1718103237,236390
5742731639344153958,0,1717408579,236390
5742731639330901856,9,1717094444,236390
5742731639329882392,0,1717070296,236390
5747233970414225169,0,1715763495,236390
5759616966664632976,0,1714052498,236390
5759616966660359703,0,1713951229,236390
5762994032408690005,0,1713868487,236390
6474562312199355720,0,1713272832,236390
5762993398269565160,0,1712761762,236390
5762993398268444061,0,1712735203,236390
5756237364311735140,0,1712321860,236390
5756237364307502470,0,1712221571,236390
5756237364304614564,0,1712153120,236390
5749481331454806738,0,1712054614,236390
5749481331440771687,0,1711721896,236390
5749481331432663859,0,1711529767,236390
5686430301735545154,7,1711443413,236390
5686430301732136374,0,1711362636,236390
5686430301713723740,0,1710926228,236390
7309977427452522509,0,1710840797,236390
7309977427441540926,0,1710580440,236390
7309977427439176122,0,1710524377,236390
7309977427438591469,0,1710510537,236390
7309977427438000747,0,1710496537,236390
7309977427435479933,0,1710436805,236390
7309977427434958752,0,1710424470,236390
5686429670868524972,0,1710352811,236390
5686429670867527727,0,1710329199,236390
5688680204389014621,0,1709659661,236390
5688680204378034352,7,1709399408,236390
5688680204373354382,9,1709288500,236390
5688680204370928899,9,1709231005,236390
5688680204369365651,0,1709193987,236390
5728086065185430517,0,1708690888,236390
5728086065178507867,0,1708526839,236390
8033928544495496934,0,1708074238,236390
8033928544492617029,0,1708005968,236390
5750603429272055061,0,1707901908,236390
5589599109261808078,0,1707317143,236390
5582843074958440748,0,1707211639,236390
5582843074954636981,7,1707121533,236390
5582843074944296332,0,1706876397,236390
5582843074940240913,0,1706780324,236390
5582843074936488410,0,1706691405,236390
5519792046262377025,0,1706521949,236390
5519792046251284773,7,1706258992,236390
5519792046247939917,0,1706179735,236390
5510784213115521583,0,1706001161,236390
5510784213093481654,0,1705478805,236390
5510783579246551214,0,1704885798,236390
5410576585155380722,0,1703766913,236390
5410576585151678714,0,1703679137,236390
5410576585144548712,0,1703510089,236390
5410576585129816714,0,1703160918,236390
5410576585125724962,0,1703063955,236390
5409450219990508481,0,1702984388,236390
5409450219987477289,0,1702912545,236390
5409450219984084098,0,1702832099,236390
5409450219976519852,0,1702652766,236390
5409450219975877675,0,1702637549,236390
7585814657459903264,0,1702545278,236390
5397065151386450310,0,1702484062,236390
5395938616792091547,0,1701899070,236390
5395937983656678120,0,1701246015,236390
5382426458972989159,0,1700645145,236390
5382426458969725196,0,1700567849,236390
5322753221337565585,0,1700035565,236390
5302486388012084234,0,1699867467,236390
5302486387994357722,0,1699447272,236390
5302486387993950138,0,1699437621,236390
5288974951206450024,0,1698929020,236390
5288974951202839383,0,1698843449,236390
5229301621594158063,0,1698754194,236390
5218041989043996647,9,1697745888,236390
5218041989038769993,9,1697622012,236390
6438516944135422499,7,1697469863,236390
5246188851833611066,0,1697012830,236390
5246188851833609464,0,1697012792,236390
5220292521195266191,7,1696857913,236390
5220292521183730656,0,1696584433,236390
5220292521176162027,0,1696405054,236390
5220291886502077686,0,1696262732,236390
5220291886486819774,0,1695901040,236390
5220291886482797294,0,1695805707,236390
5220291886482794093,0,1695805631,236390
5219165352627568339,0,1695392614,236390
5219165352626740247,0,1695372998,236390
5219165352624193629,0,1695312632,236390
5219165352620382108,0,1695222298,236390
5480373588800294394,0,1695116833,236390
5211283418277807917,0,1694613914,236390
5141476355680082322,0,1694020254,236390
5141476355660799529,0,1693563218,236390
5141476355660366581,9,1693552965,236390
5141476355653304015,0,1693385587,236390
5141475722329980450,4,1692950890,236390
5141475722323222984,0,1692790728,236390
5127964289168566896,0,1692175028,236390
5839532486213937193,0,1691747408,236390
5124585319867260586,0,1691496630,236390
5124585319863134915,0,1691398851,236390
5124585319844743611,0,1690962883,236390
5124584686249130254,7,1690535998,236390
5124584686245304589,0,1690445327,236390
5124584686241676258,0,1690359320,236390
5124584051987741546,0,1690284174,236390
5124584051987301763,0,1690273757,236390
5124584051972601836,0,1689925285,236390
5124584051969277962,0,1689846496,236390
5124584051965421937,0,1689755092,236390
6079346804885205135,0,1689576205,236390
5124583599317324803,0,1689326782,236390
5124582150182245592,0,1689264550,236390
5124582150181083302,7,1689237007,236390
5124582150178521952,7,1689176280,236390
5124582150177881256,0,1689161094,236390
5124582150174047370,0,1689070229,236390
5124582150159205659,7,1688718290,236390
5124582150151948442,0,1688546257,236390
5124581515272335709,0,1687856917,236390
5124581515257534797,0,1687505864,236390
5124581515250319106,0,1687334849,236390
5896948309857149030,0,1687255130,236390
5896948309857148070,0,1687255107,236390
5896948309840118124,0,1686851125,236390
5126832680918173376,0,1686765065,236390
5126832680917178642,0,1686741498,236390
5129083846334543383,0,1686124639,236390
5151601211229890578,0,1685715547,236390
5151601211222037774,0,1685529452,236390
5151600576602180000,7,1685355347,236390
5151600576587935419,0,1685017580,236390
5151600576583780514,0,1684919102,236390
5140340943305864350,9,1684431040,236390
5140340943301691182,0,1684332116,236390
5140340308865845005,0,1683722793,236390
5138087875081176272,0,1683246361,236390
5138087875075436668,0,1683110293,236390
5133583642646716711,0,1682497005,236390
5133583099795760062,9,1682003776,236390
6539831519506639619,0,1681892061,236390
6539831519503181186,0,1681810083,236390
6539831519500166716,7,1681738682,236390
6539831443777587377,0,1681376112,236390
5132456474583626010,0,1681311356,236390
5121196841291290484,0,1680854362,236390
5121196841288063174,4,1680777846,236390
5121196841283988652,0,1680681262,236390
6839319551986705933,7,1680295368,236390
5143714207946465594,0,1680081697,236390
5143713753731695934,0,1679649510,236390
5125698536879869766,7,1679588062,236390
5125698536878769797,0,1679561994,236390
5125698536875213398,0,1679477686,236390
5125698536868228593,0,1679312107,236390
5125698536853621048,0,1678965784,236390
5125698536849490051,0,1678867863,236390
5070528810307023405,0,1678720724,236390
5070528810295965493,0,1678458529,236390
5070528810292084050,0,1678366532,236390
5070528810288938878,0,1678291978,236390
5070528176580122320,0,1678189193,236390
5070528176576574650,0,1678105099,236390
5070528176566119762,0,1677857168,236390
5070528176557815656,0,1677660370,236390
5059268543357704036,6,1677177381,236390
5059268099253876017,0,1676967320,236390
5059267908813768128,0,1676541025,236390
5059267908811038207,0,1676476325,236390
5036749277229303237,0,1675943842,236390
5036749277225087414,0,1675843992,236390
5035622743875585019,0,1675240021,236390
5035622109509025374,0,1674732087,236390
5035622109504992947,0,1674636520,236390
5035621474428516714,4,1674549694,236390
5035621474425307403,0,1674473622,236390
5035621474406595115,0,1674030076,236390
5035620840526598283,0,1673423752,236390
5000716037470799395,0,1672388383,236390
5000716037463656797,0,1672218997,236390
5000716037445369954,0,1671785347,236390
5000716037442210275,0,1671710484,236390
5000716037439087151,0,1671636464,236390
5000716037437974272,0,1671610107,236390
5623338145768267233,0,1671525293,236390
5623338145751035769,6,1671116742,236390
4991708208073840397,0,1671005585,236390
4980448574111452122,0,1670572452,236390
4980448574109513985,6,1670526516,236390
4980448574104708265,0,1670412609,236390
4979322040012287852,0,1669795451,236390
4836332027673301685,0,1669719799,236390
4836332027672995321,7,1669712542,236390
4836332027669051561,0,1669619035,236390
4836332027655190565,7,1669290428,236390
4836332027651097619,0,1669193193,236390
4789043687478311488,0,1668792595,236390
4789043687469953326,0,1668592994,236390
4732747437223147032,0,1667983866,236390
4732747437201201967,0,1667463564,236390
4732747437197465564,0,1667374991,236390
4706851091187093386,0,1667207710,236390
4706851091172786348,0,1666868550,236390
4706851091169149038,0,1666782338,236390
4714731755431582088,3,1666731040,236390
4714731755407764794,0,1666166441,236390
6402455182505074831,6,1665678764,236390
4867853509330196699,0,1665559921,236390
4613399405955349059,7,1665421637,236390
4613399405939814354,0,1665053272,236390
4613399405935704181,0,1664955831,236390
4613399405932883847,0,1664888972,236390
4588629064106131565,0,1664350977,236390
4589754330727556578,0,1663746097,236390
6258337460558119700,0,1663590846,236390
6258337460547237933,0,1663332746,236390
6258337460543764186,0,1663250375,236390
4705721386244966883,0,1663170750,236390
4705721386243902237,0,1663145507,236390
4606641560251492186,7,1662715723,236390
4606641560248332143,0,1662640773,236390
4606641560244004782,7,1662538144,236390
4621277624693707331,0,1662105990,236390
4621277624691826221,0,1662061370,236390
4621277624686499198,0,1661935025,236390
4514316499998209014,0,1661327122,236390
4584122114609235609,0,1661242600,236390
4584121659780162500,0,1660813693,236390
4584121659776324662,0,1660722659,236390
4607764924167795299,0,1660644331,236390
4607764924145618666,0,1660118306,236390
4598757090464890963,0,1659970579,236390
4598757090453300724,0,1659693467,236390
4598757090445726973,0,1659512409,236390
4587497456684343561,0,1659098332,236390
4587497456677930998,7,1658945027,236390
4587497456676333797,0,1658906846,236390
4598755821868158265,0,1658480205,236390
4598755821864780970,0,1658400110,236390
4598755821861687457,7,1658326749,236390
4598755821860660906,0,1658302413,236390
4937651144688815154,5,1657888516,236390
4591999790062148166,0,1657697716,236390
4474904295780520084,0,1657192938,236390
4474904295776852326,0,1657105953,236390
4474904295772907347,0,1657012390,236390
4474904295769311424,7,1656927111,236390
4474904295759388104,0,1656691701,236390
4474904295750893100,0,1656490226,236390
4474904295747448244,0,1656408529,236390
4474904295732985639,0,1656065477,236390
4474904295725349001,0,1655884416,236390
6214419130142134980,0,1655460501,236390
6214419130142091059,0,1655459052,236390
4480533160882047701,0,1655290802,236390
4480532526717581203,0,1654776438,236390
4480532526713266346,0,1654674107,236390
4469272893507123311,0,1654520721,236390
4469272893488099301,0,1654069420,236390
4437747060841300971,0,1653921917,236390
4437747060826934644,9,1653581094,236390
4437747060826570850,0,1653572469,236390
4437747060822017821,0,1653464495,236390
4292505348825292270,0,1652965108,236390
4292505348820861135,0,1652860008,236390
5849624375832739371,7,1652707169,236390
5849624375817344386,0,1652341964,236390
4348799082193803136,7,1651840427,236390
4348799082189440280,0,1651736953,236390
4348798430270032971,0,1651045733,236390
4348797798075666590,4,1650553990,236390
4348797798070939861,0,1650441879,236390
4353300763398919485,0,1649836009,236390
4353300134239657268,0,1649682995,236390
4353300134224537385,0,1649324305,236390
4353300134221910244,6,1649261978,236390
4353300134220672840,0,1649232642,236390
4347669995478152614,0,1649156695,236390
4347669995455889965,0,1648628577,236390
4258723269508308777,9,1648132675,236390
4258723269505554216,4,1648067855,236390
4259848535823119272,0,1647418330,236390
5631194088558477057,9,1646925271,236390
5631194088557375689,0,1646899141,236390
4247462367444507745,0,1646646426,236390
4247462367426048524,0,1646208489,236390
4246335832511294956,0,1645783577,236390
4246335198906450658,0,1645436393,236390
4246335198887947996,0,1644997453,236390
6154735015628929947,9,1644851390,236390
4235075565594759920,0,1644395926,236390
4235074931865285650,0,1644325823,236390
4235074931846792223,0,1643887064,236390
4235074931842659714,0,1643789023,236390
4237326104315085755,0,1643184617,236390
4237325463685468491,0,1643021172,236390
4237325463666890482,0,1642580381,236390
4224939931842425775,0,1642424041,236390
4224939931823503298,0,1641975070,236390
4224938027320527286,0,1640766513,236390
4224938027313512742,0,1640600053,236390
4224938027302489514,0,1640338463,236390
4224938027298960567,0,1640254734,236390
4224938027295029008,0,1640161493,236390
5320438099035462781,0,1639650173,236390
4224937392748121742,0,1639579021,236390
4224936849668422834,0,1639480027,236390
4224936215404810237,0,1638951877,236390
4224936215401259180,0,1638867618,236390
4224936215398375031,0,1638799188,236390
4224936215384268703,6,1638464468,236390
4224936215383696222,0,1638450889,236390
4224935490657182777,0,1638355227,236390
4224935490649579149,0,1638174827,236390
4224935490631338804,0,1637742074,236390
4227186657136545834,0,1637137359,236390
4971406207532585663,0,1636964963,236390
4186653626161619380,0,1636535254,236390
4186652991105161907,0,1635928777,236390
4186652991104537481,0,1635913965,236390
4186652357023789392,0,1635420629,236390
4103335143101246676,0,1634717750,236390
4698935641769202202,0,1634549178,236390
4101082696717444950,0,1634118206,236390
4069556867200075155,0,1633512434,236390
3938951840897620160,0,1633422040,236390
3938951840882875437,9,1633072148,236390
3938951840875734183,0,1632902685,236390
3936699406886651636,0,1632800827,236390
3936699406872527451,0,1632465609,236390
3936699406865579604,0,1632300745,236390
5418383147738478220,0,1631869102,236390
5418383147738191358,0,1631862298,236390
3936698772940450160,0,1631693338,236390
3936698772940157698,3,1631686399,236390
4020014731811867639,7,1631596895,236390
4020014731794071658,0,1631174539,236390
4020014731790745634,0,1631095597,236390
4020014099105901680,0,1631007731,236390
4020014099101569093,0,1630904901,236390
4020014099101559850,0,1630904680,236390
4020014099091454515,0,1630664806,236390
4020014099083805353,0,1630483273,236390
4018887653997864725,0,1630403758,236390
4018887653997404345,0,1630392833,236390
4018887653982553242,0,1630040329,236390
4018887653979608628,0,1629970457,236390
4022264629332446752,0,1629880375,236390
4022264629332194668,9,1629874392,236390
4022264629327629090,0,1629766038,236390
4022264629306962198,0,1629275512,236390
4040278393510884310,0,1628672555,236390
4032396530954736667,0,1628502779,236390
4032396459855071135,0,1628063473,236390
4038025325468487653,0,1627459360,236390
4038024692303920659,0,1627383531,236390
4038024692281698704,0,1626856052,236390
4204657340179419040,0,1626686711,236390
4204657340168262182,0,1626421837,236390
4036898156492327193,0,1626253706,236390
4036897704069494107,0,1626169841,236390
4032392655114162053,0,1625737209,236390
4032392655110261817,0,1625644621,236390
4032392655092429208,0,1625221233,236390
4032392655084932262,0,1625043274,236390
4032392655081452132,0,1624960660,236390
4032392655059375895,0,1624436591,236390
4056035920057513780,0,1623999888,236390
4056035920050414979,0,1623831402,236390
5019805792164127136,0,1623403609,236390
4093189984237868111,7,1623319664,236390
4093189984233944755,0,1623226526,236390
4093189347057638359,0,1623075034,236390
4093189347056889843,7,1623057258,236390
4093189347045944093,0,1622797344,236390
4093189347039069461,0,1622634113,236390
4069544815351834781,0,1622015644,236390
4069544181445311338,0,1621924721,236390
4069544181428498051,9,1621525470,236390
4069544181423775780,0,1621413361,236390
4105572344342858761,0,1620814357,236390
4072920612505087364,0,1620386792,236390
4072920612497269894,0,1620201181,236390
4074045878068136463,0,1619598015,236390
4074045878068118592,0,1619597588,236390
4074045244006285071,0,1619155082,236390
4074045243999562314,0,1618995462,236390
4074045243999493151,0,1618993818,236390
4570566564995114657,0,1618571120,236390
4570566564991403977,0,1618483023,236390
4054904311338065200,0,1618382351,236390
4117954073001656038,0,1617955376,236390
4117954072999109726,0,1617894914,236390
4023377846292527441,0,1617696112,236390
4026754911348121287,4,1616751002,236390
4026754911344505628,0,1616665154,236390
4026754911340124543,0,1616561120,236390
4048146376713156200,0,1616145655,236390
4048146376705934055,0,1615974175,236390
4058279008612278749,0,1615545102,236390
4058279008611975615,0,1615538288,236390
4058278841272622871,0,1615372653,236390
4058278841271540190,0,1615346936,236390
4057152305711885884,0,1614846292,236390
4059402835312891444,0,1613729316,236390
4059402835310199674,9,1613665386,236390
4059402835308296028,0,1613620187,236390
4050393736355821565,0,1612258308,236390
4050393736340598845,0,1611896744,236390
4043637702561540920,0,1611569247,236390
4043637702550581764,0,1611308946,236390
4483864038804734103,0,1610686691,236390
4043637067847654485,0,1610582109,236390
3942305442240659067,0,1609925566,236390
4090922416498350961,0,1608285846,236390
3879252510645054565,7,1607936424,236390
3856733878297769264,0,1607075904,236390
3856733878294034034,0,1606986635,236390
3856733878290522205,0,1606902692,236390
3856733252009170985,0,1606469785,236390
3856733252008211023,0,1606446836,236390
3856733252005440535,0,1606380617,236390
3856732771971015405,0,1606211056,236390
3856732771970916664,0,1606208696,236390
3856732611027705981,3,1605693643,236390
3872494575605223206,0,1605606532,236390
3887130640410214901,4,1604997523,236390
3895010671340709480,0,1603459603,236390
3895010671336389688,7,1603356356,236390
5422856308629295361,0,1603185366,236390
3854477638700126128,0,1602668101,236390
3853351107545519291,0,1602071609,236390
3807188575845038031,0,1601464572,236390
3715990047711845836,0,1601367753,236390
3715990047693661258,0,1600933014,236390
3819572206284874178,0,1600764628,236390
3819572206267003787,0,1600337403,236390
3819572206266701500,0,1600330177,236390
4249665521693234293,0,1600079370,236390
3819571572128686661,0,1599721722,236390
3819571008258277565,0,1599191069,236390
3819571008258270808,0,1599190908,236390
3819570936610912097,0,1599041227,236390
3788045105524189773,0,1598542931,236390
3670950880880676447,7,1597987574,236390
4828375451936670983,0,1597745419,236390
4828375451932799087,0,1597652842,236390
4828375451921947487,0,1597393389,236390
4828375451918590732,0,1597313136,236390
3667572003475826463,0,1597132881,236390
3664193578977474940,0,1596538668,236390
3664193578958878677,0,1596097498,236390
3978319116853618696,0,1595924960,236390
4738301364299065813,0,1595328474,236390
4738301002603560483,0,1594990718,236390
3898379576088689582,0,1594885871,236390
3659688711189473144,0,1594800660,236390
3516698970137931885,0,1594533336,236390
3516698970130762910,0,1594361928,236390
3444639924522649939,0,1593774684,236390
3444639924518785953,7,1593682301,236390
3444639924508197415,0,1593429138,236390
3444639924499377701,0,1593218258,236390
3444639924493317396,0,1593073396,236390
3384966595887189741,0,1592891977,236390
3384966595872768042,0,1592547175,236390
3384966595866001877,0,1592385431,236390
3157533729869691922,0,1591693170,236390
3157533729869527153,0,1591689231,236390
3157533729857997386,0,1591413578,236390
3157533548736729013,0,1591173128,236390
3142896212108040359,0,1591132067,236390
3142896212091808837,0,1590743991,236390
3142896212088422794,0,1590663045,236390
3142896212084537671,0,1590570160,236390
3112496281294269084,0,1590136492,236390
3112496281286956155,0,1589961653,236390
4742798899911495671,0,1589537782,236390
3110243848760530118,0,1589360988,236390
3110243486341346036,0,1589018686,236390
3127131079124855871,0,1588244096,236390
3127131079121438331,0,1588162388,236390
3112493747284171165,0,1588062144,236390
4654976078221641888,0,1587458329,236390
4654976078203579998,0,1587026476,236390
3112493111840319393,0,1586942678,236390
3112492477903359800,0,1586854640,236390
3112492477881594837,0,1586334241,236390
2978509755348400734,0,1585903145,236390
2978509755341301359,0,1585733413,236390
2984138620247481400,0,1585292245,236390
2984138620243629188,0,1585200143,236390
2698159409990943468,0,1585043619,236390
2698159409990449182,0,1585031800,236390
2698159409976688744,0,1584702791,236390
2698159409972760261,0,1584608866,236390
2698159409969196737,0,1584523665,236390
3893864668627888140,0,1584444868,236390
3893864668624199613,0,1584356679,236390
2578812118970491751,7,1583234086,236390
2597949245043434763,7,1579697158,236390
3370312875266030306,0,1576578714,236390
3370312875265448133,0,1576564794,236390
3657414904102318119,0,1574076578,236390
2504491307421388945,0,1572349134,236390
2408786008257142534,0,1568194014,236390
2415540140455543183,0,1567066379,236390
2408775863521928564,0,1558684182,236390
2530366080613000861,0,1552385741,236390
3244179105174671264,0,1545059845,236390
3244179105173751483,0,1545038352,236390
2415514774173984226,0,1543019942,236390
2403126706535053796,0,1540319799,236390
2403126706533908529,0,1540292832,236390
2447035533314044846,0,1539125851,236390
2450411965548958702,0,1537378357,236390
2450411965547803509,0,1537351050,236390
2454914931416336615,0,1537259944,236390
2444779293780681110,0,1534870939,236390
2431262152952371944,0,1528797650,236390
2431262152934027627,0,1528359066,236390
2431262152934017186,0,1528358816,236390
2365953485469291974,0,1522190196,236390
3819571572130514523,0,1522190196,236390
2363700548698894111,0,1521020286,236390
3819571572130514908,0,1521020286,236390
2363699280676458056,0,1520376829,236390
3819571572130515513,0,1520376829,236390
2361446846765268607,0,1519283152,236390
3819571572130516654,0,1519283152,236390
2442505391489963723,0,1513680269,236390
3819571572130519531,0,1513680269,236390
2140760316585817608,0,1509530767,236390
3819571572130522738,0,1509530767,236390
2139632606716743497,0,1507792271,236390
3819571572130524228,0,1507792271,236390
3136051487778215383,0,1505738810,236390
3819571572130524730,0,1505738810,236390
2127244540324513065,0,1504916842,236390
3819571572130525477,0,1504916842,236390
2709332890288676878,0,1503406844,236390
3819571572130528094,0,1503406844,236390
1904306757811503578,0,1495705017,236390
3819571572130531222,0,1495705017,236390
1858142318047141771,0,1493766766,236390
3819571572130533641,0,1493766766,236390
75839063716901921,0,1489659132,236390
3819571572130535802,0,1489659132,236390
75838332260165644,0,1489149553,236390
3819571572130536260,0,1489149553,236390
3819571572130540989,0,1482226603,236390
91593398116429104,0,1482226603,236390
3819571572130541102,0,1482224809,236390
91593398116354076,0,1482224809,236390
3819571572130542497,0,1480798071,236390
91592053113428956,0,1480798071,236390
3819571572130543414,0,1479941453,236390
91591419806997979,0,1479941453,236390
3819571572130546384,6,1475141458,236390
243582826884011227,6,1475141458,236390
3819571572130547026,6,1473998969,236390
243581744548688103,6,1473998969,236390
3819571572130550794,0,1470225724,236390
252584970526286353,0,1470225724,236390
3819571572130551056,0,1469845446,236390
252584317727605562,0,1469845446,236390
3819571572130552695,0,1466470425,236390
250328813712543928,0,1466470425,236390
3819571572130552813,0,1465464364,236390
249202181060524828,0,1465464364,236390
295355928901329978,0,1458036141,236390
3819571572130557890,0,1458036141,236390
295355202047436056,0,1457220332,236390
3819571572130559096,0,1457220332,236390
377538367950123432,0,1450175809,236390
3819571572130566676,0,1450175809,236390
377538367949847602,0,1450169214,236390
3819571572130566807,0,1450169214,236390
378661012843737555,0,1446732732,236390
3819571572130569415,0,1446732732,236390
378661012843135780,0,1446718343,236390
3819571572130569520,0,1446718343,236390
371903707722711935,0,1444864124,236390
3819571572130570837,0,1444864124,236390
369651273094708466,0,1444682146,236390
3819571572130570952,0,1444682146,236390
410179229572176924,0,1440071400,236390
3819571572130575448,0,1440071400,236390
424811489599027117,0,1435777222,236390
424811334074185774,0,1435653294,236390
3819571572130579136,0,1435653294,236390
424810855062872072,3,1435151672,236390
3819571572130580524,3,1435151672,236390
3819571572130584193,0,1432198899,236390
518256742339921806,7,1431896913,236390
3819571572130584691,7,1431896913,236390
518256108448016992,0,1431005842,236390
3819571572130585173,0,1431005842,236390
518256108444077414,0,1430911645,236390
3819571572130585286,0,1430911645,236390
518255472520097951,0,1430822497,236390
3819571572130585648,0,1430822497,236390
518255472501627583,0,1430380851,236390
3819571572130586630,0,1430380851,236390
517128939724100288,0,1430240676,236390
3819571572130587002,0,1430240676,236390
517128939715613926,3,1430037760,236390
3819571572130587262,3,1430037760,236390
517128939705596200,3,1429798227,236390
3819571572130588263,3,1429798227,236390
517128939701404874,3,1429698011,236390
3819571572130588880,3,1429698011,236390
517128413775162594,0,1429488545,236390
3819571572130589491,0,1429488545,236390
517128413762135780,7,1429177060,236390
3819571572130590315,7,1429177060,236390
3819571572130590431,0,1429109020,236390
517128306274641394,0,1429098049,236390
3819571572130590565,0,1429098049,236390
3819571572130590827,0,1428959953,236390
517127039061267601,0,1428670563,236390
3819571572130591189,0,1428670563,236390
3819571572130592124,0,1427794279,236390
3819571572130592491,0,1427453721,236390
517126407344861048,0,1427373330,236390
3819571572130592731,0,1427373330,236390
517126407344653665,0,1427368371,236390
3819571572130592867,0,1427368371,236390
3819571572130593151,0,1427274947,236390
515999415044324353,7,1426536896,236390
3819571572130593843,7,1426536896,236390
515999415033887358,7,1426287331,236390
3819571572130594174,7,1426287331,236390
515999415033555356,7,1426279393,236390
515999415033554585,7,1426279370,236390
515998514243947495,0,1425472646,236390
3819571572130595031,0,1425472646,236390
515998514240510265,0,1425390460,236390
3819571572130595145,0,1425390460,236390
515997975643716391,0,1425279736,236390
3819571572130595521,0,1425279736,236390
3819571572130595873,0,1425076232,236390
515997975629928938,0,1424949545,236390
3819571572130596120,0,1424902002,236390
515997419767390518,0,1424775310,236390
3819571572130596244,0,1424775310,236390
515997419749449463,6,1424346318,236390
3819571572130596819,6,1424346318,236390
517122602977242808,9,1423778102,236390
3819571572130597921,9,1423778102,236390
511492468636263702,0,1423049641,236390
3819571572130599614,0,1423049641,236390
3819571572130600937,0,1422295017,236390
519372501700319311,0,1421932824,236390
3819571572130601694,0,1421932824,236390
521623755676771073,0,1421413512,236390
3819571572130602428,0,1421413512,236390
521623755673438411,0,1421333826,236390
3819571572130602789,0,1421333826,236390
521623755673424066,0,1421333483,236390
3819571572130602911,0,1421333483,236390
521623031795991918,0,1420810744,236390
3819571572130603354,0,1420810744,236390
526125368432948459,0,1419938601,236390
3819571572130604092,0,1419938601,236390
526125368366197319,0,1419853326,236390
526125368074507658,0,1419460066,236390
3819571572130605121,0,1419460066,236390
524998829411864549,0,1419339904,236390
3819571572130605508,0,1419339904,236390
524998829379538025,0,1419290432,236390
3819571572130605772,0,1419290432,236390
524998829083084715,0,1418900594,236390
3819571572130606751,0,1418900594,236390
524998195451628271,0,1418723671,236390
3819571572130607029,0,1418723671,236390
522745760219451554,7,1418073023,236390
3819571572130608105,7,1418073023,236390
522745759966139585,7,1417705484,236390
3819571572130609025,7,1417705484,236390
521614893438883967,0,1412842536,236390
3819571572130613113,0,1412842536,236390
521613086832971685,3,1411314212,236390
3171973016494408221,0,1403186139,236390
3819571572130626188,0,1403186139,236390
3171973016492210822,0,1403183267,236390
3819571572130626262,0,1403183267,236390
3188860337832779709,9,1402063694,236390
3819571572130627700,9,1402063694,236390
920170104198334109,0,1400153574,236390
919041785773236016,0,1397857817,236390
920166227466540054,0,1397552323,236390
1010230612819392593,0,1389689417,236390
1010228711882757569,4,1387877807,236390
1010228711558327535,0,1387387491,236390
1010228711545773117,0,1387370639,236390
1027114127799517403,3,1384683644,236390
1462832954333502864,0,1380186051,236390
1788311419145858,9,1736777237,1669000
1785321795768050,9,1733839240,1669000
1784506359143071,9,1733144436,1669000
1783238125342701,2,1731936070,1669000
6148070194801628160,9,1731067617,1669000
6148070194801596619,2,1730988075,1669000
6146943657174063280,6,1730816306,1669000
6212245217911953479,9,1730125469,1669000
6350729003508754340,4,1728306123,1669000
5963413728353338528,9,1722949335,1669000
5842939267357260339,9,1720624848,1669000
5842939267331928407,9,1720023910,1669000
5842939267327769195,2,1719925839,1669000
5759622039976947024,4,1718906998,1669000
5759622039976173090,2,1718888664,1669000
6890025005367662288,6,1718728638,1669000
6890025005349060065,2,1718287798,1669000
5756237364326330148,4,1712667818,1669000
5756237364304451399,2,1712149263,1669000
5686429670867917295,2,1710338427,1669000
5688680204388652206,9,1709651077,1669000
5688680204370113991,2,1709211710,1669000
5688680204367994753,9,1709161362,1669000
5728086065200850914,9,1709056362,1669000
5728086065196777109,6,1708959841,1669000
5728086065182204766,9,1708614444,1669000
5519792046267134116,5,1706634672,1669000
5395938616812792149,4,1702389716,1669000
5395937983679411509,9,1701784822,1669000
6560117310264278579,2,1700143315,1669000
5302486387998204023,2,1699538405,1669000
5302486387994456959,9,1699448120,1669000
5288974951225336508,6,1699376682,1669000
5246188851834782643,9,1697040586,1669000
5480373588782554608,9,1694696314,1669000
5159491482908905504,9,1694091930,1669000
5141475722327064084,9,1692881763,1669000
5839532486228991867,9,1692104330,1669000
5124584686249839778,9,1690552804,1669000
5124584051988141872,2,1690293659,1669000
5124582150181978216,2,1689258210,1669000
5124582150181782446,2,1689253574,1669000
5124582150181763799,2,1689253128,1669000
5124581515254869120,2,1687442683,1669000
5896948309857733876,6,1687268981,1669000
5896948309857707953,2,1687268372,1669000
5896948309857690006,2,1687267943,1669000
5151600576591826592,4,1685109822,1669000
5151600576591679766,4,1685106343,1669000
5151600576588070192,4,1685020770,1669000
6557848386941377504,2,1683814254,1669000
5138087875079595166,4,1683208877,1669000
1790214123216573,6,1738601065,444090
1790214123050966,9,1738159749,444090
1785774543689987,2,1734448921,444090
1785774543494414,6,1733928535,444090
1783872411983650,2,1732200910,444090
6146943657173866886,6,1730293370,444090
6250522009527903438,2,1726496580,444090
6242640076590889483,6,1725403601,444090
5963413728331795670,2,1722438684,444090
5963413094344638713,9,1721827397,444090
5746109972548851092,2,1717679220,444090
5741605105603742263,2,1716386681,444090
5762994032387463666,6,1713365354,444090
5686430301732654963,6,1711374918,444090
8033928544492739556,2,1708008863,444090
5519792046244800500,9,1706105332,444090
5410576585126648724,9,1703085840,444090
5127964289169560665,6,1692198581,444090
5124581515251228711,6,1687356398,444090
5140340943301434516,6,1684326033,444090
5143714207947435646,9,1680104679,444090
5059268543357190265,6,1677165206,444090
4789043687471261312,6,1668624206,444090
4867853509331489141,6,1665590544,444090
4584121659777718604,6,1660755714,444090
4474904295752241998,6,1656522216,444090
4288001105332819454,6,1652286118,444090
4258723269504469366,6,1648042135,444090
4237326104334574923,6,1643646962,444090
4237325463675556774,9,1642785964,444090
4186653626162447628,6,1636554893,444090
5418383147754588457,6,1632251455,444090
4022264629311381810,2,1629380400,444090
4038024692287094504,6,1626984118,444090
4072920612503129045,9,1620340301,444090
4054904311339325148,3,1618412253,444090
4051520269922846065,2,1612375526,444090
4483864038821035968,9,1611073931,444090
3807188575853812228,6,1601674318,444090
3819572206285802246,6,1600786811,444090
3670950880878365143,9,1597932316,444090
3444639924516097687,9,1593618025,444090
3157533548737527239,9,1591192211,444090
3110243741292614097,9,1589323901,444090
3127131079130007877,6,1588367264,444090
2582187916832407199,6,1580926176,444090
2600199781636557053,2,1578492287,444090
2587811707163149135,6,1575488536,444090
2448197582015888056,6,1573057549,444090
2448197582015684989,6,1573052695,444090
2451574645861850038,2,1572620528,444090
2408786008257991718,6,1568214313,444090
2413289226969762474,6,1568040980,444090
2413284533107128617,6,1563809269,444090
2400895196201898705,9,1559155208,444090
2465065785317071990,9,1554235348,444090
2534869043305495827,6,1551391421,444090
2465061982069531810,6,1550094432,444090
2426778849012924984,9,1547659432,444090
2416641943191512117,6,1544562825,444090
2413262343931365246,6,1542221138,444090
2403127338430312446,6,1540503624,444090
2447035533298352765,6,1538750656,444090
2444779293780752387,6,1534877725,444090
2454911758740580197,6,1533823499,444090
2412125660631895121,9,1531947504,444090
2499943313649180514,9,1530043361,444090
2431262152938519771,2,1528466462,444090
2391853754540621118,9,1526683451,444090
2394102381818182639,9,1523552127,444090
2394101748798618166,6,1522935891,444090
4249665521684225172,6,1522935891,444090
2394101748795974019,6,1522872671,444090
4249665521684225297,6,1522872671,444090
2982945658366336748,6,1521474882,444090
4249665521684225418,6,1521474882,444090
2363699913368288758,6,1520452473,444090
4249665521684226286,6,1520452473,444090
2363699280658069206,2,1519937156,444090
4249665521684226715,2,1519937156,444090
2363699280657689317,6,1519928075,444090
4249665521684226851,6,1519928075,444090
2361446846763289527,9,1519235831,444090
4249665521684227227,9,1519235831,444090
2298392651780641544,9,1515696336,444090
4249665521684229031,9,1515696336,444090
2152021858893960917,9,1511989208,444090
2152021858893262323,6,1511974545,444090
4249665521684231359,6,1511974545,444090
2149769425933541797,4,1511894368,444090
4249665521684231475,4,1511894368,444090
2143013295368290950,0,1510761738,444090
4249665521684232317,0,1510761738,444090
2143012757612029901,3,1510265571,444090
4249665521684232893,3,1510265571,444090
2143012757608038393,9,1510170138,444090
4249665521684233163,9,1510170138,444090
2140760316608901159,9,1510082680,444090
4249665521684233290,9,1510082680,444090
2140760316590083988,9,1509632770,444090
4249665521684233568,9,1509632770,444090
2139633149558943998,2,1508351695,444090
4249665521684234579,2,1508351695,444090
2139632606721800881,3,1507913188,444090
4249665521684234860,3,1507913188,444090
2139632606718665082,4,1507838213,444090
4249665521684234986,4,1507838213,444090
2145261379807109556,3,1507755339,444090
4249665521684235236,3,1507755339,444090
2145261379781026507,9,1507131695,444090
4249665521684235720,9,1507131695,444090
2175660043468660629,6,1506701944,444090
4249665521684236103,6,1506701944,444090
2175660043465521529,6,1506626890,444090
4249665521684236340,6,1506626890,444090
2149763711087658062,9,1505924295,444090
4249665521684236479,9,1505924295,444090
3136051487767834833,9,1505490602,444090
4249665521684236600,9,1505490602,444090
3136051487764333592,9,1505406887,444090
4249665521684237007,9,1505406887,444090
2127244540319424644,9,1504795183,444090
4249665521684237150,9,1504795183,444090
2095718613770272355,9,1504279402,444090
4249665521684237396,9,1504279402,444090
2095718613766812490,9,1504196679,444090
4249665521684237523,9,1504196679,444090
2094592080068679849,9,1503605402,444090
4249665521684237941,9,1503605402,444090
2709332890274561502,3,1503069336,444090
4249665521684238195,3,1503069336,444090
2093465546037984372,6,1502909605,444090
4249665521684238435,6,1502909605,444090
2093464278179160623,9,1502292219,444090
4249665521684239361,9,1502292219,444090
2093464278161005292,9,1501858118,444090
4249665521684239742,9,1501858118,444090
2093464278157971967,9,1501785592,444090
4249665521684239856,9,1501785592,444090
2093463643448702158,9,1501081787,444090
4249665521684240230,9,1501081787,444090
2079952210072475066,3,1500658639,444090
4249665521684240463,3,1500658639,444090
2079952210068926435,3,1500573800,444090
4249665521684240697,3,1500573800,444090
2079951576315487299,9,1499884722,444090
4249665521684241179,9,1499884722,444090
2078825132636325230,9,1499448997,444090
4249665521684241418,9,1499448997,444090
2564086801857901730,9,1498665586,444090
4249665521684242117,9,1498665586,444090
2564086801839841030,3,1498233756,444090
4249665521684242231,3,1498233756,444090
1980870483556651370,6,1498157878,444090
4249665521684242596,6,1498157878,444090
1980870483556540406,3,1498155226,444090
4249665521684242825,3,1498155226,444090
1967358417038680375,9,1497030155,444090
4249665521684243285,9,1497030155,444090
1967358417038428227,4,1497024127,444090
4249665521684243392,4,1497024127,444090
1904307386955520315,9,1496342369,444090
4249665521684243801,9,1496342369,444090
1904306757816131903,3,1495815678,444090
4249665521684244294,3,1495815678,444090
1904306757812336861,9,1495724941,444090
4249665521684244514,9,1495724941,444090
1904306118437526782,9,1495031583,444090
4249665521684244903,9,1495031583,444090
2423345440408847945,3,1494595576,444090
4249665521684245366,3,1494595576,444090
1876157984143313455,6,1494445883,444090
4249665521684245584,6,1494445883,444090
1869401952296955702,9,1493925656,444090
4249665521684245932,9,1493925656,444090
75842128754998353,2,1492610084,444090
4249665521684246770,2,1492610084,444090
75841595751427233,4,1492181588,444090
4249665521684247112,4,1492181588,444090
75841595748483213,3,1492111198,444090
4249665521684247237,3,1492111198,444090
75840229398779014,9,1491419344,444090
4249665521684247486,9,1491419344,444090
75840229377259139,6,1490904810,444090
4249665521684247948,6,1490904810,444090
75840229373367776,4,1490811773,444090
4249665521684248194,4,1490811773,444090
75839596809754272,2,1490291955,444090
4249665521684248676,2,1490291955,444090
75839063721621490,6,1489771768,444090
4249665521684249193,6,1489771768,444090
75838960584886702,6,1489602081,444090
4249665521684249649,6,1489602081,444090
75838332257109215,9,1489076476,444090
4249665521684250123,9,1489076476,444090
75837698141804195,3,1488559979,444090
4249665521684250493,3,1488559979,444090
75837698138517335,3,1488481391,444090
4249665521684250738,3,1488481391,444090
75837063472962898,9,1487893983,444090
75837063468569642,9,1487790172,444090
4249665521684251348,9,1487790172,444090
75836429545259248,3,1487351583,444090
4249665521684251559,3,1487351583,444090
75836429538459311,6,1487189003,444090
4249665521684251899,6,1487189003,444090
75835794570809955,9,1486574951,444090
4249665521684252627,9,1486574951,444090
75835160694015226,3,1486145456,444090
4249665521684252873,3,1486145456,444090
75835160686735633,6,1485971405,444090
4249665521684252994,6,1485971405,444090
83715191688040019,9,1485449475,444090
4249665521684253120,9,1485449475,444090
83715191666165964,6,1484926462,444090
4249665521684253228,6,1484926462,444090
83715191662544184,3,1484839868,444090
4249665521684253344,3,1484839868,444090
84840457410294876,9,1484580092,444090
4249665521684253460,9,1484580092,444090
91593398118274719,9,1482270726,444090
4249665521684254318,9,1482270726,444090
91593398099232685,9,1481815440,444090
4249665521684254440,9,1481815440,444090
91592690487037136,9,1481126142,444090
4249665521684254787,9,1481126142,444090
91592053101781306,3,1480519584,444090
4249665521684254903,3,1480519584,444090
91591419828016040,3,1480443997,444090
4249665521684255021,3,1480443997,444090
127619582134110703,9,1479754416,444090
4249665521684255245,9,1479754416,444090
136626237893145495,3,1479238709,444090
4249665521684255680,3,1479238709,444090
136626237875052447,9,1478806101,444090
4249665521684256041,9,1478806101,444090
234577531177480874,9,1477333846,444090
4249665521684256610,9,1477333846,444090
243583460817939789,6,1476209980,444090
4249665521684256976,6,1476209980,444090
243583460796141443,6,1475688779,444090
4249665521684257216,6,1475688779,444090
243582826881664616,9,1475085350,444090
4249665521684257440,9,1475085350,444090
1790848102626389,4,1738864593,2977660
6000566704277316004,6,1720978923,2977660
6000566704269330582,6,1720789606,2977660
5842939267360571681,6,1720703327,2977660
5842939267360362521,6,1720698373,2977660
5842939267328083008,6,1719933274,2977660
5842939267320307117,8,1719748988,2977660
5842939267316758204,4,1719664840,2977660
5842939267308667169,4,1719473153,2977660
5842939267305960972,6,1719409012,2977660
5759622039994286961,6,1719317979,2977660
5759622039991213739,2,1719245153,2977660
5759622039990577389,6,1719230073,2977660
5759622039990396132,4,1719225784,2977660
5759622039990134089,6,1719219576,2977660
5759622039984214599,6,1719079230,2977660
5759622039983852342,6,1719070643,2977660
5759622039980848106,6,1718999426,2977660
5759622039979338351,6,1718963675,2977660
5759622039977375700,8,1718917151,2977660
5759622039976504616,6,1718896512,2977660
5759622039973029006,6,1718814148,2977660
5759622039972260176,6,1718795938,2977660
6890025005367346878,6,1718721168,2977660
6890025005356693957,4,1718468688,2977660
6890025005356643680,4,1718467496,2977660
6890025005356477216,7,1718463549,2977660
6890025005356448921,0,1718462884,2977660
6890025005353597733,7,1718395301,2977660
1794102528060924,2,1741838992,2016590
1793384379443888,9,1741454907,2016590
1791580425961113,2,1739444732,2016590
1789580505342285,9,1737731185,2016590
1789039014363827,9,1737110153,2016590
1788311419087749,2,1736619573,2016590
1786573930883394,2,1735318490,2016590
1786573930669199,4,1734735531,2016590
1784506359246779,2,1733413524,2016590
1784506359041331,9,1732872899,2016590
1783872411980665,9,1732193530,2016590
1783238125207392,9,1731576084,2016590
6146943657173859460,2,1730275525,2016590
6212245217911939645,2,1730090299,2016590
6212245217911842848,2,1729827809,2016590
6212244583175742268,2,1729167583,2016590
6931694080294952742,9,1728648984,2016590
6350729003497551772,9,1728040562,2016590
6341720536521425206,2,1727196319,2016590
6250522009515310807,9,1726198101,2016590
6242640076600741929,2,1725637080,2016590
6240387642454017856,2,1724929610,2016590
5875595438688062417,2,1724329326,2016590
6909171012600543896,9,1723839921,2016590
6909171012598922182,4,1723804768,2016590
5875594803673964854,9,1723633391,2016590
5963413728339419721,2,1722619375,2016590
5969041959963968842,2,1721288876,2016590
6000566704268176015,2,1720762267,2016590
5842939267339106827,4,1720194538,2016590
5842939267337943692,2,1720166986,2016590
5759622039990832704,2,1719236121,2016590
5759622039980482959,2,1718990772,2016590
6890025005353189525,9,1718385632,2016590
5746109972563753811,0,1718032384,2016590
5746109972560683056,4,1717959629,2016590
6300039510124723218,9,1705096584,2016590
5410576585188323847,9,1704546118,2016590
5410576585134549499,6,1703271704,2016590
6438516944127280390,2,1697245408,2016590
5219165352626742239,9,1695344235,2016590
5480373588783280024,9,1694713240,2016590
5159491482928107030,9,1694546358,2016590
5159491482909991580,3,1694114557,2016590
5141476355674942013,9,1693873769,2016590
5141475722330108552,9,1692923641,2016590
5839532486228485067,9,1692060273,2016590
5839532486215196096,2,1691776803,2016590
5124585954864114969,9,1691609116,2016590
5036749277248196678,4,1676391566,2016590
5036749277243090539,4,1676270584,2016590
5036749277234221189,2,1676060292,2016590
5036749277229331011,4,1675944504,2016590
5036749277225308082,2,1675849223,2016590
5035622743897763162,2,1675765689,2016590
5000716037445400446,4,1671786074,2016590
5000716037436529189,2,1671575829,2016590
5623338145763460975,2,1671411345,2016590
5623338145759720147,2,1671322622,2016590
5623338145756229532,4,1671239833,2016590
4706851091190926974,4,1667298530,2016590
4706851091187494058,2,1667217197,2016590
4706851091180443445,4,1667049993,2016590
4589754330750551852,4,1664291423,2016590
4589754330742995448,2,1664112243,2016590
4036898156493564472,3,1626282900,1174180
4032392655111857059,6,1625682300,1174180
5422856308630590936,6,1603212600,1174180
3667572003477429182,7,1597171194,1174180
3370312875262358358,6,1576490760,1174180
2551782186277545188,3,1575396820,1174180
2551782186274456512,5,1575325339,1174180
5746109972548388069,5,1717668253,292030
5747233970436260596,5,1716285789,292030
5124584051966698649,5,1689784784,292030
5124584051965977089,5,1689768249,292030
6557848386943416056,7,1683862028,292030
6557848386941104162,5,1683807775,292030
5125698536879227094,5,1679572830,292030
5070528810311501676,7,1678826688,292030
5070528810308048883,7,1678744957,292030
5070528810306835561,5,1678716277,292030
5036749277247990738,7,1676386490,292030
5036749277247550594,5,1676376277,292030
5036749277244709183,5,1676308575,292030
5036749277237629134,7,1676140467,292030
5036749277233286758,9,1676037548,292030
5035622743890620614,7,1675596332,292030
5035622743883370342,5,1675424150,292030
5035622743881241541,7,1675373529,292030
5035622743879935481,5,1675343105,292030
5035622109509870531,6,1674751752,292030
5035621474415659179,4,1674244281,292030
5000716037442850015,7,1671724421,292030
5000716037442374963,5,1671714382,292030
5623338145765689034,7,1671463627,292030
5623338145765666748,7,1671463302,292030
5623338145765512813,5,1671459991,292030
5623338145765127750,9,1671450684,292030
5623338145762283093,6,1671383336,292030
4991708208075932772,7,1671054733,292030
4991708208075106847,4,1671034442,292030
4991708208074979936,2,1671032357,292030
4991708208072701873,5,1670978588,292030
4980448574126679565,9,1670932967,292030
4980448574124616557,0,1670884396,292030
4980448574124067325,9,1670871398,292030
4980448574124025767,9,1670870564,292030
4980448574105554839,2,1670432121,292030
4979322040035495918,9,1670343599,292030
4979322040034855577,7,1670330068,292030
4979322040031888800,1,1670259668,292030
4836332027652703908,5,1669231121,292030
4836332027652576206,5,1669228265,292030
4836332027652523943,5,1669227200,292030
6368680725436463222,5,1668451753,292030
6368680725436138234,3,1668443992,292030
4292505348826572786,3,1652994890,292030
4103335143103781750,0,1634777380,292030
4103335143103123006,7,1634761784,292030
4103335143102928267,0,1634757425,292030
4036897704056436238,6,1625859559,292030
4072920612513261780,9,1620580558,292030
4072920612506132955,9,1620411568,292030
4570566565006988254,7,1618852622,292030
4570566565006988261,6,1618852602,292030
3917534300114760182,0,1609800454,292030
4249665521683855675,5,1599858736,292030
3819571008259377338,9,1599216950,292030
2400895196220393634,0,1559595485,227300
2413262343930781356,5,1542207179,292030
2281501687578751349,9,1513198837,292030
3819571572131224235,2,1472569896,292030
250335145798161111,2,1472569896,292030
250335145795331000,5,1472501818,292030
257086017094017236,5,1467805498,292030
250328813714010398,2,1466505294,292030
3819571572131224360,2,1466004736,292030
250328712421442981,2,1466004736,292030
255956312816630211,2,1464691967,292030
3819571572131224464,2,1464616457,292030
255956312813463321,2,1464616457,292030
255956312803169665,5,1464370224,292030
341512658322468482,2,1453115057,292030
3819571572131224756,2,1453115057,292030
341512023090873644,2,1452532910,292030
3819571572131224864,2,1452532910,292030
341512023090864136,2,1452532682,292030
3819571572131224979,2,1452532682,292030
341512023090839046,2,1452532040,292030
3819571572131225196,2,1445608419,292030
371904442454398569,2,1445608419,292030
371904442452426675,9,1445560903,292030
371903707739984671,0,1445276839,292030
369651273082312096,5,1444384708,292030
369651273079954548,5,1444329362,292030
369651273079158458,2,1444310334,292030
3819571572131225292,2,1444310334,292030
369651273079157828,2,1444310319,292030
3819571572131225405,2,1444310319,292030
369651273079157118,2,1444310302,292030
3819571572131225510,2,1444310302,292030
369651273079156166,2,1444310279,292030
3819571572131225624,2,1444310279,292030
369651273079154923,2,1444310249,292030
3819571572131225733,2,1444310249,292030
409054598167077819,9,1441369571,292030
423688416243829415,2,1439042400,292030
423688416240239143,2,1438956789,292030
3819571572131225964,2,1438956789,292030
423686857826183511,2,1437433815,292030
423686857824139271,7,1437385007,292030
423686857818205224,2,1437243220,292030
3819571572131226066,2,1437243220,292030
423686857818190742,2,1437242874,292030
3819571572131226191,2,1437242874,292030
424811489617405051,5,1436216657,292030
499119164372860697,7,1434380815,292030
3819571572131226297,7,1434380815,292030
519384546588635409,5,1433535357,292030
519384546588384992,2,1433529832,292030
3819571572131226421,2,1433529832,292030
519383914589200995,5,1433193047,292030
519383914580457334,5,1432983649,292030
518257376280544045,5,1432573720,292030
518257376280169129,7,1432564977,292030
3819571572131226534,7,1432564977,292030
518257376265665466,2,1432218180,292030
3819571572131226629,2,1432218180,292030
1793384379533827,2,1741698023,1184370
1792116353164744,7,1739982051,1184370
1785774543653821,9,1734353801,1184370
1783872411985272,4,1732204673,1184370
1783238125347923,2,1731949236,1184370
6339469370178474593,2,1727272790,1184370
6242640076597053838,2,1725549682,1184370
6000566704279939724,4,1721041120,1184370
5842939267360550854,2,1720702840,1184370
5759622039976313482,2,1718891987,1184370
6890025005353871913,2,1718401794,1184370
6890025005349173656,2,1718290481,1184370
6890025005349173438,2,1718290476,1184370
5510784213097750823,2,1705579978,1184370
7585814657459951335,2,1702546427,1184370
5395937983679424572,2,1701785134,1184370
5382426458981411875,2,1700845955,1184370
5382426458974556549,2,1700682267,1184370
5382426458970378912,2,1700583323,1184370
5382426458970371956,2,1700583157,1184370
5124584686263731634,2,1690882178,1184370
5124584051986685458,7,1690259143,1184370
5124584051985300172,7,1690226300,1184370
5124584051984579461,2,1690209230,1184370
5129083846342109616,7,1686303965,1184370
5129083846338415862,2,1686216424,1184370
5133583099809637787,2,1682332812,1184370
5121196841291295917,4,1680854491,1184370
5121196841284571086,2,1680695071,1184370
5125698536880340516,4,1679599213,1184370
5125698536875947823,2,1679492582,1184370
5070528810302143075,4,1678605013,1184370
5070528810295359397,2,1678444172,1184370
5070528176580783571,2,1678204854,1184370
5070528176580782670,2,1678204833,1184370
5059268543356948091,4,1677159471,1184370
5059268099251056564,2,1676900479,1184370
5059268099251054068,2,1676900419,1184370
5059267908810968876,7,1676474689,1184370
5036749277243515869,4,1676280662,1184370
5035622743879498896,2,1675332764,1184370
5000716037445218506,4,1671781758,1184370
5000716037441887279,2,1671702842,1184370
4980448574104259363,4,1670401970,1184370
4979322040030519017,2,1670227662,1184370
4789043687472932950,7,1668664153,1184370
6368680725439034008,2,1668512708,1184370
4706851091187448110,2,1667216112,1184370
4714731755411911519,2,1666264731,1184370
4867853509331071469,4,1665580648,1184370
4613399405943003049,2,1665128857,1184370
4613399405939435364,2,1665044286,1184370
4588629064112010762,4,1664490354,1184370
4588629064110964982,2,1664465564,1184370
4589754330731412351,2,1663837535,1184370
6258337460544280474,4,1663262613,1184370
4705721386244073135,4,1663149553,1184370
4606641560262967700,2,1662987928,1184370
4621277624691052323,4,1662043021,1184370
4621277624687193453,4,1661951495,1184370
4514316500021024759,2,1661868307,1184370
4587497456684428979,2,1659100374,1184370
4937651144688445847,4,1657879766,1184370
4937651144684545832,2,1657787262,1184370
4474904295726361735,2,1655908428,1184370
4480532526717813773,2,1654781948,1184370
4292505348828139283,4,1653032648,1184370
4292505348824843700,2,1652954474,1184370
5849624375821454643,4,1652439453,1184370
5849624375817914544,2,1652355478,1184370
4348798430274276835,2,1651146382,1184370
4348797798090530287,2,1650906599,1184370
4348797798075339753,2,1650546238,1184370
4347669995474587363,2,1649072130,1184370
4347669995463724234,9,1648814395,1184370
4259848535831211693,4,1647610296,1184370
4259848535824283061,2,1647445930,1184370
4259848535823241650,2,1647421237,1184370
4247462367437446093,4,1646478863,1184370
4247462367430700875,2,1646318846,1184370
4247462367430700182,2,1646318830,1184370
4235074931842881267,7,1643794282,1184370
4237326104323450786,7,1643383031,1184370
4237326104319922634,6,1643299364,1184370
4237326104319387640,2,1643286673,1184370
4224939931841594054,2,1642404314,1184370
4224938027295883833,2,1640181761,1184370
4224937392747056894,2,1639553762,1184370
4224936215406198971,4,1638984821,1184370
4224936215398895014,4,1638811521,1184370
4224936215397729705,2,1638783885,1184370
4224935490654023634,4,1638280272,1184370
4224935490632670609,2,1637773660,1184370
4227186657136449499,2,1637135074,1184370
4971405952703778943,4,1636704787,1184370
4186653398787387218,2,1636443667,1184370
4186652357023209229,4,1635406875,1184370
4186652357020284258,9,1635337453,1184370
4698935641773141695,2,1634642657,1184370
4698935641758900282,2,1634304685,1184370
4069556867208890229,4,1633721586,1184370
4069556867204349721,2,1633613855,1184370
3938951840880691489,4,1633020318,1184370
3938951840877358230,4,1632941214,1184370
3938951840876693775,2,1632925451,1184370
3936699406873756889,2,1632494781,1184370
3936699406866685075,2,1632326968,1184370
5418383147739610497,2,1631895963,1184370
3936698772941869716,4,1631727014,1184370
4020014731813300590,2,1631630898,1184370
4020014731799448467,4,1631302113,1184370
4020014731797982157,2,1631267331,1184370
4020014099102811058,2,1630934379,1184370
4020014099096363239,7,1630781315,1184370
4516534149055193307,5,1628769591,1184370
4038025597329008818,2,1627977454,1184370
4038025325468627245,7,1627462671,1184370
4038024692282996196,6,1626886844,1184370
4038024692282549695,2,1626876242,1184370
4204657340164966129,2,1626343609,1184370
4032392655107221204,5,1625572440,1184370
4069544815357396725,0,1622147684,1184370
4069544181427383063,2,1621499007,1184370
4105572344343587284,2,1620831651,1184370
4072920612498230573,2,1620223990,1184370
4074045244012011916,9,1619291052,1184370
4703417046214258767,2,1613399414,1184370
1794102528077265,9,1741882060,1517290
1793384379399914,0,1741338414,1517290
1791580425999854,0,1739545362,1517290
1790214123205267,0,1738573387,1517290
1789039014370208,0,1737126057,1517290
1784506359049305,0,1732892596,1517290
6148070194801631518,0,1731078079,1517290
6212245217911858308,0,1729868424,1517290
6350729003498124180,7,1728054110,1517290
6242640076600605021,0,1725633843,1517290
5963414363405029135,0,1723467755,1517290
5969041959978854412,0,1721641741,1517290
5842939267338984754,9,1720191643,1517290
5746109972552786941,0,1717772469,1517290
5747233970437015710,7,1716303678,1517290
5768625435399533711,0,1715353203,1517290
6474562312185068405,0,1712934152,1517290
5749481331437241141,0,1711638228,1517290
7309977427438923117,0,1710518386,1517290
5728086065185912737,0,1708702311,1517290
5519792046252274311,9,1706282433,1517290
6300039510123651554,0,1705071880,1517290
5395938616795170333,0,1701972037,1517290
5395937983665135723,0,1701446426,1517290
6560117310268395122,0,1700240860,1517290
5288974951206864956,0,1698938850,1517290
5229301621580015069,0,1698418893,1517290
5218041989048269129,0,1697846669,1517290
5220292521184592923,0,1696604858,1517290
5220292521184585679,0,1696604685,1517290
5159491482912646460,0,1694180569,1517290
5141475722331018183,0,1692975488,1517290
5839532486229307208,9,1692111802,1517290
5839532486225654832,9,1692025224,1517290
5839532486214725617,0,1691766087,1517290
5124584686264585944,3,1690902427,1517290
5124584686263974672,0,1690887945,1517290
5124584686250569817,0,1690569956,1517290
5124584686249991137,0,1690556387,1517290
5124582150134710220,0,1688137562,1517290
5896948309854413437,0,1687190294,1517290
5151601211229867586,0,1685714998,1517290
5151601211229867192,0,1685714989,1517290
5151600576606724138,0,1685463066,1517290
5151600576606554633,9,1685459057,1517290
5138087875083528494,0,1683302108,1517290
5133583099799672233,0,1682096508,1517290
5121196841306395626,0,1681212573,1517290
5143713753732488006,0,1679668274,1517290
5070528810296386966,0,1678468511,1517290
5059268543360359249,9,1677240340,1517290
5059268543357318467,9,1677168248,1517290
5036749277234662887,0,1676068937,1517290
5036749277232963335,0,1676030538,1517290
5035622109525431474,0,1675120869,1517290
5035622109524645635,9,1675102094,1517290
5035622109512919743,0,1674824346,1517290
5035622109512919492,0,1674824340,1517290
5035621474412351560,0,1674165506,1517290
5035620840546037811,0,1673884614,1517290
4980448574106155464,0,1670446503,1517290
4979322040035366389,9,1670342552,1517290
4789043687488971000,9,1669046814,1517290
6368680725421466392,9,1668096174,1517290
4714731755412586807,9,1666280733,1517290
4714731755408856673,0,1666192309,1517290
4714731755408037193,3,1666136882,1517290
4613399405955029382,0,1665414062,1517290
4589754330747640545,0,1664221541,1517290
4589754330746893534,0,1664204687,1517290
4606641560263441280,7,1662999160,1517290
4514316500017681057,9,1661788993,1517290
4584122114606633627,9,1661180889,1517290
4587497456699617730,5,1659463444,1517290
4587497456695549195,0,1659366189,1517290
4474904295774003618,9,1657038386,1517290
4469272893507959494,9,1654540326,1517290
4469272893507502515,0,1654529714,1517290
4292505348843858469,0,1653405540,1517290
4292505348828956161,7,1653052009,1517290
4292505348825465187,9,1652968769,1517290
4292505348821962802,0,1652886139,1517290
4288001105334159877,9,1652317364,1517290
4348797798069594354,0,1650319751,1517290
4348797798069593621,3,1650309816,1517290
5493837466494106473,0,1650293781,1517290
5493837466494106269,0,1650293776,1517290
4247462367445456999,9,1646668945,1517290
4235074931847764893,5,1643908993,1517290
4235074931847514736,7,1643904168,1517290
4235074931846618968,4,1643882951,1517290
4237325463668068163,0,1642608314,1517290
4224936215406692033,0,1638995132,1517290
4224936215406134142,0,1638983066,1517290
4224936215405958954,0,1638979122,1517290
4224936215384000967,7,1638457358,1517290
4224936215381670773,3,1638402009,1517290
4224935490658204583,9,1638379019,1517290
4224935490658024602,9,1638375198,1517290
4224935490658024214,0,1638375189,1517290
4224935490639354009,7,1637930969,1517290
4224935490635967242,0,1637851500,1517290
4224935490635839964,0,1637848829,1517290
4224935490630158128,0,1637712967,1517290
4227187225811833369,0,1637704955,1517290
4227187225811833018,0,1637704946,1517290
4227186657146236396,0,1637366043,1517290
4227186657141329771,3,1637250663,1517290
4227186657141174254,0,1637246640,1517290
4227186657140841353,0,1637238254,1517290
4227186657140389838,0,1637228569,1517290
4971406207534976357,7,1637020853,1517290
5159491482909720101,9,1694111043,1665460
5129083846338642532,9,1686221791,1665460
5143713753731315556,9,1679640497,1665460
5059267908814048047,9,1676547651,1665460
5000716037442017417,0,1671705920,1665460
4714731755411620402,7,1666257837,1665460
4613399405939962574,9,1665056782,1665460
4514316500012065207,9,1661655772,1665460
4474904295757930517,7,1656657138,1665460
4348797798069594847,9,1650048884,1665460
4186652991113430866,7,1636122900,1665460
4186652991113084004,3,1636116700,1665460
4069556867211999415,5,1633794948,1665460
4069556867208118071,7,1633703220,1665460
3938951840884608619,9,1633113078,1665460
5395937983680523378,7,1701810565,489830
6258337460562866172,6,1663703087,489830
6258337460562640347,7,1663698048,489830
6258337460543332485,7,1663240145,489830
4224939386876509763,7,1641481450,489830
4224936849665461638,7,1639409769,489830
4227186657156567382,2,1637610873,489830
4227186657155872732,7,1637595953,489830
4227186657142715838,7,1637283053,489830
4971405952699782913,6,1636609972,489830
4101082696716649638,7,1634097917,489830
2407631646375215155,9,1541159324,489830
2444779293777808331,6,1534806524,489830
2140760316608552508,5,1510074345,489830
4249665521684580466,5,1510074345,489830
75834708006877434,5,1485886819,489830
4249665521684580803,5,1485886819,489830
127619582134189706,5,1479756305,489830
4249665521684580902,5,1479756305,489830
136626237878499466,5,1478888518,489830
4249665521684581008,5,1478888518,489830
136626147594576447,5,1478715703,489830
4249665521684581107,5,1478715703,489830
182787402055808230,7,1478549223,489830
4249665521684581210,7,1478549223,489830
182787402044532103,9,1478278851,72850
182787402043925947,2,1478264762,489830
4249665521684581334,5,1478196846,489830
1792751526161501,7,1741065992,1449850
1790214123233705,2,1738646838,1449850
1783238125331325,7,1731907117,1449850
6146943657173889006,2,1730351294,1449850
5963413728352209332,9,1722922572,1449850
5746109972544069961,4,1717565914,1449850
5766372999960618271,2,1715058813,1449850
6300039510136642489,2,1705379850,1449850
5395938616789567121,9,1701839256,1449850
5302486388011617632,4,1699856401,1449850
5288974951219303379,2,1699233710,1449850
5124584686240620024,4,1690334278,1449850
5124583599316200551,2,1689300124,1449850
6557848386943640063,4,1683867901,1449850
5138087875092241999,2,1683508736,1449850
5133583642653097148,7,1682648220,1449850
5059268543369502939,4,1677457158,1449850
5036749277231358285,2,1675992504,1449850
4789043687472877137,4,1668662818,1449850
4732747437222036801,2,1667957529,1449850
4598757090452054262,2,1659663671,1449850
4480533160880648916,7,1655257621,1449850
4348799082192220487,2,1651802880,1449850
4246335832507604515,2,1645696051,1449850
1788311419003159,9,1736395218,1928420
1784506359205975,6,1733308528,1928420
1784506358974372,2,1732704643,1928420
1783872411944732,7,1732100537,1928420
1783238125174874,9,1731491119,1928420
6931694080290982564,6,1728554917,1928420
6339469370180490822,7,1727320570,1928420
6341720536501434101,4,1726722472,1928420
6250522009509012777,9,1726048850,1928420
5963414363386623813,4,1723031386,1928420
5963413094344285892,7,1721819039,1928420
5969041959960890806,2,1721215927,1928420
5842939267356511491,6,1720607112,1928420
5759622039974728784,4,1718854430,1928420
6890025005348046561,7,1718263781,1928420
5746109972548515121,3,1717671257,1928420
5746109972547400306,0,1717644837,1928420
5742731639325892013,9,1716975725,1928420
5768625435395289013,4,1715252616,1928420
5759616966678846840,2,1714389432,1928420
5759616966663513926,2,1714025986,1928420
5762994032386779794,6,1713349156,1928420
5749481331435953538,4,1711607730,1928420
5686430301716369189,4,1710988917,1928420
7309977427433193026,2,1710382623,1928420
5679673637648174865,0,1709722697,1928420
5728086065180256797,2,1708568283,1928420
5582843074954011056,0,1707106690,1928420
5582843074939275437,7,1706757441,1928420
5519792046244267908,9,1706092714,1928420
5410576585179371599,7,1704335673,1928420
5410576585150911647,9,1703660950,1928420
7585814657458820371,3,1702519611,1928420
5395938616793427466,7,1701930746,1928420
5395937983656031520,0,1701230685,1928420
6560117310263113819,5,1700115554,1928420
5302486387997264362,7,1699516150,1928420
5288974951206406950,7,1698928001,1928420
5229301621589507184,4,1698643967,1928420
5229301621579952539,7,1698417420,1928420
5229301621575879729,4,1698320915,1928420
5229301621571057204,0,1698206603,1928420
5220291886482632157,4,1695801791,1928420
5219165352619695543,9,1695206040,1928420
5141476355656862487,3,1693469930,1928420
5127964289190126182,3,1692686112,1928420
5124585319866694460,7,1691483229,1928420
5124585319849018941,7,1691064211,1928420
5124585319848556167,0,1691053248,1928420
5124584686246155299,7,1690465489,1928420
5124584686244933764,6,1690436531,1928420
5124582150155695510,7,1688635086,1928420
5896948309838957528,3,1686823584,1928420
5151601211225572445,7,1685613239,1928420
5151600576587128737,9,1684998463,1928420
6557848386958998688,7,1684232067,1928420
6557848386940872366,7,1683802286,1928420
5138087875082871935,4,1683286557,1928420
5133583642654222619,7,1682674902,1928420
5133583642651047271,4,1682599642,1928420
5759616966668469736,6,1714143426,1549970
5395938616813127813,4,1702397664,1549970
5218041989061602729,9,1698163253,1549970
5133583642648044448,0,1682528457,1549970
5133583642647935874,0,1682525885,1549970
5035622743898614116,7,1675785813,1549970
5035621474429639707,9,1674576297,1549970
4867853509331484877,2,1665590443,1549970
4606641560266891047,2,1663080974,1549970
4514316500021023056,6,1661868267,1549970
4598757090446839858,4,1659539013,1549970
4587497456684861720,7,1659110716,1549970
4598755821883666257,9,1658848031,1549970
6214419350722837565,7,1655823841,1549970
4288001105332618359,2,1652281351,1549970
4348797798093830218,2,1650984877,1549970
5493837466497770849,9,1650381388,1549970
4258723269508335346,2,1648133837,1549970
4247463006801342065,2,1646838034,1549970
4237325463676718738,7,1642813531,1549970
4237325463671546602,0,1642690845,1549970
5320438099037539585,7,1639699434,1549970
4224936849669054911,0,1639495019,1549970
4186652357024324024,7,1635433312,1549970
4103335143102113650,0,1634738316,1549970
3938951840883948675,4,1633097606,1549970
3938951840880455387,0,1633014713,1549970
3936699406870007252,2,1632405810,1549970
3936698772942858894,7,1631750493,1549970
3936698772941341684,0,1631714493,1549970
4020014731798629560,2,1631282687,1549970
4020014731792311476,0,1631132340,1549970
4018887653999847496,7,1630450802,1549970
4018887653992261239,7,1630270750,1549970
4022264629331740896,2,1629863621,1549970
1792751526052636,6,1740772808,230410
1785774543559551,6,1734098076,230410
1783238125184338,6,1731513916,230410
6212245217911883528,9,1729901570,230410
6339469370188678599,6,1727477927,230410
5875595438699270419,9,1724590939,230410
5963414363387217058,9,1723044818,230410
5963413094349028406,6,1721929140,230410
5969041959974270337,6,1721517522,230410
5842939267306424045,6,1719419752,230410
6890025005367501815,6,1718723180,230410
5742731639338369660,6,1717271027,230410
6300039510120129324,6,1704988168,230410
5141475722335905207,6,1693090800,230410
5141475722335756728,6,1693087635,230410
5124585319850452460,7,1691098171,230410
5124585319845882512,7,1690989863,230410
5133583642650797413,9,1682593365,230410
6539831519489205566,9,1681478347,230410
5059267908811119450,9,1676477983,230410
4979322040020679654,9,1669993680,230410
4259848535827975905,9,1647533537,230410
4235075565596442881,9,1644435829,230410
5320438099050292816,6,1640001108,230410
4224936849668929966,9,1639491325,230410
4224936215405398336,9,1638965787,230410
4224936215402027301,9,1638885606,230410
4186652991109615285,9,1636034425,230410
4069544181432178516,0,1621612853,230410
4117954073018242978,6,1618349253,230410
4117954073018062854,0,1618344840,230410
4048146376715147541,0,1616191620,230410
4048146376715029839,0,1616189882,230410
4057152305728678175,0,1615244754,230410
4060529371709479425,9,1614433758,230410
4050393736353328121,0,1612198182,230410
3856732611031438782,6,1605782989,230410
4644854581181154312,6,1598395226,230410
3664193578968235881,6,1596321211,230410
3309530667976735398,0,1591899318,230410
2578812118960065060,9,1582982619,230410
2468465044720637535,0,1574443200,230410
2468465044719870147,6,1574425313,230410
2451574645862972115,9,1572646140,230410
2413284533096769931,3,1563561588,230410
2436926440601302817,6,1562461092,230410
2436926440600972163,0,1562455300,230410
2905297189252239062,9,1558125020,230410
2905297189251779424,9,1558113592,230410
2432417221733247345,9,1556139040,230410
2434668385563301444,9,1555976354,230410
2417769111280494427,6,1545238138,230410
3244179105178732676,9,1545152753,230410
2423394806002147579,9,1541810283,230410
2423394805997825349,9,1541706837,230410
2407631646389654127,6,1541504505,230410
2407631646373072766,6,1541107718,230410
2403127338425582540,9,1540390545,230410
3594328263089803690,9,1539359629,230410
2444779293788091741,6,1535053205,230410
2431262152950670843,6,1528756460,230410
2758894130306548780,6,1524005393,230410
2758894130305955152,6,1523991200,230410
2363697377446988065,6,1518031620,230410
2363696743818674705,6,1517954675,230410
3819571572130296706,6,1517954675,230410
2140759684339249340,9,1508944965,230410
2139632606736528748,9,1508263238,230410
2564086801860512483,6,1498727655,230410
2564086801857531703,6,1498656547,230410
3819571572130305454,6,1490387430,230410
136626237889049643,9,1479140588,230410
136626237885245472,9,1479049239,230410
212060165288454669,6,1477498187,230410
3819571572130310286,6,1472668518,230410
243580289110830613,6,1472668518,230410
3819571572130311668,6,1466102162,230410
250328813697142122,6,1466102162,230410
249202181076622539,6,1465848438,230410
3819571572130311773,2,1465423549,230410
249202181058817884,2,1465423549,230410
3819571572130311878,9,1464384503,230410
255956312803762779,9,1464384503,230410
3819571572130312123,6,1463511136,230410
255955126829993669,6,1463511136,230410
3819571572130312346,2,1463001084,230410
255955041673978575,2,1463001084,230410
3819571572130312451,6,1461966534,230410
255953775619011628,6,1461966534,230410
3819571572130312640,6,1461194890,230410
255953140169784903,6,1461194890,230410
3819571572130312739,9,1460747796,230410
260456194794429937,9,1460747796,230410
3819571572130313019,6,1459979427,230410
260454846502526059,6,1459979427,230410
260454846477507586,6,1459381231,230410
3819571572130313255,6,1459381231,230410
3819571572130313326,6,1458767201,230410
272838467468240688,6,1458161737,230410
272838467468237361,6,1458161651,230410
3819571572130313570,6,1458161651,230410
3819571572130313734,6,1457123187,230410
295355202039462683,6,1457029576,230410
295353300254602230,6,1455657840,230410
3819571572130313978,6,1455657840,230410
295353300236881882,0,1455234135,230410
3819571572130314061,0,1455234135,230410
341513287016816288,6,1453756056,230410
3819571572130314383,6,1453756056,230410
341513287002966960,6,1453424904,230410
3819571572130314533,6,1453424904,230410
341512658306255499,6,1452727394,230410
3819571572130314613,6,1452727394,230410
377538916260203464,6,1450303610,230410
3819571572130314922,6,1450303610,230410
377537649191454260,6,1449598587,230410
3819571572130315059,6,1449598587,230410
3819571572130315129,9,1449186380,230410
377537016023782350,9,1449000951,230410
377537016001694881,6,1448472977,230410
3819571572130315333,6,1448472977,230410
377536475382152705,9,1448033280,230410
378661646685174407,6,1447369768,230410
3819571572130315465,6,1447369768,230410
378661012862328459,0,1447177249,230410
3819571572130315528,0,1447177249,230410
378661012841527496,6,1446679887,230410
3819571572130315596,6,1446679887,230410
378660375673498451,6,1446152845,230410
3819571572130315739,6,1446152845,230410
378660375669002723,6,1446045357,230410
3819571572130315805,6,1446045357,230410
371904342324942070,6,1445465516,230410
3819571572130315938,6,1445465516,230410
3819571572130316105,6,1443754710,230410
405678801263325677,6,1443046189,230410
3819571572130316175,6,1443046189,230410
405677533505745685,6,1441841086,230410
3819571572130316312,6,1441841086,230410
409054598161150748,0,1441227995,230410
3819571572130316450,0,1441227995,230410
409053962648470367,6,1440618888,230410
3819571572130316524,6,1440618888,230410
3819571572130316664,0,1438356306,230410
423688185534388676,9,1438229109,230410
424811334071529037,6,1435586432,230410
424810855067819663,6,1435269969,230410
3819571572130317036,6,1435269969,230410
499119164381115859,2,1434578188,230410
3819571572130317111,2,1434578188,230410
499118981893100525,6,1433974608,230410
3819571572130317240,6,1433974608,230410
519384546585199093,6,1433453657,230410
3819571572130317307,6,1433453657,230410
518256108467369215,6,1431468569,230410
3819571572130317446,6,1431468569,230410
517128939706718393,6,1429825057,230410
3819571572130317582,6,1429825057,230410
517127039068133985,9,1428832819,230410
517125768648221452,9,1426950000,230410
515997975627969590,6,1424903210,230410
3819571572130317778,6,1424903210,230410
517122602980321575,0,1423850454,230410
511492468641413381,6,1423172771,230410
3819571572130318059,6,1423172771,230410
510365936298103079,6,1422634420,230410
3819571572130318124,6,1422634420,230410
519372501698321256,0,1421885047,230410
3819571572130318181,0,1421885047,230410
521623755671245863,2,1421281400,230410
3819571572130318243,2,1421281400,230410
521623031793619991,9,1420754026,230410
3819571572130318316,9,1420754026,230410
524998195188735488,0,1418335576,230410
3819571572130318446,0,1418335576,230410
522745035951691958,6,1417111196,230410
3819571572130318515,6,1417111196,230410
521612880967052525,8,1411012427,230410
3819571572130318962,8,1411012427,230410
544128976534031413,6,1409260037,230410
3819571572130319087,6,1409260037,230410
564391378675682351,9,1405706460,230410
564391378652539876,6,1405677675,230410
3819571572130319234,6,1405677675,230410
920166227220092843,8,1397108195,230410
3819571572130319689,8,1397108195,230410
919039334630450179,6,1395868836,230410
3819571572130319885,6,1395868836,230410
919037794444776685,9,1394076847,230410
3819571572130320096,9,1394076847,230410
920161157375387731,6,1391622554,230410
3819571572130320219,6,1391622554,230410
1010228711587298936,8,1387434816,230410
3819571572130320349,8,1387434816,230410
1027114673544140401,8,1384993823,230410
3819571572130320414,8,1384993823,230410
1028239939154810119,8,1384369979,230410
3819571572130320482,8,1384369979,230410
1045127259064071738,1,1383774307,230410
3819571572130320544,1,1383774307,230410
1171227321008844026,8,1382587389,230410
3819571572130320606,8,1382587389,230410
1407665032969805288,8,1381963556,230410
3819571572130320670,8,1381963556,230410
1459453913517307666,9,1379350805,230410
1459453913322997026,4,1379024245,230410
3819571572130320932,4,1379024245,230410
1459453260300929227,8,1378492354,230410
3819571572130320998,8,1378492354,230410
1478591738299614974,8,1376085494,230410
3819571572130321125,8,1376085494,230410
1478591738299545454,8,1374268346,230410
3819571572130321405,8,1374268346,230410
1478591738299527744,6,1373680532,230410
3819571572130321529,6,1373680532,230410
1478591738299509770,8,1372986700,230410
3819571572130321717,8,1372986700,230410
1460569840264748433,9,1369435860,230410
1478591738299403211,9,1369420329,230410
3819571572130322023,9,1369420329,230410
1478591738299385522,8,1368824165,230410
3819571572130322082,8,1368824165,230410
1478591738299350405,6,1367017162,230410
3819571572130322405,6,1367017162,230410
1478591738299350087,8,1366811364,230410
3819571572130322536,8,1366811364,230410
1478591738299333000,4,1366058220,230410
3819571572130322944,4,1366058220,230410
1478591738299332969,8,1365802835,230410
3819571572130323019,8,1365802835,230410
1794102528097770,2,1741932689,985810
1793384379521472,2,1741664580,985810
1793384379495309,2,1741595742,985810
1793384379399923,2,1741338633,985810
1793384379362344,2,1741240536,985810
1793384379336523,2,1741171103,985810
1791580425987007,2,1739512738,985810
1791580425952416,2,1739422765,985810
1791482680854246,2,1739357129,985810
1790214123200929,4,1738561514,985810
1789580505331481,2,1737704274,985810
1789580505297350,2,1737616145,985810
1789580505266739,2,1737535059,985810
1789039014329182,2,1737019988,985810
1788945554748907,2,1736927421,985810
1788311419166408,2,1736833198,985810
1788311419041804,2,1736498341,985810
1788311419009387,2,1736412597,985810
1788311418978866,2,1736331990,985810
1786573930975826,7,1735573901,985810
1786573930965053,4,1735545268,985810
1786409468867254,2,1734592064,985810
1786409468835857,7,1734510191,985810
1785774543517575,4,1733990086,985810
1784506359007824,4,1732787470,985810
1784506358980806,7,1732720443,985810
1784506358978340,7,1732714059,985810
1784506358975865,4,1732707863,985810
1783872411971513,7,1732170725,985810
1783872411937670,3,1732082429,985810
1783238125169544,7,1731477306,985810
1783238125168249,0,1731473528,985810
6148070194801752150,9,1731405022,985810
6148070194801719275,3,1731318872,985810
6148070194801622681,7,1731056581,985810
6148070194801582576,2,1730950898,985810
6148070194801555275,7,1730880210,985810
6146943657173860869,4,1730279711,985810
6212245217911975357,3,1730181713,985810
6212245217911848115,7,1729842249,985810
6212245217911779486,4,1729664119,985810
6212244583189376749,7,1729490751,985810
6212244583178015395,7,1729221450,985810
6212244583174124261,2,1729129240,985810
6212244583171844532,2,1729075237,985810
6350729003497628617,4,1728042376,985810
6339469370184148294,2,1727407245,985810
6339469370180919043,7,1727330726,985810
6339469370177631954,2,1727252824,985810
6250522009515558358,7,1726203970,985810
6250522009511613998,4,1726110493,985810
6250522009508537124,9,1726037576,985810
6242640076596126167,7,1725527706,985810
6242640076595314748,4,1725508476,985810
6242640076592738471,7,1725447432,985810
6240387642449794644,7,1724829523,985810
5875595438687116395,4,1724306902,985810
6909171012612960115,4,1724137520,985810
6909171012598334001,4,1723790837,985810
5875594803673609382,2,1723624967,985810
5963413094362013230,4,1722239223,985810
5963413094350926614,7,1721976414,985810
5963413094347330008,4,1721891179,985810
5842939267355375201,4,1720580176,985810
5842939267337615678,6,1720159206,985810
5842939267331185470,2,1720006805,985810
5842939267331142779,7,1720005797,985810
5842939267330033283,7,1719979505,985810
5759622039992799651,4,1719282731,985810
5759622039989127391,4,1719195704,985810
6890025005365537977,4,1718678302,985810
6890025005348214481,4,1718267762,985810
6890025005347606952,4,1718253363,985810
5747236506606530289,2,1718193660,985810
5747236506606265215,4,1718187389,985810
5747236506606113754,4,1718183800,985810
5746109972544200434,3,1717569013,985810
5741605105624465438,4,1716877886,985810
5741605105610261778,4,1716541190,985810
5741605105603417104,4,1716378973,985810
5741605105603077350,4,1716370929,985810
5741605105602895634,3,1716366628,985810
5747233970421065806,3,1715925605,985810
5768625435413244631,4,1715678217,985810
5768625435398070007,4,1715318530,985810
5768625435395090246,4,1715247908,985810
5768625435394861691,2,1715242496,985810
5768625435391473148,2,1715162179,985810
5766372999946157350,6,1714716005,985810
5759616966682009088,7,1714464370,985810
5759616966681204079,7,1714445290,985810
5759616966675431248,4,1714308458,985810
5759616966675108776,3,1714300819,985810
5759616966667109486,6,1714111205,985810
5759616966660732995,4,1713960078,985810
5759616966660352884,4,1713951066,985810
5756237364322088538,4,1712567306,985810
5756237364321883152,4,1712562437,985810
5756237364307032557,4,1712210431,985810
5756237364304196267,4,1712143218,985810
5756237364303982411,4,1712138148,985810
5749481331449790066,4,1711935703,985810
5749481331439373034,4,1711688753,985810
5686430301735475290,2,1711441763,985810
5686430301713342460,2,1710917184,985810
5679673637665701740,4,1710138123,985810
5728086065198967534,4,1709011744,985810
5728086065198473156,7,1709000028,985810
5728086065181269667,4,1708592292,985810
5728086065180434951,4,1708572503,985810
5728086065178673186,4,1708530754,985810
5728086065177791148,4,1708509860,985810
5589599109272496547,4,1707570425,985810
5589599109264479637,4,1707380450,985810
5582843074950788485,4,1707030286,985810
5582843074943913447,4,1706867332,985810
5582843074943696837,7,1706862198,985810
5582843074942963823,7,1706844817,985810
5582843074940506629,2,1706786616,985810
5582843074939879490,2,1706771757,985810
5582843074936564771,4,1706693219,985810
5510784213093317918,2,1705474921,985810
5510784213092743850,3,1705461307,985810
6300039510136443864,4,1705375141,985810
6300039510122334396,4,1705040662,985810
6300039510122053331,7,1705034002,985810
6300039510118477844,4,1704949263,985810
5510783579246388024,7,1704881929,985810
5410576585183589073,4,1704435638,985810
5410576585183347171,3,1704429905,985810
5410576585181698283,3,1704390809,985810
5410576585179733667,4,1704344250,985810
5410576585158100709,7,1703831395,985810
5410576585158025076,6,1703829606,985810
5410576585151193137,4,1703667629,985810
5410576585147545314,4,1703581134,985810
5410576585128952325,7,1703140438,985810
5410576585128344377,4,1703126024,985810
5410576585125735235,7,1703064200,985810
5410576585125597998,3,1703060950,985810
5395938616812028466,3,1702371625,985810
5395937983657237305,4,1701259264,985810
5395937983656987109,7,1701253337,985810
5382426458979873369,8,1700809206,985810
5382426458969428277,3,1700560819,985810
6560117310266704865,6,1700200812,985810
5322753221336556166,4,1700011634,985810
5302486388011167087,7,1699845718,985810
5302486387996662988,7,1699501884,985810
5229301621578816221,2,1698390500,985810
5218041989059929224,4,1698123605,985810
5218041989056944307,2,1698052852,985810
5218041989038627529,4,1697618638,985810
5220291886490801476,4,1695995411,985810
5220291886485777950,4,1695876344,985810
5220291886482897931,4,1695808090,985810
5219165352619154369,2,1695193208,985810
5480373588799881729,7,1695107062,985810
5141476355656967178,4,1693472413,985810
5141476355656134182,4,1693452660,985810
5127964289189521304,4,1692671772,985810
5127964289172111181,4,1692259045,985810
5127964289171738446,4,1692250206,985810
5839532486209552993,2,1691643484,985810
5124585319851752567,6,1691128992,985810
5124584686263676786,7,1690880877,985810
5124584051965207010,6,1689750004,985810
5124584051964896928,4,1689742650,985810
6079346804885554920,2,1689584496,985810
5124583599316304768,2,1689302596,985810
5124582150176644036,7,1689131774,985810
5124582150169897821,4,1688971865,985810
5124582150158846029,4,1688709763,985810
5124582150158726752,4,1688706931,985810
5124582150156073509,4,1688644040,985810
5124582150154895460,4,1688616112,985810
5124582150151959228,4,1688546514,985810
5124582150133218179,4,1688102210,985810
5124582150129716402,7,1688019252,985810
5124581515272175882,3,1687853128,985810
5124581515268477057,4,1687765465,985810
5124581515253819261,4,1687417812,985810
5896948309856015561,4,1687228256,985810
5896948309838564273,4,1686814224,985810
5129083846341537964,6,1686290410,985810
5151601211228626826,6,1685685617,985810
5151600576590550962,4,1685079585,985810
5151600576584285473,4,1684931067,985810
5138087875097179951,4,1683625829,985810
5138087875092992784,4,1683526550,985810
5138087875077761215,4,1683165393,985810
6539831519487997709,4,1681450149,985810
6839319551984472973,6,1680242441,985810
5143713753746031987,7,1679989421,985810
5143713753745741163,7,1679982520,985810
5125698536877964323,4,1679542894,985810
5125698536875218220,4,1679477801,985810
5125698536867287227,4,1679289783,985810
5125698536856479680,6,1679033515,985810
5125698536849159621,9,1678860022,985810
5059268543375532507,4,1677600098,985810
5059268543374814766,4,1677583097,985810
5059268543370728878,4,1677486235,985810
5059268543359601485,9,1677222379,985810
5059268543356551493,4,1677150074,985810
5036749277242739864,4,1676262267,985810
5036749277231953463,7,1676006607,985810
5036749277231848714,4,1676004124,985810
5036749277229004956,4,1675936785,985810
5036749277228053359,7,1675914224,985810
5036749277225405557,7,1675851531,985810
5035621474411188185,4,1674138922,985810
5035621474407393072,4,1674048984,985810
5000716037466776713,4,1672292986,985810
5000716037437650483,8,1671602424,985810
5623338145753481685,4,1671174713,985810
4991708208074152128,4,1671012976,985810
4991708208073507581,6,1670997696,985810
4980448574125767413,2,1670911862,985810
4980448574107648311,4,1670482307,985810
4979322040015940543,4,1669882031,985810
4836332027672858445,4,1669709299,985810
4836332027654294228,7,1669269177,985810
4836332027650536922,4,1669179792,985810
4836332027647646506,4,1669110784,985810
4789043687487610677,4,1669014586,985810
4789043687480594265,4,1668847160,985810
6368680725434012375,4,1668393673,985810
4732747437222715738,6,1667973634,985810
4732747437201249017,4,1667464678,985810
4732747437200422064,4,1667445062,985810
4706851091175821129,4,1666940471,985810
4706851091175594391,6,1666935089,985810
4706851091175482642,4,1666932436,985810
4706851091175091538,4,1666923153,985810
4706851091172565266,4,1666863311,985810
4706851091172182934,4,1666854255,985810
4706851091170942670,4,1666824841,985810
4706851091169376281,4,1666787726,985810
6402455182506504990,6,1665712678,985810
4613399405938945214,4,1665032665,985810
6258337460560642827,4,1663650686,985810
6258337460557124067,4,1663567236,985810
4705721386244365586,4,1663156495,985810
4705721386244235409,4,1663153403,985810
4606641560242944821,6,1662513002,985810
4514316500001438329,4,1661403717,985810
4514316499998466998,4,1661333242,985810
4584121659775293692,6,1660698199,985810
4607764924152435905,2,1660279987,985810
4607764924144534050,6,1660092573,985810
4598757090466598493,2,1660011398,985810
4598757090449520033,2,1659603090,985810
4598757090446782825,2,1659537649,985810
4598757090446741350,2,1659536658,985810
4587497456683069569,2,1659067876,985810
4587497456681552058,4,1659031595,985810
4587497456675775181,2,1658893491,985810
4587497456675609789,6,1658889532,985810
4598755821867937687,6,1658474973,985810
4598755821860594158,4,1658300827,985810
4937651144701784750,6,1658196180,985810
4937651144684547567,2,1657787303,985810
4474904295775305585,6,1657069265,985810
4474904295754051993,6,1656565148,985810
4480533160880626631,6,1655257098,985810
4480532686350510100,4,1654849693,985810
4480532526716796894,4,1654757834,985810
4480532526712332732,4,1654651953,985810
4469272893492242946,2,1654167695,985810
4437747060840416117,8,1653900936,985810
4437747060821034513,6,1653441161,985810
4292505348823808964,4,1652929932,985810
5849624375834840802,4,1652757007,985810
5849624375820531196,4,1652417548,985810
5849624375816952400,4,1652332657,985810
4348799067304935763,6,1651624023,985810
4348798430269007343,6,1651021397,985810
4348797798092358915,4,1650949984,985810
4348797798071681921,4,1650459473,985810
4353300763397990640,6,1649813970,985810
4347669995455982060,4,1648630759,985810
4259848535841490489,4,1647854204,985810
4259848535822041909,6,1647392765,985810
5631194088571076194,4,1647224207,985810
5631194088557636527,3,1646905331,985810
4247462367424826556,6,1646179494,985810
4246335832518345573,3,1645950843,985810
4246335832515710803,4,1645888323,985810
4246335832515294966,4,1645878454,985810
4246335198888305017,4,1645005923,985810
4235074931849251787,4,1643945404,985810
4235074931845338996,4,1643852579,985810
4235074931842135863,6,1643776589,985810
4237326104322734488,4,1643366040,985810
4237325463666338217,6,1642567267,985810
4224939245932376542,6,1641352013,985810
4224936215400804477,6,1638856828,985810
4224936215397037467,4,1638767453,985810
4224935490630347834,6,1637718560,985810
4227186657157797644,4,1637641622,985810
4971405952703713401,2,1636703231,985810
4186653626162123714,4,1636547214,985810
4186652357037347959,4,1635742333,985810
4186652357018657819,6,1635298861,985810
4103335143104225596,4,1634788428,985810
4103335143101301578,4,1634719053,985810
4101082696716860154,6,1634104328,985810
4069556867203324904,4,1633589550,985810
3938951840875969890,4,1632908282,985810
3936698772940191064,4,1631687187,985810
4020014731811745234,4,1631593986,985810
4020014731808110515,3,1631507736,985810
4018887653978661946,4,1629947993,985810
4022264629318610460,4,1629551965,985810
4022264629313935836,2,1629441016,985810
4022264629307508159,4,1629288459,985810
4040278393510327258,3,1628659325,985810
4032396530957633435,4,1628571532,985810
4032396530943077147,4,1628225992,985810
4032396530939138032,4,1628132494,985810
4038025597328702460,3,1627970181,985810
4038025325475788764,4,1627632651,985810
4038025325474785631,4,1627608837,985810
3127131079142915550,6,1588675891,1172380
3127131079140840291,9,1588626270,1172380
3183419193832819012,6,1581730171,1172380
1794102528064001,9,1741847553,2426960
1794014851379938,8,1741759198,2426960
1792751525963046,8,1740545029,2426960
1791482680849498,6,1739345034,2426960
1789580505328679,9,1737697770,2426960
1788311419016125,8,1736430059,2426960
1786573930962033,2,1735536935,2426960
1785774543484053,6,1733902587,2426960
1784506358968263,8,1732688615,2426960
1783238125169984,8,1731478318,2426960
6146943657173857245,8,1730269709,2426960
6212245217911849957,8,1729847110,2426960
6212244583171646451,8,1729070545,2426960
6931694080294077396,6,1728628248,2426960
6360862737590920882,4,1728450685,2426960
6339469370195484283,6,1727675942,2426960
6250522009511940495,2,1726118238,2426960
6240387642449268550,8,1724817046,2426960
5875594803673003267,8,1723610599,2426960
5963413094366392901,9,1722343009,2426960
5963413094343456583,4,1721799381,2426960
6000566704268948507,9,1720780563,2426960
5842939267353325378,9,1720531588,2426960
5842939267311837240,8,1719548230,2426960
5747236506606134310,8,1718184281,2426960
5742731639325246118,9,1716960424,2426960
5768625435412932280,6,1715670813,2426960
5759616966678109667,9,1714371966,2426960
6474562312183308127,3,1712892445,2426960
5749481331454114504,7,1712038216,2426960
5749481331432200421,9,1711518780,2426960
5686429670866659815,9,1710308627,2426960
5688680204365521297,8,1709102868,2426960
8033928544509546272,9,1708407264,2426960
8033928544509009594,7,1708394543,2426960
8033928544491029834,9,1707968352,2426960
5582843074958219717,7,1707206400,2426960
5582843074943337030,7,1706853668,2426960
5519792046266805903,9,1706626894,2426960
5519792046251891463,6,1706273370,2426960
6300039510122124035,3,1705035683,2426960
6300039510121958995,2,1705031767,2426960
6300039510119282661,6,1704968341,2426960
5510783579245894759,7,1704870240,2426960
5410576585199320498,4,1704808572,2426960
1790214123117935,6,1738335651,1818750
1788311419183499,2,1736877513,1818750
1783872412119562,2,1732562791,1818750
1783238125383229,2,1732043263,1818750
1783238125256346,2,1731700361,1818750
1783238125256345,2,1731700358,1818750
1783238125256344,6,1731700346,1818750
6212245217911828852,2,1729791170,1818750
6211118320242219591,2,1729014727,1818750
6211118320242218276,9,1729014696,1818750
6339469370182464464,2,1727367333,1818750
6341720536507348095,2,1726862627,1818750
6250522009532185630,2,1726598062,1818750
6250522009532162165,2,1726597512,1818750
6250522009532161671,9,1726597500,1818750
6240387642454965834,9,1724952068,1818750
5875595438689812956,9,1724370802,1818750
5963413728339389512,2,1722618653,1818750
5963413094342395004,9,1721774215,1818750
6000566704267167348,2,1720738356,1818750
5842939267339936209,2,1720214193,1818750
5842939267332798166,2,1720045024,1818750
5842939267332754712,9,1720043985,1818750
5759622039976725415,4,1718901745,1818750
6890025005353175897,2,1718385306,1818750
5746109972553293423,9,1717784477,1818750
5679673637671029321,6,1710264373,1818750
5143713753743784936,9,1679936134,1818750
4789043687475245960,9,1668719368,1818750
4867853509332841346,9,1665622611,1818750
4589754330751451189,9,1664312748,1818750
4584122114610911698,9,1661282339,1818750
1793384379486528,9,1741572329,2694490
1793384379369408,5,1741258150,2694490
1792751526157995,9,1741057221,2694490
1790848102639471,9,1738899979,2694490
1790214123229740,9,1738636199,2694490
1789039014324276,9,1737005712,2694490
1788945554738378,9,1736898160,2694490
1788311419029946,9,1736466290,2694490
1785774543510932,2,1733971656,2694490
1792116353328456,4,1740415959,1085660
6146943657174042975,5,1730761387,1085660
6909171012596561518,7,1723748285,1085660
5963414363387977660,7,1723063075,1085660
5759622039991089186,4,1719241568,1085660
5749481331437439381,9,1711642779,1085660
7309977427436128519,9,1710451875,1085660
5510784213099344092,9,1705617289,1085660
5480373588791289919,0,1694903071,1085660
5839532486230400948,9,1692137461,1085660
5124582150132248628,4,1688078885,1085660
5125698536877473423,2,1679530714,1085660
5035621474430225519,4,1674589822,1085660
4732747437221274776,0,1667939189,1085660
4606641560267962409,4,1663105607,1085660
4292505348828487338,6,1653040455,1085660
4246335198911708738,6,1645560163,1085660
4060529371717061676,3,1614613920,1085660
4043637702561536911,6,1611568800,1085660
4043637702541745249,2,1611085845,1085660
3856733878313147839,9,1607443541,1085660
3856732771954815122,6,1605823769,1085660
3895010671342426820,0,1603409883,1085660
3112496281294724197,6,1590145808,1085660
2600199781644244656,2,1578672476,1085660
2504491307422485119,2,1572374780,1085660
2426802221712314475,9,1569951775,1085660
2415533798142975209,5,1561303608,1085660
5759622039976984271,6,1718907878,2357570
5747233970437994316,2,1716326870,2357570
5768625435414619502,9,1715710788,2357570
5766372999944308550,2,1714672184,2357570
6474562312200414955,9,1713297939,2357570
5762993398269715574,9,1712765334,2357570
7309977427453806852,9,1710871218,2357570
5728086065180864248,2,1708582683,2357570
5589599109284791509,9,1707861834,2357570
5589599109262461381,9,1707332614,2357570
5218041989043883351,2,1697743200,2357570
5220292521200009752,6,1696970322,2357570
5219165352625009962,2,1695331974,2357570
5480373588801626605,9,1695148400,2357570
5159491482910015124,9,1694118206,2357570
5141475722327841863,2,1692900188,2357570
5839532486211617854,9,1691692413,2357570
1792751526123900,9,1740969015,1790600
1789039014457805,9,1737361726,1790600
1785774543484931,9,1733904207,1790600
1793384379354880,9,1741219489,251570
1791482680865380,0,1739384896,251570
1790848102667414,0,1738970070,251570
1790214123130032,3,1738367566,251570
1785321795750358,2,1733791823,251570
1785321795675524,3,1733588991,251570
1785321795658651,0,1733542915,251570
6909171012595978276,7,1723734992,251570
5963413094346272563,2,1721866114,251570
5969041959970852191,9,1721452020,251570
6000566704267563401,9,1720747744,251570
5842939267328900995,3,1719952659,251570
5510784213099387979,7,1705618766,251570
5288974951204400960,2,1698880450,251570
5124585954861014610,4,1691536356,251570
5124585319849723945,4,1691080907,251570
5124584686261962031,7,1690840223,251570
5124582150128250875,0,1687984505,251570
5896948309840622941,0,1686863160,251570
5133583099796090173,7,1682011589,251570
4607764924157671069,7,1660404158,251570
4246335832502528991,4,1645575644,251570
4246335832502366346,4,1645571783,251570
4235074931855010236,4,1644082016,251570
4237326104325117572,2,1643422575,251570
4237325463666267015,9,1642565574,251570
5320438099054857111,7,1640110335,251570
5320438099052783129,7,1640061142,251570
5320438099041502627,5,1639793456,251570
5320438099036208568,7,1639667857,251570
4060529371702775992,0,1614274785,251570
4090922416510913737,9,1608586105,251570
3879252510640362510,0,1607824243,251570
3856732771968427862,7,1606149199,251570
3872494575593122342,7,1605317853,251570
5422856308630222613,0,1603207527,251570
5422856308615950565,7,1602866353,251570
3819572206285863698,2,1600788279,251570
2579938650920658966,7,1583347650,251570
2597949245051060989,7,1579879481,251570
2587811707162911887,7,1575482863,251570
2448197582037787495,7,1573581154,251570
2400895196207050489,7,1559278378,251570
2408775863523894374,9,1558731174,251570
2405397525622349396,7,1557875757,251570
2404270358340881397,0,1557252993,251570
2534869043302024383,9,1551308427,251570
2426778849020666937,7,1547844527,251570
2417769111291901624,7,1545511851,251570
2747626897938411692,9,1515865727,236870
2140759684344693403,7,1509075161,251570
3819571572130732556,7,1509075161,251570
2095718613766695475,4,1504193881,251570
3819571572130732671,4,1504193881,251570
3819571572130732793,4,1501862781,251570
3819571572130732922,9,1499919853,251570
75837063466214443,4,1487733861,251570
3819571572130733785,4,1487733861,251570
3819571572130733915,4,1486251031,251570
3819571572130734037,7,1481143450,251570
3819571572130734422,3,1475719330,251570
3819571572130734664,0,1466441262,251570
3819571572130734776,0,1462036223,251570
3819571572130734893,5,1460064162,251570
260454846492275529,4,1459734340,251570
3819571572130735133,4,1459734340,251570
260454846488927968,4,1459654293,251570
3819571572130735264,4,1459654293,251570
3819571572130735377,4,1459641060,251570
260454846474353344,4,1459305811,251570
3819571572130735484,4,1459305811,251570
272839101186802730,7,1459220307,251570
3819571572130735598,7,1459220307,251570
3819571572130735718,9,1459034618,251570
341514010378064205,9,1453995722,251570
3819571572130735952,9,1453995722,251570
341510664117441234,3,1451009747,251570
3819571572130736179,3,1451009747,251570
341510664107191510,7,1450764678,251570
3819571572130736292,7,1450764678,251570
377538916267537272,4,1450478957,251570
3819571572130736428,4,1450478957,251570
377538916260814127,4,1450318211,251570
3819571572130736541,4,1450318211,251570
377538367948910064,4,1450146796,251570
3819571572130736668,4,1450146796,251570
377538367945373443,4,1450062233,251570
3819571572130736780,4,1450062233,251570
3819571572130736893,9,1449956946,251570
3819571572130737453,4,1440370246,251570
3819571572130737570,9,1437691046,251570
423686857812115713,4,1437097615,251570
3819571572130737678,4,1437097615,251570
431567758217261811,7,1436831070,251570
3819571572130737797,7,1436831070,251570
431567523831675445,4,1436394086,251570
3819571572130737914,4,1436394086,251570
499119164369463637,4,1434299588,251570
3819571572130738252,4,1434299588,251570
499119164362929003,4,1434143334,251570
3819571572130738360,4,1434143334,251570
519383914575784671,9,1432872332,251570
3819571572130738463,9,1432872332,251570
518255472500359627,4,1430350533,251570
3819571572130738577,4,1430350533,251570
517128413767375001,4,1429302330,251570
3819571572130738695,4,1429302330,251570
517127039063714628,7,1428729073,251570
3819571572130738804,7,1428729073,251570
517127039059209489,4,1428621352,251570
3819571572130738909,4,1428621352,251570
517127039040281765,4,1428168770,251570
3819571572130739028,4,1428168770,251570
526125368392816129,7,1419882735,251570
3819571572130739484,7,1419882735,251570
524998829165792812,7,1419015568,251570
3819571572130739718,7,1419015568,251570
524998195299150074,4,1418492127,251570
3819571572130739954,4,1418492127,251570
522745036240242641,9,1417467849,251570
3819571572130740173,9,1417467849,251570
522745035842768843,4,1416947484,251570
3819571572130740295,4,1416947484,251570
522744579483337348,7,1416776099,251570
3819571572130740420,7,1416776099,251570
521611873383786681,4,1410190270,251570
3819571572130740862,4,1410190270,251570
552008055517336344,8,1406997198,251570
3819571572130741331,8,1406997198,251570
559888404527754776,4,1406221762,251570
3819571572130741433,4,1406221762,251570
559888404467078290,7,1406135333,251570
3819571572130741553,7,1406135333,251570
3188859613494980196,7,1401569868,251570
3819571572130741889,7,1401569868,251570
919043659071369244,7,1399762320,251570
3819571572130742427,7,1399762320,251570
919041785940091604,4,1398139875,251570
3819571572130742748,4,1398139875,251570
920166227160451123,0,1396981237,251570
3819571572130742959,0,1396981237,251570
920166226932301433,0,1396576817,251570
3819571572130743189,0,1396576817,251570
919039334545195376,9,1395696788,251570
3819571572130743306,9,1395696788,251570
919037794605662231,7,1394352677,251570
3819571572130743659,7,1394352677,251570
919037794587051320,7,1394318105,251570
3819571572130743767,7,1394318105,251570
920163238532335600,5,1393968796,251570
3819571572130743987,5,1393968796,251570
920163238383805450,0,1393721901,251570
3819571572130744104,0,1393721901,251570
920162436953889645,9,1393111030,251570
3819571572130744327,9,1393111030,251570
920161157443833651,3,1391726218,251570
3819571572130744786,3,1391726218,251570
919034716006520058,0,1391409612,251570
3819571572130744886,0,1391409612,251570
919034715801515504,0,1391118276,251570
3819571572130745012,0,1391118276,251570
1010231247575534388,5,1390017204,251570
3819571572130745244,5,1390017204,251570
1010228711728163824,7,1387651688,251570
3819571572130745566,7,1387651688,251570
1009102271003796128,3,1387055993,251570
3819571572130745675,3,1387055993,251570
5742731639344200477,3,1717409681,372000
5741605105621295519,3,1716802745,372000
5747233970432550090,3,1716197841,372000
5768625435409682726,3,1715593803,372000
5766372999946789690,3,1714730991,372000
5759616966678673465,3,1714385330,372000
5762994032404968458,3,1713780291,372000
6474562312195251087,3,1713175566,372000
5756237364322251940,3,1712571177,372000
5749481331451073341,3,1711966127,372000
7309977427448909767,3,1710755172,372000
5679673637666299772,3,1710152307,372000
5728086065195803222,3,1708936769,372000
8033928544506600209,3,1708337450,372000
5582843074954860027,3,1707126814,372000
5519792046262296277,3,1706520030,372000
5510784213111815328,3,1705913325,372000
6300039510133731353,3,1705310863,372000
5410576585194993329,3,1704706016,372000
5410576585157702945,3,1703821964,372000
5410576585132936480,3,1703234813,372000
5409450219986758042,3,1702895505,372000
5395938616808539029,3,1702288929,372000
5395937983675114195,3,1701683008,372000
5382426458990655373,3,1701066921,372000
6560117310278232901,3,1700474122,372000
5302486388012118716,3,1699868281,372000
5229301621590082939,3,1698657622,372000
5218041989056959675,3,1698053219,372000
6438516944134477678,3,1697447472,372000
5220292521183760827,3,1696585152,372000
5480373588796677268,3,1695031102,372000
5159491482922728779,3,1694419616,372000
5141476355671609717,3,1693819477,372000
5141475722343569424,3,1693273066,372000
5127964289186890237,3,1692609416,372000
5839532486224456069,3,1691996807,372000
5124584686260003652,3,1690793807,372000
5124584051983792952,3,1690190591,372000
6079346804885548340,3,1689584348,372000
5124582150170262000,3,1688980500,372000
5124582150144433266,3,1688368102,372000
5124581515268512005,3,1687766290,372000
5896948309853260260,3,1687162971,372000
5129083846352743472,3,1686556071,372000
5151601211240037984,3,1685956155,372000
5140340943319076992,3,1684744334,372000
6557848386955127303,3,1684140294,372000
5138087875093477593,3,1683538043,372000
5133583642646908444,4,1682501545,372000
3664193578962351154,6,1596180517,372000
2415540140472494298,6,1567471671,372000
2416665403783494253,6,1566811793,372000
3556075649733018492,6,1566202594,372000
3556075649733006909,6,1566202317,372000
2412160539867772804,4,1565597824,372000
2412160539867771490,6,1565597793,372000
2412159905939588655,4,1564992576,372000
3364670677195151882,6,1564461583,372000
2413284533106239040,6,1563788001,372000
2436927798965772265,9,1563265374,372000
2436926440605929537,6,1562574227,372000
2436926440580719494,6,1561971472,372000
2415533798145506766,6,1561364138,372000
2408777766651322598,6,1560765496,372000
2411028931153613759,6,1560155612,372000
2400895196218359363,4,1559548773,372000
2408775863532973228,6,1558948256,372000
2905297189261210647,6,1558339533,372000
2405396896211712764,6,1557482107,372000
2404270358324989556,6,1556873022,372000
2432417221749716063,6,1556532800,372000
2434668385561028012,6,1555923041,372000
3763229740656235311,6,1555317159,372000
2508976515657149000,6,1554713930,372000
2465065785311780332,6,1554108838,372000
2543878145185347509,6,1553499278,372000
3140604542255159311,6,1552899090,372000
2530366080598457443,6,1552038012,372000
2530366080598434032,6,1552037452,372000
2534869043317991179,6,1551690188,372000
2480825216202753595,6,1551085313,372000
3702426087251761354,6,1550480161,372000
2461683368398697916,6,1549876307,372000
2425653583395976385,6,1548665031,372000
2426778849029856848,6,1548064265,372000
2417770561724452740,4,1546851836,372000
2417769111322062830,4,1546233004,372000
2417769111297318694,3,1545641373,372000
3244179105173791542,6,1545039309,372000
2416641943186082265,6,1544433009,372000
2416641943171480116,0,1544083875,372000
2415515408482987258,6,1543830589,372000
2415514774182430369,6,1543221893,372000
3316234163927856225,6,1542618843,372000
3316234163912498388,9,1542251642,372000
2407631572318441028,4,1540962983,372000
2403126706533592323,4,1540285272,372000
2499943313625423468,4,1529475393,372000
2394102381813063920,3,1523429748,372000
4249665521682964881,4,1523263202,372000
4249665521682965667,6,1522661180,372000
2383968106568602987,4,1522307292,372000
4249665521682966805,4,1522307292,372000
4249665521682966970,6,1522223858,372000
2365953485470642260,6,1522222483,372000
4249665521682967173,6,1522222483,372000
4249665521682967342,9,1522055082,372000
4249665521682967889,4,1521447792,372000
4249665521682968561,4,1520850772,372000
4249665521682969808,4,1520237870,372000
4249665521682970834,4,1519635636,372000
4249665521682970993,4,1519380205,372000
2361446846761745279,4,1519198912,372000
4249665521682971315,4,1519198912,372000
4249665521682971488,2,1519117006,372000
3263292409706370487,6,1519029497,372000
4249665521682971650,6,1519029497,372000
4249665521682972101,4,1519029308,372000
2363698013319989315,6,1518583712,372000
4249665521682972230,6,1518583712,372000
4249665521682972365,6,1518427575,372000
4249665521682972483,6,1518427516,372000
4249665521682972714,3,1518426858,372000
4249665521682973110,6,1517824040,372000
4249665521682973856,6,1517563533,372000
2363696743794325495,4,1517372507,372000
4249665521682974219,4,1517372507,372000
4249665521682974328,6,1517368170,372000
4249665521682974446,4,1517214231,372000
4249665521682975023,9,1516614288,372000
2356940080956349062,6,1516614026,372000
4249665521682975121,6,1516614026,372000
4249665521682975489,6,1516004921,372000
4249665521682976302,6,1515403033,372000
4249665521682976775,6,1514802378,372000
2284879949523284857,6,1514255017,372000
4249665521682976871,6,1514255017,372000
2163281492531734559,6,1512984720,372000
4249665521682978328,6,1512984720,372000
2163281492513657911,6,1512552519,372000
4249665521682978942,6,1512552519,372000
2152021858890916774,4,1511918467,372000
4249665521682979309,4,1511918467,372000
2149769425928494045,6,1511773683,372000
4249665521682979528,6,1511773683,372000
2143012757624588473,6,1510565853,372000
4249665521682980777,6,1510565853,372000
2140760316603884036,4,1509962729,372000
4249665521682980893,4,1509962729,372000
3111284858384997291,6,1508753951,372000
4249665521682981960,6,1508753951,372000
4249665521682982083,3,1508146699,372000
2145261379804646179,4,1507696443,372000
4249665521682982314,4,1507696443,372000
4249665521682982435,3,1507610287,372000
2175660043464141676,9,1506593902,372000
4249665521682982663,9,1506593902,372000
2149763711104743742,9,1506332813,372000
4249665521682982989,9,1506332813,372000
3136051487762987353,4,1505374702,372000
4249665521682983649,4,1505374702,372000
2095718613780233067,6,1504517571,372000
4249665521682984897,6,1504517571,372000
2709332890284432564,6,1503305364,372000
4249665521682985652,6,1503305364,372000
4249665521682985884,3,1502698316,372000
2093463643465712382,6,1501488505,372000
4249665521682986354,6,1501488505,372000
4249665521682986940,9,1500888885,372000
2472890725409934023,6,1500285963,372000
4249665521682987174,6,1500285963,372000
2079951576313936769,4,1499847651,372000
4249665521682987291,4,1499847651,372000
2564086801875051287,6,1499075635,372000
4249665521682988352,6,1499075635,372000
1904307386969396014,4,1496674143,372000
4249665521682989361,4,1496674143,372000
4249665521682989473,4,1496655039,372000
4249665521682989685,4,1496383202,372000
4249665521682989916,4,1496055876,372000
4249665521682990271,4,1495444510,372000
4249665521682991856,4,1494242824,372000
4249665521682993624,4,1491904972,372000
4249665521682994379,4,1491213685,372000
4249665521682998415,3,1485781138,372000
84840457409495041,3,1484560969,372000
4249665521682999494,3,1484560969,372000
4249665521683000723,3,1483951046,372000
4249665521683001210,3,1483353047,372000
91593954419441008,2,1483081176,372000
4249665521683001353,2,1483081176,372000
4249665521683001910,3,1482740014,372000
4249665521683002237,3,1482138124,372000
91592053118957011,6,1480930254,372000
4249665521683002794,6,1480930254,372000
4249665521683002906,3,1480930224,372000
91591419823146972,4,1480327580,372000
4249665521683003006,4,1480327580,372000
4249665521683003344,3,1479716678,372000
136626237887965900,4,1479114869,372000
4249665521683003677,4,1479114869,372000
4249665521683003786,4,1478760128,372000
4249665521683003912,3,1478540746,372000
4249665521683004020,3,1477904704,372000
4249665521683004275,3,1477299814,372000
234577531157186642,4,1476848610,372000
4249665521683005201,4,1476848610,372000
243582826884229510,4,1475146677,372000
4249665521683006540,4,1475146677,372000
4249665521683006899,4,1474880120,372000
4249665521683007010,4,1474280001,372000
4249665521683007247,3,1473675721,372000
4249665521683008215,3,1471855871,372000
252586225971242842,9,1471488460,372000
4249665521683008444,9,1471488460,372000
4249665521683009474,3,1470655633,372000
4249665521683010043,3,1470052812,372000
251457560660289035,4,1469531196,372000
4249665521683010399,4,1469531196,372000
251457560635082422,4,1468928507,372000
4249665521683011664,4,1468928507,372000
4249665521683011763,3,1468847329,372000
249202181078468765,4,1465893403,372000
4249665521683013619,4,1465893403,372000
4249665521683013731,6,1465889278,372000
249201544502042334,4,1465271576,372000
4249665521683013947,4,1465271576,372000
4249665521683014050,4,1465203625,372000
4249665521683014260,4,1464933995,372000
249201544484713865,3,1464857244,372000
4249665521683014484,3,1464857244,372000
255955672070431472,6,1464001067,372000
4249665521683015684,6,1464001067,372000
255955126827766885,4,1463457895,372000
4249665521683016008,4,1463457895,372000
255954571302396330,4,1462845917,372000
4249665521683016548,4,1462845917,372000
255954406938193222,3,1462440476,372000
4249665521683016781,3,1462440476,372000
255953775630422832,3,1462239388,372000
4249665521683017010,3,1462239388,372000
255953140185598534,3,1461573010,372000
4249665521683018014,3,1461573010,372000
260456194804678422,4,1460992849,372000
4249665521683018470,4,1460992849,372000
260454846521724396,4,1460438473,372000
4249665521683018949,4,1460438473,372000
260454846496365231,4,1459832126,372000
4249665521683019456,4,1459832126,372000
260454846476150775,3,1459348791,372000
4249665521683020290,3,1459348791,372000
260454846475403486,3,1459330925,372000
4249665521683020407,3,1459330925,372000
272839101188687751,3,1459265379,372000
4249665521683020523,3,1459265379,372000
272839101188515540,4,1459261252,372000
4249665521683020635,4,1459261252,372000
272839101188398560,3,1459258463,372000
4249665521683020860,3,1459258463,372000
1794102528140361,9,1742043476,1818450
1793384379399895,3,1741338081,1818450
1793384379333135,6,1741163206,1818450
1792751525967531,9,1740556901,1818450
1791482680849939,0,1739346050,1818450
1790214123243775,3,1738674041,1818450
1790214123044492,9,1738143023,1818450
1785774543553793,6,1734083242,1818450
1784506359205487,6,1733307217,1818450
1783872411940378,6,1732089902,1818450
1783238125170860,3,1731481233,1818450
6146943657173948655,0,1730504459,1818450
6146943657173862197,6,1730282406,1818450
6212244583171286083,9,1729062005,1818450
6350729003493415915,0,1727942558,1818450
6350729003489636447,6,1727852991,1818450
6341720536498151174,2,1726644651,1818450
6242640076595988015,6,1725524436,1818450
5875595438683315470,4,1724216828,1818450
5875594803673362387,2,1723619113,1818450
5963414363386050505,0,1723017796,1818450
5963413094347416381,0,1721893223,1818450
5969041959960297741,9,1721201878,1818450
6000566704268091114,2,1720760258,1818450
5842939267359875732,2,1720686845,1818450
5842939267356549436,9,1720608009,1818450
5742731639336327506,6,1717223030,1818450
5742731639325508821,9,1716966640,1818450
5747233970414081613,0,1715760095,1818450
5768625435391193620,6,1715155560,1818450
5766372999958734420,4,1715014155,1818450
5759616966660548350,6,1713955697,1818450
5749481331444264888,4,1711804710,1818450
5749481331432545717,6,1711526973,1818450
5686430301717465397,2,1711014899,1818450
5686430301715856649,3,1710976764,1818450
5686430301713462810,6,1710920041,1818450
7309977427439762088,4,1710538267,1818450
5688680204376284104,2,1709357913,1818450
5688680204374258513,6,1709309910,1818450
5728086065177535436,0,1708503799,1818450
8033928544499273561,2,1708163745,1818450
8033928544495173600,4,1708066569,1818450
8033928544491919255,0,1707989432,1818450
5582843074936401361,0,1706689344,1818450
5510784213093564037,6,1705480754,1818450
5410576585176609997,3,1704270229,1818450
5395938616790062916,0,1701851008,1818450
5382426458992292360,4,1701105990,1818450
5382426458972778670,2,1700640155,1818450
5302486387993727054,6,1699432331,1818450
5288974951202093873,9,1698825792,1818450
5246188851833620916,9,1697013066,1818450
5141476355653171593,0,1693382452,1818450
5127964289168613006,3,1692176120,1818450
5124585319844784160,6,1690963842,1818450
5124584051976179281,9,1690010067,1818450
5124584051965385716,6,1689754236,1818450
5124582150126429951,9,1687941341,1818450
5126832680916764143,9,1686731675,1818450
5151601211221728181,6,1685522115,1818450
5140340943300888970,0,1684313107,1818450
5133583642654040868,2,1682670592,1818450
6539831519488387040,6,1681459378,1818450
5125698536874973943,0,1679472012,1818450
5070528810287750759,6,1678263817,1818450
5059268543375733949,2,1677604867,1818450
5059268543351211625,6,1677023467,1818450
5035621474406821711,2,1674035453,1818450
5000716037475526371,6,1672500465,1818450
5000716037445398487,6,1671786028,1818450
4980448574118942689,2,1670750060,1818450
4980448574115142428,3,1670659919,1818450
6258337460547842934,9,1663347085,677620
4347669995461763966,9,1648767905,677620
3936699406887605224,9,1632823091,677620
1793384379525402,8,1741676403,578080
1793384379524080,8,1741672801,578080
1793384379397111,8,1741330817,578080
1790848102774176,8,1739257211,578080
1790848102772854,8,1739253608,578080
1788311419166836,8,1736834420,578080
1786573930739553,8,1734927291,578080
1784506359176635,9,1733230768,578080
1784506359167915,8,1733209214,578080
1784506359166544,8,1733205611,578080
1783872411973268,8,1732174523,578080
1783238125237452,8,1731654050,578080
6146943657174053082,8,1730790042,578080
6146943657174052201,8,1730786440,578080
6211118320241093827,8,1728988065,578080
6360862737591197782,8,1728457253,578080
6360862737591045795,8,1728453651,578080
6240387642471620776,8,1725346841,578080
6240387642471468802,8,1725343238,578080
5963413728352422585,8,1722927630,578080
5963413728352270610,8,1722924027,578080
5842939267352346935,8,1720508414,578080
5842939267352194951,8,1720504812,578080
5842939267334122291,8,1720076417,578080
5746109972566153057,8,1718089219,578080
5746109972566000914,8,1718085614,578080
5768625435409252600,8,1715583617,578080
5768625435409100614,8,1715580014,578080
5766372999946311326,8,1714719656,578080
5756237364321764545,8,1712559622,578080
5756237364321612474,8,1712556017,578080
5679673637669445352,8,1710226853,578080
5679673637669293392,8,1710223250,578080
5582843074958068838,8,1707202823,578080
5582843074957916932,8,1707199222,578080
5510783579245733177,3,1704866407,578080
5410576585198267321,3,1704783607,578080
5395938616789700597,3,1701842417,578080
5395937983678347791,6,1701759626,578080
5288974951223805477,3,1699340415,578080
5288974951201782138,3,1698818403,578080
5220292521197937891,6,1696921226,578080
5220292521179561806,3,1696485625,578080
5141476355678611689,6,1693985424,578080
5141476355652867562,3,1693375244,578080
5127964289171207445,3,1692237620,578080
5124585319866518670,0,1691479057,578080
5124585319844453991,3,1690956010,578080
5124582150173566813,6,1689058836,578080
5124582150151550354,3,1688536820,578080
5129083846356359302,3,1686641781,578080
5129083846337790267,3,1686201591,578080
5140340943319148626,3,1684746028,578080
6557848386958508123,6,1684220432,578080
6557848386944735116,3,1683893525,578080
5140340308864886422,3,1683700078,578080
5121196841305902675,9,1681200892,578080
5121196841283870986,3,1680678478,578080
5070528810310767370,6,1678809480,578080
5070528810287474440,3,1678257271,578080
5036749277247853281,6,1676383442,578080
5036749277225891839,3,1675863028,578080
5035620840549557841,6,1673968057,578080
5035620840527375500,3,1673442171,578080
4980448574108730261,6,1670507950,578080
4836332027672872832,3,1669709634,578080
4732747437220194112,6,1667913878,578080
4732747437197240497,0,1667369659,578080
4714731755412708110,0,1666283285,578080
4613399405957462838,6,1665471762,578080
4613399405935453323,3,1664949882,578080
4621277624708155690,6,1662448767,578080
4621277624686127543,3,1661926206,578080
4584121659792708840,9,1661109569,578080
4598757090467319478,6,1660028450,578080
4598757090445549158,0,1659508157,578080
4539082035576394129,6,1657609432,578080
4474904295776366037,3,1657094419,578080
4469272893509843928,6,1654585255,578080
4469272893491645860,3,1654153535,578080
4437747060844517412,3,1653997679,578080
4437747060843769963,3,1653980480,578080
4348799082207529755,3,1652166062,578080
4348798430293482229,9,1651601941,578080
4348798430291789811,0,1651561836,578080
4353300134242349302,6,1649746851,578080
4353300134221409629,9,1649249889,578080
4353300134220347111,9,1649224910,578080
5631194088575444181,3,1647327827,578080
4247462367447730173,0,1646722869,578080
4246335198887840384,6,1644994899,578080
6154735015632073443,0,1644925457,578080
4235075565595302193,9,1644408757,578080
4235075565594617426,0,1644392546,578080
4224939931824782128,3,1642004870,578080
4224939386893515646,6,1641884973,578080
4224939245934171999,9,1641394082,578080
4224939245932970324,0,1641366111,578080
4224935490656644801,6,1638342466,578080
4224935490631151429,3,1637737630,578080
4186652991104922228,6,1635923094,578080
4186652357037687796,3,1635750396,578080
4186652357020244658,0,1635336516,578080
3938951840876445275,6,1632919401,578080
3938951840875633301,9,1632900290,578080
4020014731791761855,0,1631119000,578080
4020014099083678917,0,1630480277,578080
4038025325469068314,9,1627472415,578080
4038025325468387817,0,1627456991,578080
4032392655081048981,9,1624951091,578080
4056035920067710012,9,1624241691,578080
4056035920065904302,9,1624198580,578080
4056035920051282255,9,1623849817,578080
4056035920051005465,9,1623845078,578080
4093189347038927878,0,1622630753,578080
4069544815374169103,9,1622545707,578080
4069544815351887250,0,1622016890,578080
4074045878068296196,0,1619598772,578080
4074045243999457328,9,1618992970,578080
4570566564991568099,7,1618486703,578080
4117954072998872269,0,1617889209,578080
4023377846274901650,3,1617277056,578080
4023377846270885615,9,1617182164,578080
4026754911341945230,7,1616604122,578080
4026754911340611534,9,1616572684,578080
4051520458187618107,0,1612885575,578080
4051520269921903325,9,1612353153,578080
4043637067845362804,0,1610527688,578080
3942305442244979378,9,1610028187,578080
3879252510646175955,3,1607960061,578080
3879252510626883312,0,1607502064,578080
3856732611029800529,0,1605743510,578080
3856732611027517023,0,1605689548,578080
3872494575585548255,0,1605110400,578080
3872494575583912903,0,1605098157,578080
3872494575583889799,0,1605097269,578080
3872494575583304357,0,1605083784,578080
3895010671332730949,9,1603268897,578080
3854477638699837002,9,1602661189,578080
3715990047690944466,0,1600868067,578080
3819572206263377105,9,1600250710,578080
3819571572125714402,0,1599650904,578080
3819571008267393875,0,1599409022,578080
3670950880878847256,0,1597943840,578080
3670950880873919323,0,1597826030,578080
3667572003473272088,0,1597071811,578080
3667572003472060077,0,1597042835,578080
3664194214732981395,3,1596589208,578080
3516698970145393779,9,1594711750,578080
3384966595865776065,0,1592380035,578080
3157533729867060558,0,1591630262,578080
3157533729865785552,0,1591599787,578080
3112496281287017118,9,1589963110,578080
3110243848760374466,3,1589357267,578080
3112493747262475435,6,1587543405,578080
4654976078207853097,3,1587128639,578080
3112492477903155438,2,1586849754,578080
2698159409968898926,7,1584516544,578080
2579938650944342145,0,1583913906,578080
2579938650941652738,0,1583847583,578080
2579938650922516473,9,1583392063,578080
2578811485587426382,0,1582099546,578080
3183419193826274583,0,1581573708,578080
2597949245042594052,6,1579677058,578080
2829884012460757966,0,1579076037,578080
2592316573845438001,9,1576711336,578080
2592316573843061884,9,1576658465,578080
2610330338693951038,9,1576056030,578080
2468465044711786164,0,1574233263,578080
2448198215005225217,0,1573627958,578080
2504491307400713327,9,1571854803,578080
2404285581856522042,9,1571216518,578080
2422298078081258437,7,1569449363,578080
2422298078079450062,0,1569405074,578080
2422298078079251356,9,1569401893,578080
2406534841124138318,9,1568805307,578080
2415540140452409348,0,1566989380,578080
2416665403765105198,6,1566372123,578080
2412161173660580252,0,1565774128,578080
2412159905930599747,9,1564777265,578080
3364670677176126315,3,1564006055,578080
2413285168840267412,9,1563972088,578080
2413285168839464585,9,1563954293,578080
2413284533088081067,9,1563353854,578080
2436927798964842130,3,1563243134,578080
2436927798943014377,9,1562721240,578080
2436926440578241668,0,1561911721,578080
2436926440562374165,9,1561532848,578080
2415533798127539119,0,1560934542,578080
2411028931138069131,3,1559783952,578080
2408775863514711851,9,1558511645,578080
2905297189261505812,0,1558346135,578080
2405397525623749066,9,1557909222,578080
2432417221735132664,0,1556182531,578080
2432417221731263450,9,1556091611,578080
2434668385542934761,9,1555490440,578080
2465065785297197184,9,1553760177,578080
2465065785296138332,0,1553734860,578080
2543878145175273618,0,1553256341,578080
2543878145167464918,9,1553071722,578080
2539373912624018784,9,1552496405,578080
2539373912623830259,7,1552492938,578080
2534869043299587591,3,1551250171,578080
2480825216184505234,0,1550649006,578080
2461683368374467080,0,1549296454,578080
2462808987390381418,7,1548917174,578080
2425653583386153960,0,1548429678,578080
2425653583378538173,0,1548247290,578080
2425653583377921794,0,1548233311,578080
2416641943175083920,9,1544170037,578080
3316234163922337072,4,1542484846,578080
3316234163921703668,3,1542471180,578080
3316234163921429277,3,1542464580,578080
3316234163919552393,3,1542420288,578080
3316234163916241727,9,1542341136,578080
2403126706516505069,0,1539876402,578080
2403126706515421207,0,1539850805,578080
3594328263093218282,3,1539441272,578080
3594328263090786711,7,1539381818,578080
3594328263089451418,7,1539350667,578080
3594328263089137554,3,1539343705,578080
2450411965552334169,9,1537458985,578080
2450411965550820680,9,1537423185,578080
2447032995769197200,9,1536320074,578080
2447032995762105722,0,1536151539,578080
2444779293761116134,0,1534408239,578080
2454911758736743340,9,1533729873,578080
2454911758736399023,9,1533722973,578080
2454911758736184423,9,1533718410,578080
2454911758735003878,0,1533690184,578080
2451533424634113990,3,1533202873,578080
2451533424631076540,0,1533131443,578080
2451533424630298633,0,1533112846,578080
2451533424629459041,0,1533092773,578080
2462791699378460760,7,1532806440,578080
2838841185450381442,0,1531813807,578080
2838841185450336562,3,1531812734,578080
2838841185448011922,0,1531757155,578080
2838841185440684056,7,1531496393,578080
2434643023996180611,0,1531284633,578080
2499943313678532655,0,1530745140,578080
2499943313677430212,0,1530710610,578080
2499943313676511222,7,1530696133,578080
2499943313675417638,9,1530670665,578080
2499943313651014754,9,1530087217,578080
2499943313630202460,3,1529589638,578080
2842216343278073387,9,1529416922,578080
2431262152947054310,9,1528669266,578080
2396358621996509996,3,1527754564,578080
2396358621992424331,0,1527656885,578080
2394106369062627984,3,1527595074,578080
2391853754539073759,3,1526646395,578080
2391853754531177937,0,1526457690,578080
3822871998308050278,0,1525914229,578080
2394104285097710816,9,1525412441,578080
2394103650892877969,3,1524861234,578080
2394103650889196408,0,1524772485,578080
2394103650889004694,9,1524766500,578080
2394103650888397768,0,1524753776,578080
2394103650888146333,0,1524748115,578080
2758894130323610453,0,1524413037,578080
2758894130319376214,0,1524312068,578080
2758894130309776902,9,1524081611,578080
2758894130304495264,0,1523956297,578080
2758894130302876906,3,1523917418,578080
2394102381814860762,0,1523472707,578080
4249665521687117640,6,1522908146,578080
2394101748795468674,9,1522860589,578080
2394101748793440891,0,1522812107,578080
4249665521687117721,0,1522812107,578080
2383968106587465736,0,1522758293,578080
4249665521687117890,0,1522758293,578080
4249665521687117956,0,1522677832,578080
4249665521687118035,3,1522418456,578080
4249665521687118105,6,1522375509,578080
4249665521687118245,6,1522129354,578080
2365953485464251254,3,1522069684,578080
4249665521687118328,3,1522069684,578080
2365952982533142984,9,1521828497,578080
2365952982532877883,6,1521821735,578080
2365952982528817189,9,1521725205,578080
4249665521687118413,3,1521684776,578080
2365952982524838465,0,1521628440,578080
4249665521687118484,3,1521004992,578080
2363699913389183798,9,1520949225,578080
2363699913388493953,9,1520934300,578080
2363699913385898532,7,1520873437,578080
2363699913385266312,7,1520857796,578080
2363699913378749890,7,1520702159,578080
2363699913372977024,0,1520564562,578080
4249665521687118555,0,1520564562,578080
4249665521687118627,9,1520528805,578080
2363699913370953369,3,1520515702,578080
4249665521687118701,6,1519210257,578080
3263292409710843608,3,1519136442,578080
4249665521687118775,3,1519136442,578080
2363697377446115784,3,1518012852,578080
4249665521687118862,3,1518012852,578080
2363696743814764266,3,1517861063,578080
2363696743802723225,3,1517573283,578080
4249665521687118930,3,1517573283,578080
2356940715000714666,7,1517334000,578080
2356940714999830765,4,1517318095,578080
2356940714999429487,0,1517308380,578080
2356940714999254789,0,1517304803,578080
4249665521687119017,0,1517304803,578080
2356940714980016960,3,1516837980,578080
2356940714976801833,3,1516767955,578080
4249665521687119090,3,1516767955,578080
4249665521687119168,0,1516346881,578080
2747626897938411692,9,1515865727,236870
2298392651778748155,3,1515651067,578080
4249665521687119240,3,1515651067,578080
2284879949575032094,3,1515492322,578080
4249665521687119318,3,1515492322,578080
2284879949571690575,7,1515412080,578080
2284879949560266371,3,1515139267,578080
4249665521687119383,3,1515139267,578080
2284879949554056694,7,1514990656,578080
2284879949532493551,7,1514475033,578080
2284879949530477388,4,1514426996,578080
4249665521687119463,4,1514426996,578080
2284879949506521869,3,1513854233,578080
4249665521687119539,3,1513854233,578080
4249665521687119609,3,1513837526,578080
2284879949505822302,0,1513837507,578080
4249665521687119678,0,1513837507,578080
2442505391475926557,3,1513344646,578080
4249665521687119823,3,1513344646,578080
2163281492534182291,3,1513043239,578080
4249665521687119896,3,1513043239,578080
2163281492520683841,3,1512720496,578080
4249665521687119961,3,1512720496,578080
4249665521687120035,6,1512561642,578080
4249665521687120107,0,1512453753,578080
2149769425909816076,0,1511327114,578080
4249665521687120178,0,1511327114,578080
2143013295366234696,0,1510703700,578080
2143012757625876046,3,1510595494,578080
2143012757625523263,0,1510588203,578080
4249665521687120253,0,1510588203,578080
2140760316593165695,3,1509706452,578080
4249665521687120325,3,1509706452,578080
2140759684346894265,0,1509127676,578080
2140759684346207311,0,1509111355,578080
4249665521687120402,0,1509111355,578080
3111284858378326430,3,1508594441,578080
4249665521687120474,3,1508594441,578080
2139632606731604674,0,1508147609,578080
4249665521687120555,0,1508147609,578080
2175660043483092007,3,1507047001,578080
4249665521687120716,3,1507047001,578080
2175660043471907503,7,1506779098,578080
2175660043468166864,3,1506688142,578080
2175660043464128318,7,1506592728,578080
2149763711108842106,7,1506430802,578080
4249665521687120788,7,1506430802,578080
2149763711086691240,7,1505900468,578080
3136051487780356628,7,1505790005,578080
4249665521687120865,7,1505790005,578080
2127244540337346742,3,1505223599,578080
2127244540335507443,0,1505179732,578080
4249665521687120947,0,1505179732,578080
2127244540322494058,0,1504868291,578080
2094592080086637000,0,1504033661,271590
2709332890269403035,3,1502946002,578080
4249665521687121099,3,1502946002,578080
2093465546037107957,9,1502886057,578080
2093465546036924694,3,1502883674,578080
2093465546036846686,3,1502882405,578080
4249665521687121175,3,1502882405,578080
2093464278178590845,3,1502278518,578080
2093464278177746269,7,1502258402,578080
4249665521687121250,7,1502258402,578080
2093464278160514836,7,1501844101,578080
2093463643470964469,3,1501613516,578080
2093463643469765160,9,1501584305,578080
2093463643469155550,3,1501570830,578080
4249665521687121327,3,1501570830,578080
2093463643456928116,3,1501278236,578080
2093463643455919146,3,1501254338,578080
4249665521687121401,3,1501254338,578080
2079952210086802989,3,1501000610,578080
2079952210086685825,9,1500998415,578080
4249665521687121483,9,1500998415,578080
2472890725395361428,3,1499936538,578080
2079951576314215704,7,1499853572,578080
2078825132650389522,0,1499785283,578080
4249665521687121635,0,1499785283,578080
2078825132634427809,9,1499403631,578080
4249665521687121704,9,1499403631,578080
2078825132631562479,3,1499334334,578080
2564086801880191192,0,1499198530,578080
4249665521687121777,0,1499198530,578080
2564086801854561228,0,1498585439,578080
2564086801854516408,5,1498584431,578080
2564086801854359650,3,1498580896,578080
4249665521687121857,3,1498580896,578080
1980870483555030918,7,1498119145,578080
4249665521687122002,7,1498119145,578080
3044845282405157317,0,1497956024,578080
1967358417034033039,3,1496918865,578080
1967358417030642912,7,1496837991,578080
4249665521687122079,7,1496837991,578080
1904306757830229532,3,1496152762,578080
4249665521687122151,3,1496152762,578080
1904306376106166057,0,1495551897,578080
1904306376105994622,3,1495548083,578080
4249665521687122224,3,1495548083,578080
2423345440418546549,0,1494827485,578080
4249665521687122306,0,1494827485,578080
1858141774321913714,3,1493128276,578080
4249665521687122387,3,1493128276,578080
1858141774304167313,0,1492703672,578080
75841595765759260,3,1492524275,578080
4249665521687122465,3,1492524275,578080
75841595746486953,7,1492063472,578080
4249665521687122548,7,1492063472,578080
75840229398118747,3,1491403559,578080
4249665521687122630,3,1491403559,578080
75840229373418303,0,1490812981,578080
4249665521687122700,0,1490812981,578080
75840229373290808,0,1490809613,578080
75839596808750444,9,1490267956,578080
4249665521687122857,9,1490267956,578080
1794014851390754,8,1741787090,1203220
1792751525976600,8,1740580493,1203220
1791482680857106,8,1739364596,1203220
1789039014486271,6,1737434791,1203220
1786409468862848,6,1734580685,1203220
1784506359211433,6,1733322368,1203220
1783238125181793,8,1731508014,1203220
6146943657173870923,6,1730303749,1203220
6212244583172352402,8,1729087258,1203220
6341720536517363804,8,1727100071,1203220
6250522009509734807,8,1726065955,1203220
6240387642450849553,6,1724854516,1203220
5875594803674451600,6,1723644924,1203220
5963413728335562289,8,1722527943,1203220
5969041959961511458,8,1721230628,1203220
5842939267331801510,6,1720019253,1203220
5842939267328704292,6,1719947997,1203220
5759622039973239295,8,1718819120,1203220
5746109972545411777,6,1717597707,1203220
5741605105603889075,8,1716390158,1203220
5768625435392207799,8,1715179590,1203220
5759616966661305134,8,1713973626,1203220
6474562312184811165,9,1712924240,1203220
5762993398269650131,9,1712763781,1203220
5686430301714514630,6,1710944959,1203220
5679673637648855754,6,1709738824,1203220
5582843074937555905,6,1706716686,1203220
5510784213094736852,8,1705508534,1203220
5410576585178155603,6,1704306841,1203220
5410576585130181490,6,1703169559,1203220
5395937983657715086,6,1701270586,1203220
5395937983656794906,6,1701248786,1203220
5322753221338885821,6,1700066834,1203220
5288974951203664644,8,1698862993,1203220
5218041989041297686,6,1697681916,1203220
5220291886483498663,8,1695822321,1203220
5141476355679698071,6,1694011154,1203220
5141475722323681140,8,1692801578,1203220
5124585954863628907,8,1691598321,1203220
5124584686242583975,8,1690380828,1203220
5124582150182428236,8,1689268874,1203220
5124582150127396270,8,1687964238,1203220
5896948309838097345,8,1686803155,1203220
5151601211224404093,9,1685585537,1203220
5140340943301968341,8,1684338674,1203220
5133583642651138451,6,1682601800,1203220
5133583642647619736,6,1682518395,1203220
5132456474583262824,8,1681302750,1203220
5143714207947112030,8,1680097012,1203220
5125698536850135769,8,1678883161,1203220
5070528176558492273,8,1677676398,1203220
5059267908810588151,8,1676465661,1203220
5035622743876474023,8,1675261080,1203220
5035620840527430409,6,1673443474,1203220
5000716037438712658,3,1671627588,1203220
4979322040013310912,8,1669819681,1203220
4789043687470569354,8,1668607706,1203220
4732747437198173310,8,1667391762,1203220
4714731755422668938,6,1666519754,1203220
4588629064106875206,6,1664368609,1203220
4705721386244522385,2,1663160214,1203220
4621277624687166338,6,1661950848,1203220
4584121659780933662,6,1660831983,1203220
4598757090446761007,8,1659537128,1203220
4591999790063210194,8,1657722896,1203220
4474904295726336441,8,1655907824,1203220
4437747060844867438,8,1654006502,1203220
4292505348829309992,8,1653060406,1203220
4348798430270737314,8,1651062432,1203220
4353300763399561090,8,1649851221,1203220
4347669995456748971,8,1648648947,1203220
5631194088561987226,6,1647008538,1203220
4246335832504887226,8,1645631581,1203220
6154735015624835119,8,1644754236,1203220
4237325463667903281,8,1642604402,1203220
4224939245934066953,8,1641392123,1203220
4224938027296058695,6,1640185912,1203220
4224936849661449717,8,1639314580,1203220
4224935490632525498,2,1637770221,1203220
4186653626162560469,9,1636557570,1203220
4186652357020914710,8,1635352410,1203220
4101082696718391283,8,1634140647,1203220
3936699406885030074,8,1632762344,1203220
3936698772941652744,6,1631721873,1203220
4516534149059436968,3,1628870309,1203220
4056035920050767835,2,1623839776,1203220
1794014851398953,3,1741807425,1286830
1793384379537890,6,1741707718,1286830
1793384379536843,9,1741704879,1286830
1793384379509605,9,1741632791,1286830
1792751525989238,9,1740612244,1286830
1792116353235550,9,1740164115,1286830
1790214123093528,3,1738270195,1286830
1789580505281493,2,1737573211,1286830
1786409468847030,2,1734537403,1286830
1785774543662964,4,1734377229,1286830
1785774543528381,2,1734017407,1286830
1785321795780386,6,1733870235,1286830
1785321795773873,9,1733852747,1286830
1785321795770939,9,1733846235,1286830
1785321795745519,9,1733778669,1286830
1783872411987670,0,1732209619,1286830
1783238125352616,3,1731962327,1286830
1783238125255018,9,1731696850,1286830
1783238125253586,9,1731691772,1286830
1783238125161257,9,1731454042,1286830
6146943657174033380,0,1730735745,1286830
6212244583180397444,9,1729277878,1286830
6339469370197451004,6,1727722540,1286830
6242640076612403273,2,1725913512,1286830
6240387642451353895,6,1724866463,1286830
6909171012614568211,6,1724175614,1286830
6909171012614434271,6,1724172444,1286830
6909171012611428174,9,1724101202,1286830
5875594803675366104,9,1723666589,1286830
5963413094342372438,9,1721773676,1286830
5842939267310333427,9,1719512588,1286830
5742731639345450362,2,1717439296,1286830
5742731639327022848,9,1717002511,1286830
5759616966668967368,9,1714155213,1286830
5749481331455813573,9,1712078461,1286830
5686430301715481939,9,1710967877,1286830
5679673637670919635,9,1710261776,1286830
5679673637667418649,6,1710178811,1286830
5679673637653387404,9,1709846220,1286830
8033928544494114201,9,1708041454,1286830
5589599109270115536,9,1707513987,1286830
5510784213116870009,2,1706033088,1286830
5395937983679708901,9,1701791875,1286830
5395937983676581851,6,1701717766,1286830
5395937983665309426,9,1701450537,1286830
5229301621591240604,9,1698685037,1286830
5218041989058494605,9,1698089587,1286830
5246188851835211844,9,1697050759,1286830
5480373588783289889,6,1694713724,1286830
5159491482928495679,9,1694556267,1286830
5141476355679757138,9,1694012554,1286830
5141476355677112390,9,1693949874,1286830
5141476355661695126,6,1693584416,1286830
5141476355658554904,3,1693510017,1286830
5839532486215619554,9,1691787278,1286830
5124582150127225508,2,1687960199,1286830
5124581515273928305,9,1687894650,1286830
5124581515251454451,2,1687361748,1286830
5126832680916777142,6,1686731986,1286830
5129083846357458823,9,1686667837,1286830
5129083846353895391,9,1686583371,1286830
6557848386959953367,4,1684254689,1286830
6557848386959947351,4,1684254545,1286830
5138087875083500743,9,1683301455,1286830
5138087875076894593,9,1683144841,1286830
5133583642650530298,9,1682587390,1286830
5133583099810485105,2,1682352883,1286830
5121196841284991916,2,1680705046,1286830
5143713753747542989,6,1680025225,1286830
5143713753747533758,9,1680025005,1286830
5143713753743744309,9,1679935173,1286830
5036749277230382466,9,1675969366,1286830
5035620840549743436,0,1673972448,1286830
5623338145768649806,2,1671534360,1286830
4980448574127600850,9,1670955297,1286830
4980448574127583366,6,1670954879,1286830
4980448574127579218,9,1670954781,1286830
4980448574112708935,9,1670602227,1286830
4789043687474469935,9,1668700844,1286830
6368680725421876640,9,1668105891,1286830
4732747437197910962,3,1667385554,1286830
4706851091173613523,2,1666888131,1286830
4706851091173605721,4,1666887954,1286830
6402455182519981849,9,1666032246,1286830
4607764924150286307,2,1660228992,1286830
4587497456699427679,6,1659458902,1286830
4587497456699347404,9,1659456984,1286830
4587497456695717570,9,1659370213,1286830
4587497456685946388,9,1659136646,1286830
4469272893511295934,2,1654619673,1286830
4348799082189848307,2,1651746631,1286830
4348798430273062505,6,1651117578,1286830
4348797798094492183,0,1651000573,1286830
4348797798090561594,2,1650907338,1286830
4258723269523624821,4,1648496556,1286830
4259848535843054404,2,1647891287,1286830
6154735015633161727,6,1644951743,1286830
6154735015629941816,9,1644875379,1286830
4224936849665733531,6,1639416219,1286830
4224936215402470546,9,1638896360,1286830
4020014731810159251,2,1631556343,1286830
4018887653994980411,2,1630335297,1286830
4032392655087606952,6,1625106763,1286830
4032392655078912247,9,1624900354,1286830
4072920612498322623,3,1620226173,1286830
4074045878076423031,6,1619794743,1286830
4074045878066842403,9,1619567281,1286830
4074045244018903943,9,1619454716,1286830
4048146376715175646,9,1616193600,1286830
5556851879149723092,2,1615828601,1286830
4057152305707848238,6,1614750406,1286830
4060529371721072927,2,1614709269,1286830
4060529371720803759,9,1614702884,1286830
4703417046214644621,9,1613408578,1286830
4703417046204032362,2,1613156521,1286830
4703417046203591527,3,1613146063,1286830
3942305442249820264,9,1610143166,1286830
3879252510649537112,2,1608043563,1286830
3879252510647291739,6,1607989892,1286830
3879252510628270175,9,1607535208,1286830
3856733878313674347,9,1607456122,1286830
3856733878313054032,9,1607441301,1286830
3856733252010383755,3,1606498766,1286830
3884878205229490659,2,1604335775,1286830
3895010671352023682,2,1603730050,1286830
3895010671333723472,2,1603292618,1286830
5422856308630929786,6,1603224429,1286830
5422856308630441968,9,1603212768,1286830
5422856308627093588,9,1603132727,1286830
3819571572126858342,6,1599678236,1286830
3819571572126473072,9,1599669034,1286830
3819571008274867513,9,1599587695,1286830
3978319116854587587,9,1595948122,1286830
6339469370178057965,9,1727262919,444200
5741605105603170597,6,1716373133,444200
5519792046244460611,9,1706097276,444200
5220291886483293454,0,1695817458,444200
5151600576584887160,8,1684945321,444200
5125698536876711037,0,1679513178,444200
5059267908810735063,0,1676469143,444200
5035620840530320485,0,1673511987,444200
4991708208075622612,6,1671047783,444200
4732747437224509706,0,1668016134,444200
4613399405933430701,0,1664901926,444200
4584121659777109440,0,1660741271,444200
4480532526714936743,0,1654713708,444200
4348798430270980051,0,1651068185,444200
4258723269504323188,0,1648038661,444200
4246335198888596066,0,1645012822,444200
4237325463667485470,9,1642594493,444200
4224937392747733218,9,1639569809,444200
4227186657136992300,0,1637147947,444200
4103335143101841064,0,1634731846,444200
5418383147734985460,0,1631786222,444200
4516534149073424577,0,1629202337,444200
4036898156493124453,0,1626272634,444200
4093189347057560589,0,1623073184,444200
4074045244021995032,0,1619528116,444200
4048146376729099922,0,1616524296,444200
4059402835328006571,0,1614088287,444200
4043637702565685115,0,1611667672,444200
3879252510630926152,9,1607598691,444200
3872494575587119062,0,1605174672,444200
3853351107548891038,0,1602152196,444200
4828375451937380903,0,1597762391,444200
3659688711189296162,0,1594796428,444200
3309530667994207020,0,1592317038,444200
3309530667990817590,2,1592236008,444200
3127131079121882822,0,1588173014,444200
2698159409991484174,0,1585056546,444200
2578811485587482054,0,1582100877,444200
2600199781658562681,0,1579018443,444200
3370312875266450565,9,1576588761,444200
3657415303184293679,0,1574162094,444200
2404285581856660652,0,1571219832,444200
2406534841123629750,0,1568793148,444200
3658535001306135607,0,1568646940,444200
2412161173660490820,0,1565771989,444200
2436927798944198745,0,1562749558,444200
2411028931136175312,0,1559738675,444200
2434668385565354243,0,1556026477,444200
2465065785293673034,0,1553675928,444200
2480825216188397999,9,1550742075,444200
2426778849011547089,0,1547626491,444200
2416641943168004544,0,1544000793,444200
2423394806012177073,0,1542050546,444200
2447035533312736840,0,1539094582,444200
2447032995783802940,0,1536670309,444200
2444779293780210999,0,1534864782,444200
2462791699387673045,0,1533027597,444200
2842216343278555294,0,1529428441,444200
2394106188076938353,0,1527137358,444200
2758894130330362413,0,1524574753,444200
2365953485470659605,0,1522222896,444200
4249665521684228105,0,1522222896,444200
2363699280652584175,9,1519806024,444200
4249665521684228476,9,1519806024,444200
2363696743794845609,0,1517384943,444200
4249665521684228957,0,1517384943,444200
2442505391489618517,0,1513672017,444200
4249665521684229488,0,1513672017,444200
2143012757610011029,0,1510217305,444200
4249665521684229735,0,1510217305,444200
2145261379806408785,0,1507738586,444200
4249665521684229970,0,1507738586,444200
2138504078125981914,0,1505301924,444200
4249665521684230093,0,1505301924,444200
2709332890269930165,0,1502958605,444200
4249665521684230318,0,1502958605,444200
2472890725415040575,0,1500408059,444200
4249665521684230428,0,1500408059,444200
1904306757806636664,0,1495588655,444200
4249665521684231009,0,1495588655,444200
1869401952292351567,0,1493815573,444200
4249665521684231601,0,1493815573,444200
75840229370511057,0,1490743474,444200
4249665521684232305,0,1490743474,444200
75837063468518505,0,1487788950,444200
4249665521684232754,0,1487788950,444200
83715191681668028,0,1485297122,444200
4249665521684233384,0,1485297122,444200
91593398118673391,0,1482280257,444200
4249665521684234016,0,1482280257,444200
91591419825402161,9,1480381499,444200
4249665521684234632,9,1480381499,444200
1786409468838652,5,1734516766,518790
1785321795762788,5,1733824981,518790
1784506359172058,5,1733220024,518790
5969041959982388124,5,1721725495,518790
5382426458994889794,5,1701167569,518790
5220292521198412431,5,1696932475,518790
5129083846338948613,5,1686229043,518790
5140340943323417251,5,1684847217,518790
5143713753746237680,5,1679994299,518790
5070528810309922370,5,1678789454,518790
4980448574126474867,5,1670928633,518790
4979322040034484514,5,1670321660,518790
4979322040020485572,5,1669989748,518790
6368680725421614509,5,1668099680,518790
4607764924153980677,5,1660316622,518790
4598755821869103254,5,1658502604,518790
4937651144689509815,5,1657904993,518790
4539082035563093941,5,1657293926,518790
4474904295759622849,5,1656697263,518790
4474904295730740387,5,1656012238,518790
6214419130143362803,5,1655489606,518790
4480532686351572479,6,1654874870,518790
4469272893496642562,5,1654272062,518790
4437747060823340432,5,1653495851,518790
4292505348829307162,5,1653060338,518790
5849624375822114675,9,1652455099,518790
4348799082194060236,5,1651846522,518790
4348798430278563666,6,1651248064,518790
4348797798079342874,0,1650641186,518790
5493837466480325359,4,1649964289,518790
4353300134228932265,5,1649428536,518790
4347669995464239034,5,1648826602,518790
4347669995459626553,9,1648717219,518790
4258723269512234173,9,1648226310,518790
4259848535831757169,5,1647623237,518790
4247462367434590996,5,1646411119,518790
4246335832512380254,5,1645809298,518790
4246335198896614976,6,1645203010,518790
6154735015618476339,5,1644603346,518790
4235074931851446523,5,1643997454,518790
4237326104323700516,5,1643388952,518790
4237325463675585436,5,1642786640,518790
4224939931832244595,5,1642182437,518790
4186653398788005419,0,1636458335,518790
4516534149073313894,5,1629199709,518790
4072920612497148804,5,1620198310,518790
4570566565009388999,5,1618910106,518790
3444639924519304489,5,1593694699,518790
3112496281308811138,5,1590484186,518790
3110243214559843198,5,1588959067,518790
3127131079140136490,5,1588609444,518790
3127131079129289894,5,1588350099,518790
3127131079125755946,4,1588265611,518790
3127131079122418478,5,1588185820,518790
3112493747284375654,5,1588067033,518790
3112492477885458470,5,1586426618,518790
3183419193844965839,5,1582020612,518790
3370312875262397256,4,1576491850,518790
3370312875248835465,5,1576167591,518790
2587811707183877500,5,1575984145,518790
2448197582019666595,5,1573147889,518790
2406534841145984601,7,1569327638,518790
2406534841128190036,5,1568902176,518790
3556075649736773773,5,1566292379,518790
3556075649723147964,5,1565966585,518790
2412160539857675430,5,1565356394,518790
2412159905928998052,5,1564739349,518790
2436926440591556079,5,1562230560,518790
2436926440567019637,5,1561643915,518790
2404270358339578665,5,1557221848,518790
3763229740645792099,5,1555067456,518790
3763229740641926540,5,1554975038,518790
3140604542241641360,5,1552575892,518790
2534869043304598169,5,1551369962,518790
2534869043304564552,5,1551369159,518790
2461683368385270134,5,1549555253,518790
2461683368381593312,5,1549467346,518790
2461683368377482962,5,1549369072,518790
2417769111287534838,6,1545407449,518790
3244179105174685747,5,1545060688,518790
3244179105164374068,5,1544814130,518790
3244179105163598383,5,1544795587,518790
3244179105160477075,5,1544720964,518790
2416641943186096487,5,1544433349,518790
2415515408465855600,5,1543420980,518790
2447035533313033819,5,1539101680,518790
2447035533298270868,5,1538748698,518790
2447035533294901210,7,1538668136,518790
2447035533290874873,7,1538571872,518790
3167611029761177400,5,1538409503,518790
2450412598622360412,5,1538053704,518790
2450411965548292009,5,1537362729,518790
2447032995762155790,5,1536152735,518790
2447032361187082334,5,1535624035,518790
2499943313626870859,5,1529509993,518790
2842216343263747326,5,1529074394,518790
2842216343260182554,5,1528989168,518790
2431262783621203842,5,1528914453,518790
2431262152953137715,5,1528815958,518790
2394102381817422770,5,1523533961,518790
2365952982528688812,5,1521722198,518790
4249665521686709355,5,1521722198,518790
2363699280660793676,7,1520002295,518790
4249665521686709465,7,1520002295,518790
2363699280657116511,5,1519914381,518790
4249665521686709825,5,1519914381,518790
2284879949503627558,5,1513785037,518790
4249665521686711127,5,1513785037,518790
2442505391476004134,5,1513346501,518790
4249665521686711390,5,1513346501,518790
2152021858892904994,5,1511966003,518790
4249665521686711506,5,1511966003,518790
2143012757611142435,7,1510244355,518790
4249665521686712168,7,1510244355,518790
2143012757606728110,5,1510138812,518790
4249665521686712310,5,1510138812,518790
2140760316586480479,5,1509546616,518790
4249665521686712423,5,1509546616,518790
2140759684342546195,6,1509023836,518790
4249665521686712544,6,1509023836,518790
2139632606735605721,5,1508243273,518790
4249665521686712776,5,1508243273,518790
2149763711086575625,5,1505898417,518790
4249665521686713386,5,1505898417,518790
2127244540318662469,5,1504776961,518790
4249665521686713966,5,1504776961,518790
2095718613766277295,5,1504183884,518790
4249665521686714407,5,1504183884,518790
2709332890270636584,5,1502975496,518790
4249665521686715019,5,1502975496,518790
1980870483555545632,5,1498131451,518790
4249665521686716184,5,1498131451,518790
4249665521686716295,5,1498063150,518790
1980870483551550483,5,1498035933,518790
4249665521686716414,5,1498035933,518790
4249665521686716648,5,1497530890,518790
3044845282384101355,5,1497453968,518790
4249665521686716786,5,1497453968,518790
1967358417049119610,5,1497279763,518790
4249665521686717080,5,1497279763,518790
1904307386950336340,7,1496218427,518790
4249665521686717344,7,1496218427,518790
1904306757826244867,5,1496057489,518790
4249665521686717449,5,1496057489,518790
1869401952310468570,5,1494248759,518790
4249665521686718146,5,1494248759,518790
1869401952299469450,5,1493985760,518790
4249665521686718259,5,1493985760,518790
1858142318027030025,5,1493285890,518790
4249665521686718948,5,1493285890,518790
1858141774303188928,5,1492680548,518790
4249665521686719175,5,1492680548,518790
75841595765428369,5,1492516364,518790
4249665521686719420,5,1492516364,518790
75840229397570757,5,1491390457,518790
4249665521686719755,5,1491390457,518790
75840229372031411,5,1490779825,518790
4249665521686720117,5,1490779825,518790
75839596808591610,5,1490264158,518790
4249665521686720468,5,1490264158,518790
75838960583916302,5,1489578881,518790
4249665521686721004,5,1489578881,518790
75837698141830657,5,1488560611,518790
4249665521686721432,5,1488560611,518790
75837698140869739,5,1488537638,518790
4249665521686721545,5,1488537638,518790
75837063474553170,5,1487933234,518790
4249665521686721875,5,1487933234,518790
75837063471205536,5,1487853194,518790
4249665521686721986,5,1487853194,518790
75836429559347705,5,1487688444,518790
4249665521686722087,5,1487688444,518790
75836429544554982,5,1487334747,518790
4249665521686722187,5,1487334747,518790
75836429541335241,5,1487257766,518790
4249665521686722296,5,1487257766,518790
1794014851385334,2,1741773611,761890
1792751526007249,9,1740660319,761890
1792751525970294,9,1740564081,761890
1791482680853286,2,1739354932,761890
1790214123211273,9,1738588547,761890
1786409468838205,2,1734516011,761890
1784506359205047,2,1733306582,761890
1783872411943167,9,1732096839,761890
6148070194801557994,2,1730887432,761890
6212245217911952084,3,1730121229,761890
6212245217911946792,9,1730109670,761890
6341720536498531052,2,1726653654,761890
6242640076592596331,9,1725444057,761890
5875595438706415912,9,1724764384,761890
5875595438684143497,2,1724236443,761890
5963414363386347462,2,1723024832,761890
5969041959978883917,9,1721642446,761890
5842939267323694295,2,1719829277,761890
5842939267314673760,9,1719611559,761890
6890025005363009691,2,1718618403,761890
5742731639325939309,2,1716976845,761890
6474562312195396001,9,1713178999,761890
5686430301732089571,9,1711361528,761890
5302486387994037536,9,1699439689,761890
5138087875094358651,9,1683558935,761890
5143713753747385446,9,1680021492,761890
5035620387702316054,9,1673268182,761890
4705721386244087631,9,1663149900,761890
4606641560263406064,9,1662998328,761890
4598757090467831671,9,1660040591,761890
4937651144702999209,9,1658224985,761890
4474904295773199967,9,1657019325,761890
6214419350719462516,9,1655743792,761890
4348797798089447905,9,1650880932,761890
4247462367426596338,9,1646221481,761890
4237326104315411253,2,1643192334,761890
4224936849664781267,9,1639393639,761890
4224935490632354042,9,1637766152,761890
4101082696717510622,0,1634119766,761890
5418383147753407236,9,1632223433,761890
4038025325468840335,2,1627467728,761890
4032392655085145860,9,1625048336,761890
4032392655082643301,9,1624988935,761890
4056035920050734439,9,1623838987,761890
4072920612501442243,2,1620300260,761890
4570566565005914732,2,1618827610,761890
4026755437315845645,9,1617100982,761890
4026754911344691450,9,1616669564,761890
4048146376706296573,0,1615982785,761890
4057152305708646397,9,1614769359,761890
4051520269925522983,9,1612438895,761890
4050393736356023750,9,1612263110,761890
4090922416495235261,9,1608211377,761890
3856733878291217953,9,1606919321,761890
3872494575606330611,9,1605632939,761890
3895010671333367347,6,1603283605,761890
3854477638700447466,9,1602675781,761890
3715990047690575807,2,1600859254,761890
4249665521693531307,9,1600086470,761890
3788045105523774118,9,1598533000,761890
3444640809411300756,2,1594031474,761890
3384966595884505740,2,1592827804,761890
3309530667979931438,9,1591975728,761890
3157533548741249677,9,1591281206,761890
4742798964253610564,9,1589885503,761890
3110243214552327483,9,1588779377,761890
3127131079142819058,9,1588673584,761890
3112493747263029410,9,1587556649,761890
2978509755342039437,6,1585751057,761890
2984138620240957545,2,1585136271,761890
2579938650945556505,9,1583942939,761890
2579938650919623832,9,1583322903,761890
2578812118948698690,9,1582713059,761890
2578811485587966663,9,1582112462,761890
2578810848679725563,9,1581504274,761890
2609208878376437563,2,1580297943,761890
3690071589855795656,9,1579532531,761890
2592316573915532220,9,1578391215,761890
3370312875248912175,3,1576169425,761890
2551782186262400832,9,1575037165,761890
2451574645854478315,2,1572444295,761890
2426802943979266524,2,1570627024,761890
2422298078080414775,2,1569429705,761890
2406534841128302401,9,1568904862,761890
2406534841124026289,2,1568802629,761890
2415540140456201424,2,1567082116,761890
2412161173664458938,6,1565866860,761890
2412159905922297465,9,1564579151,761890
2436927798944856364,9,1562765280,761890
2415533798127767452,2,1560940001,761890
2408777766655022491,6,1560853957,761890
2408777766637408380,4,1560432813,761890
2408775863533826080,3,1558968647,761890
2408775863515053001,2,1558519800,761890
2405396896208578662,9,1557407176,761890
2404270358340317905,9,1557239521,761890
2434668385543779680,9,1555510640,761890
2530366080591432725,9,1551870061,761890
2480825216184867310,2,1550657662,761890
2462808914513714270,9,1548857559,761890
2425653583396311466,2,1548673043,761890
2417771014044388150,2,1547030111,761890
3244179105159432414,9,1544695991,761890
2416641943168242395,2,1544006480,761890
2423394805996818541,9,1541683328,761890
2407631646389580221,9,1541503510,761890
2403127338432441255,9,1540554522,761890
2403127338428586740,2,1540462370,761890
2448162067115995136,9,1539165895,761890
2447035533297756462,9,1538736400,761890
2450412598618922612,9,1537971511,761890
2447032995765535902,2,1536233549,761890
2447032995762443941,6,1536159624,761890
2444779293783142182,2,1534934864,761890
2444779293757739624,2,1534327508,761890
2454911758736596861,2,1533728269,761890
2434643023997037973,2,1531305133,761890
2499943313651370212,2,1530095715,761890
2499943313626297055,9,1529496276,761890
2431262152930701427,2,1528279542,761890
1793384379343325,6,1741188144,291550
1792751525977532,6,1740582104,291550
1790848102590397,6,1738772809,291550
1788945554761405,6,1736958646,291550
1784506359216234,6,1733333659,291550
6148070194801569786,6,1730916254,291550
6212244583172350362,6,1729087210,291550
6339469370178450023,9,1727272203,291550
6250522009510684116,6,1726088448,291550
6242640076615689520,2,1725991387,291550
6240387642450812925,6,1724853651,291550
5963414363386955715,6,1723039245,291550
5969041959961544984,6,1721231426,291550
5747236506607073239,6,1718206528,291550
5741605105603834331,6,1716388861,291550
5766372999939931265,6,1714568450,291550
5762993398269520592,6,1712760708,291550
5686430301714289592,6,1710939633,291550
5728086065178503516,6,1708526736,291550
5589599109262343259,6,1707329811,291550
5410576585130370918,9,1703174040,291550
5395937983657540171,6,1701266437,291550
5246188851834302664,6,1697029221,291550
5220291886487181752,9,1695909616,291550
5124585954863109648,6,1691586019,291550
5124584686242428926,6,1690377154,291550
5124582150178121981,6,1689166804,291550
5124581515251213507,6,1687356045,291550
5138087875075948202,6,1683122413,291550
5035622109506763798,9,1674678459,291550
4606641560246145357,6,1662588906,291550
4069544815352861166,6,1622040010,291550
2413288973185337402,6,1567606203,291550
2415540140456085269,6,1567079339,291550
2416665403766333703,6,1566401494,291550
2412161173661203135,6,1565789020,291550
2412160539854337400,6,1565276590,291550
2412159905922540671,6,1564584966,291550
2413285168840555316,6,1563980369,291550
2413284533089010964,6,1563376086,291550
2436927798945049735,6,1562769904,291550
2436926440589069468,9,1562171107,291550
2436926440563415649,6,1561557745,291550
2411028931155528707,6,1560201392,291550
2411028931136458556,6,1559745445,291550
2400895196204858299,6,1559225968,291550
2408775863515485114,6,1558530131,291550
2405396896223182527,6,1557756349,291550
2405396896205188530,6,1557326123,291550
2404270358318627240,6,1556720907,291550
2432417221739075508,6,1556278386,291550
2434668385543833146,6,1555511918,291550
2507851250557701287,6,1554905895,291550
2508976515640108959,9,1554306521,291550
2465065785294677491,6,1553699935,291550
2543878145168554601,6,1553097773,291550
3140604542241461757,6,1552571596,291550
2534869043300876568,6,1551280985,291550
2480825216185678308,6,1550677049,291550
2465061982068468023,6,1550069001,291550
2461683368381444219,6,1549463782,291550
2462808914513945575,6,1548863088,291550
2425653583378948478,6,1548257857,291550
2426778849012557175,6,1547650639,291550
2417771014045122487,6,1547047668,291550
2417769111330655067,6,1546438445,291550
2417769111305476293,6,1545836419,291550
2417769111280166015,6,1545231316,291550
2416641943168863422,6,1544021327,291550
2415515408465916993,6,1543422448,291550
2407631646390318319,6,1541521155,291550
2403127338447783863,6,1540921346,291550
2403127338425546565,6,1540389685,291550
2403126706513109121,6,1539795525,291550
2448162067116507941,6,1539178156,291550
2447035533291336621,6,1538582911,291550
2450412598618883099,6,1537970566,291550
2450411965548484792,6,1537367338,291550
2454914931395527294,9,1536762391,291550
2447032995762344160,6,1536157239,291550
2447032361184270251,9,1535556800,291550
2444779293783664646,6,1534947356,291550
2444779293758557128,9,1534347054,291550
2454911758736344153,6,1533722229,291550
2451533424631364602,6,1533138329,291550
2462791699367088438,9,1532535426,291550
2412125660630365154,6,1531910927,291550
2434643023997818206,9,1531323787,291550
2499943313652140501,6,1530114129,291550
2431262783620983630,9,1528909188,291550
2396358621994224954,9,1527699932,291550
2391853754532193397,9,1526481965,291550
2394104285092325916,6,1525283689,291550
2758894130309027983,9,1524064668,291550
2394101748795344422,9,1522857618,291550
3819571572131228977,9,1522857618,291550
2365952982525572571,9,1521647690,291550
3819571572131229077,9,1521647690,291550
2363700548700929940,6,1521068958,291550
3819571572131229184,6,1521068958,291550
2363699913368093945,9,1520447816,291550
3819571572131229309,9,1520447816,291550
2361446846763023242,9,1519229467,291550
3819571572131229423,9,1519229467,291550
2363698013321456330,6,1518618786,291550
3819571572131229537,6,1518618786,291550
2363697377446454362,6,1518020947,291550
3819571572131229624,6,1518020947,291550
2363696743796293676,9,1517419563,291550
3819571572131229719,9,1517419563,291550
2356940714978612462,9,1516811243,291550
3819571572131229827,9,1516811243,291550
2356940080939236283,9,1516204857,291550
3819571572131229922,9,1516204857,291550
2298392651776711629,9,1515602375,291550
3819571572131230015,9,1515602375,291550
2284879949504744900,9,1513811748,291550
3819571572131230103,9,1513811748,291550
2442505391470576787,6,1513216745,291550
3819571572131230174,6,1513216745,291550
2152021858894267790,9,1511998586,291550
3819571572131230252,9,1511998586,291550
2149769425912914329,9,1511401178,291550
3819571572131230332,9,1511401178,291550
2486412956099838257,9,1510799137,291550
3819571572131230415,9,1510799137,291550
2143012757608364271,9,1510177929,291550
3819571572131230493,9,1510177929,291550
2140759684340669402,6,1508978958,291550
3819571572131230575,6,1508978958,291550
3111284858369636751,9,1508386681,291550
3819571572131230653,9,1508386681,291550
2139632606715830468,9,1507770442,291550
3819571572131230743,9,1507770442,291550
3819571572131230817,9,1507155852,291550
2145261379782036948,9,1507155852,291550
3819571572131230889,9,1506547421,291550
2175660043462197673,9,1506547421,291550
3819571572131230976,9,1505950208,291550
2149763711088741891,9,1505950208,291550
3819571572131231074,9,1505340876,291550
2138504078127611105,9,1505340876,291550
3819571572131231222,9,1504729645,291550
2127244445195759641,9,1504729645,291550
3819571572131231297,6,1504121464,291550
2095718613763666676,6,1504121464,291550
3819571572131231374,9,1503537500,291550
2094592080065839792,9,1503537500,291550
3819571572131231455,9,1502926846,291550
2093465546038705516,9,1502926846,291550
3819571572131231519,9,1502319524,291550
2093464278180302690,9,1502319524,291550
3819571572131231586,9,1501719795,291550
2093464278155219949,9,1501719795,291550
3819571572131231651,9,1501112692,291550
2093463643449994831,9,1501112692,291550
3819571572131231715,9,1500502929,291550
2079952210065962117,9,1500502929,291550
3819571572131231787,6,1499893785,291550
2472890725393531984,6,1499893785,291550
3819571572131231848,6,1499294905,291550
2564086801884221903,6,1499294905,291550
3819571572131231914,9,1498696562,291550
2564086801859197345,9,1498696562,291550
3819571572131231976,9,1498096495,291550
1980870483554083608,9,1498096495,291550
3819571572131232043,9,1497484236,291550
3044845282385367354,9,1497484236,291550
3819571572131232108,9,1496880061,291550
1967358417032402820,9,1496880061,291550
3819571572131232164,9,1496278915,291550
1904307386952866271,9,1496278915,291550
3819571572131232223,9,1495661333,291550
1904306757809676512,9,1495661333,291550
3819571572131232283,9,1495070274,291550
1904306118439145056,9,1495070274,291550
3819571572131232342,9,1494458807,291550
1876157984143853963,9,1494458807,291550
3819571572131232404,2,1493938941,291550
1869401952297511335,2,1493938941,291550
3819571572131232467,9,1493857503,291550
1869401952294105255,9,1493857503,291550
3819571572131232528,9,1493244671,291550
1858142318025306187,9,1493244671,291550
3819571572131232594,9,1492036537,291550
75840229424592488,9,1492036537,291550
3819571572131232653,9,1491437186,291550
75840229399525250,9,1491437186,291550
3819571572131232712,9,1490838352,291550
75840229374479520,9,1490838352,291550
3819571572131232772,9,1490225055,291550
75839596806956233,9,1490225055,291550
3819571572131232844,9,1489621450,291550
75838960585696785,9,1489621450,291550
3819571572131232912,9,1489019706,291550
75838332254734884,9,1489019706,291550
3819571572131232973,9,1488414247,291550
75837698135708996,9,1488414247,291550
3819571572131233043,9,1487806502,291550
75837063469252663,9,1487806502,291550
3819571572131233105,9,1487204026,291550
75836429539087701,9,1487204026,291550
3819571572131233165,9,1486594738,291550
75835794571637525,9,1486594738,291550
3819571572131233228,9,1485992703,291550
75835160687626418,9,1485992703,291550
3819571572131233291,0,1485380845,291550
83715191685169713,0,1485380845,291550
3819571572131233355,9,1484776524,291550
83715191659894847,9,1484776524,291550
3819571572131233417,9,1484170893,291550
84840457393180624,9,1484170893,291550
3819571572131233478,9,1483571366,291550
84839823693816395,9,1483571366,291550
3819571572131233537,6,1482357840,291550
91593954389220871,6,1482357840,291550
3819571572131233600,6,1481765027,291550
91593398097124207,6,1481765027,291550
3819571572131233660,9,1481153964,291550
91592690488200857,9,1481153964,291550
3819571572131233728,6,1480544078,291550
91592053102805781,6,1480544078,291550
3819571572131233787,9,1479925853,291550
91591419806345372,9,1479925853,291550
3819571572131233849,9,1479344459,291550
127619582116965079,9,1479344459,291550
3819571572131233906,6,1478725070,291550
136626147594968252,6,1478725070,291550
3819571572131233973,9,1478112547,291550
182787402037545083,9,1478112547,291550
3819571572131234037,6,1477525135,291550
212060165289572557,6,1477525135,291550
3819571572131234097,9,1476923989,291550
234577531160339439,9,1476923989,291550
3819571572131234158,9,1476293889,291550
241332296591434594,9,1476293889,291550
3819571572131234222,2,1475771715,291550
243583460799610249,2,1475771715,291550
3819571572131234281,9,1475707078,291550
243583460796906816,9,1475707078,291550
3819571572131234343,9,1475099045,291550
243582826882237401,9,1475099045,291550
3819571572131234401,9,1474510562,291550
243582192023656348,9,1474510562,291550
3819571572131234459,9,1473893085,291550
243581623177477463,9,1473893085,291550
3819571572131234514,9,1473285760,291550
243580289136645713,9,1473285760,291550
3819571572131234580,9,1472684389,291550
243580289111494425,9,1472684389,291550
3819571572131234648,9,1472091618,291550
250335145778158146,9,1472091618,291550
3819571572131234709,2,1471461423,291550
252586225970112070,2,1471461423,291550
3819571572131234771,9,1470858304,291550
252584970552740900,9,1470858304,291550
3819571572131234830,9,1470264700,291550
252584970527916571,9,1470264700,291550
3819571572131234896,9,1469649126,291550
252584317719394491,9,1469649126,291550
3819571572131234957,6,1469040441,291550
251457560639764020,6,1469040441,291550
3819571572131235021,9,1468462831,291550
258212550623988475,9,1468462831,291550
3819571572131235083,6,1467851734,291550
257086017095937869,6,1467851734,291550
3819571572131235142,9,1467259670,291550
250329347088753851,9,1467259670,291550
3819571572131235199,9,1466615428,291550
250329347061809206,9,1466615428,291550
3819571572131235320,9,1466030200,291550
250328712422508051,9,1466030200,291550
3819571572131235382,2,1465398823,291550
3819571572131235447,9,1464830063,291550
249201544483577148,9,1464830063,291550
3819571572131235510,9,1464229382,291550
255956312797274793,9,1464229382,291550
3819571572131235572,9,1463607531,291550
255955672053972886,9,1463607531,291550
3819571572131235626,6,1462990206,291550
255955041673523569,6,1462990206,291550
3819571572131235685,9,1462393559,291550
255954406936231063,9,1462393559,291550
3819571572131235741,9,1461810939,291550
255953775612503833,9,1461810939,291550
3819571572131235799,9,1461186930,291550
255953140169451968,9,1461186930,291550
3819571572131235864,9,1460583455,291550
260454846527788048,9,1460583455,291550
3819571572131235986,9,1459967672,291550
260454846502034389,9,1459967672,291550
260454846477420143,9,1459379140,291550
3819571572131236051,9,1459379140,291550
3819571572131236112,9,1458756690,291550
272839101167413406,9,1458756690,291550
272838467468462146,9,1458167032,291550
3819571572131236172,9,1458167032,291550
295355835668447129,9,1457550947,291550
3819571572131236231,9,1457550947,291550
295355202036602673,9,1456961306,291550
3819571572131236297,9,1456961306,291550
295354567830655462,9,1456333338,291550
3819571572131236362,9,1456333338,291550
295354025622751625,9,1455772328,291550
3819571572131236418,9,1455772328,291550
3819571572131236493,6,1455158820,291550
295352659735776330,2,1454712201,291550
3819571572131236551,2,1454712201,291550
295352659731247676,9,1454603927,291550
3819571572131236616,9,1454603927,291550
341514010375892099,9,1453943786,291550
3819571572131236674,9,1453943786,291550
341514010375888032,2,1453943689,291550
3819571572131236737,2,1453943689,291550
341514010375880440,6,1453943507,291550
3819571572131236798,6,1453943507,291550
341513286999506161,9,1453342157,291550
3819571572131236919,9,1453342157,291550
341512658306304908,9,1452728576,291550
3819571572131236982,9,1452728576,291550
341512023073616391,9,1452120268,291550
3819571572131237039,9,1452120268,291550
3819571572131237095,2,1452120113,291550
3819571572131237154,6,1452119907,291550
3819571572131237218,6,1451506071,291550
3819571572131237277,6,1450974013,291550
377538916266481048,2,1450453706,291550
3819571572131237341,2,1450453706,291550
377538916260297349,6,1450305855,291550
3819571572131237402,6,1450305855,291550
377538916260284745,2,1450305554,291550
3819571572131237462,2,1450305554,291550
377538367932836994,9,1449762477,291550
3819571572131237520,9,1449762477,291550
377537649170752936,9,1449103605,291550
3819571572131237576,9,1449103605,291550
3819571572131237635,2,1449103526,291550
377537016001582470,2,1448470290,291550
3819571572131237695,2,1448470290,291550
377536475379617275,9,1447972687,291550
3819571572131237758,9,1447972687,291550
3819571572131237819,6,1447972629,291550
378661646681445777,9,1447280620,291550
3819571572131237894,9,1447280620,291550
378661646681426062,2,1447280149,291550
3819571572131237952,2,1447280149,291550
3819571572131238075,6,1446599272,291550
378660375674041696,9,1446165834,291550
3819571572131238131,9,1446165834,291550
371904342325117728,2,1445469716,291550
3819571572131238248,2,1445469716,291550
371904342321960514,9,1445394227,291550
3819571572131238308,9,1445394227,291550
3819571572131238369,2,1445393862,291550
369651273097918821,2,1444758906,291550
3819571572131238494,2,1444758906,291550
369651273083531978,9,1444414904,291550
3819571572131238612,9,1444414904,291550
3819571572131238681,2,1444414897,291550
405678801269464052,2,1443192959,291550
3819571572131238863,2,1443192959,291550
405678801267177366,9,1443138283,291550
3819571572131238921,9,1443138283,291550
405677787260386467,3,1442265708,291550
3819571572131239182,3,1442265708,291550
405677787249534328,9,1442006220,291550
3819571572131239248,9,1442006220,291550
3819571572131239313,2,1442006197,291550
409054598160512180,7,1441212728,291550
3819571572131239429,7,1441212728,291550
409053962655476567,9,1440786406,291550
3819571572131239544,9,1440786406,291550
409053962650483977,7,1440667034,291550
3819571572131239598,7,1440667034,291550
409053962649492264,9,1440643322,291550
3819571572131239656,9,1440643322,291550
423688416240441362,7,1438961624,291550
3819571572131239714,7,1438961624,291550
423688416237492884,9,1438891123,291550
3819571572131239779,9,1438891123,291550
3819571572131239840,2,1438890750,291550
423687491921540070,7,1438100279,291550
3819571572131239896,7,1438100279,291550
423687491908116999,9,1437779317,291550
3819571572131239959,9,1437779317,291550
423687491908112722,2,1437779214,291550
3819571572131240025,2,1437779214,291550
431567758205522302,9,1436550365,291550
3819571572131240141,9,1436550365,291550
431567758205521499,2,1436550346,291550
3819571572131240200,2,1436550346,291550
424810855068712223,2,1435291310,291550
3819571572131240260,2,1435291310,291550
499119164384699446,2,1434663873,291550
3819571572131240317,2,1434663873,291550
499119164382014040,6,1434599665,291550
3819571572131240377,6,1434599665,291550
519383914578467002,2,1432936468,291550
3819571572131240438,2,1432936468,291550
518257376271291239,9,1432352691,291550
3819571572131240504,9,1432352691,291550
518256108452569655,9,1431114695,291550
3819571572131240560,9,1431114695,291550
518256108449081111,9,1431031284,291550
3819571572131240614,9,1431031284,291550
517128939710291785,9,1429910499,291550
3819571572131240675,9,1429910499,291550
517128939706833097,9,1429827800,291550
3819571572131240729,9,1429827800,291550
517128413767429760,2,1429303639,291550
3819571572131240792,2,1429303639,291550
517128117650677106,2,1429047776,291550
3819571572131240847,2,1429047776,291550
517128117647291207,9,1428966817,291550
3819571572131240912,9,1428966817,291550
517127039061537797,9,1428677024,291550
3819571572131241041,9,1428677024,291550
517125768659342104,2,1427216135,291550
3819571572131241227,2,1427216135,291550
517125768642079111,9,1426803356,291550
3819571572131241345,9,1426803356,291550
515997975635242471,9,1425077109,291550
3819571572131241404,9,1425077109,291550
515997419751368701,9,1424392206,291550
3819571572131241525,9,1424392206,291550
510365936299141505,2,1422659248,291550
3819571572131241592,2,1422659248,291550
510365936298387493,2,1422641220,291550
3819571572131241716,2,1422641220,291550
519372501697784619,9,1421872216,291550
3819571572131241783,9,1421872216,291550
521623031797265997,9,1420841206,291550
3819571572131241908,9,1420841206,291550
524998829439402002,9,1419368838,291550
3819571572131241971,9,1419368838,291550
524998829375764141,9,1419285755,291550
3819571572131242029,9,1419285755,291550
524998195242814222,9,1418418190,291550
3819571572131242156,9,1418418190,291550
522745035848062469,9,1416954970,291550
3819571572131242211,9,1416954970,291550
522744579279041631,2,1416526545,291550
3819571572131242324,2,1416526545,291550
522743866521557879,9,1415810662,291550
3819571572131242456,9,1415810662,291550
521613086710962976,9,1411162040,291550
3819571572131242514,9,1411162040,291550
521612880955628552,9,1410989539,291550
3819571572131242637,9,1410989539,291550
544128976512087902,9,1409236680,291550
3819571572131242695,9,1409236680,291550
552009641994521594,9,1409065903,291550
3819571572131242814,9,1409065903,291550
552009641994469487,2,1409065884,291550
3819571572131242877,2,1409065884,291550
564391378555311305,7,1405533024,291550
3819571572131242939,7,1405533024,291550
567768347838158757,9,1405357246,291550
3819571572131243001,9,1405357246,291550
567768347586160504,9,1405019515,291550
3819571572131243126,9,1405019515,291550
3188858977925143195,2,1400879626,291550
3819571572131243185,2,1400879626,291550
3188858977861734533,9,1400776881,291550
3819571572131243245,9,1400776881,291550
920170104178116101,9,1400105515,291550
3819571572131243308,9,1400105515,291550
919042869077079233,2,1399005935,291550
3819571572131243367,2,1399005935,291550
919042869024067419,2,1398922425,291550
3819571572131243425,2,1398922425,291550
1786409468849463,9,1734543791,219990
5759622039976419575,6,1718891676,219990
6560117310267836068,9,1700227371,219990
6560117310264896164,9,1700157685,219990
2468465044720727550,9,1574447038,219990
2412160539851710984,2,1565213796,219990
3822871998310444689,9,1525971475,219990
2361446846763103088,6,1519231376,219990
3819571572130094055,6,1519231376,219990
2284879949501413512,9,1513732104,219990
3819571572130094914,9,1513732104,219990
2152021858900615936,7,1512150358,219990
3819571572130095269,7,1512150358,219990
2486412956103175708,2,1510878928,219990
3819571572130095611,2,1510878928,219990
75835955392917840,9,1486751233,219990
3819571572130099647,9,1486751233,219990
91593398117568926,9,1482252988,219990
127619582136671712,6,1479815478,219990
3819571572130100664,9,1472059804,219990
252586225995138120,9,1472059804,219990
3819571572130101896,2,1458314188,219990
341512658306121391,9,1452724188,219990
3819571572130103150,9,1452724188,219990
377537016008114237,6,1448626327,219990
405677533509261559,7,1441925150,219990
3819571572130104004,7,1441925150,219990
410179229580220648,9,1440263726,219990
3819571572130104271,9,1440263726,219990
499119164388733496,4,1434760329,219990
3819571572130104536,4,1434760329,219990
3819571572130104805,9,1434137591,219990
515998514266869500,7,1426020745,219990
3819571572130105871,7,1426020745,219990
524998829379664057,2,1419290598,219990
3819571572130106897,2,1419290598,219990
521616306754946555,9,1414425361,219990
3819571572130107616,9,1414425361,219990
521612247015611769,7,1410384058,219990
3819571572130108074,7,1410384058,219990
3171973016532059530,2,1403231694,219990
3819571572130108508,2,1403231694,219990
919037794517954873,4,1394217392,219990
3819571572130109144,4,1394217392,219990
1027114127619619854,2,1384397062,219990
3819571572130109807,2,1384397062,219990
1794102528072386,0,1741869503,552990
1793384379343811,0,1741189629,552990
1790848102622326,9,1738855205,552990
1789580505339885,3,1737725565,552990
1789039014336005,6,1737036712,552990
1788311419011184,0,1736417038,552990
1785321795640816,0,1733495900,552990
1784506358979289,9,1732716964,552990
6148070194801599030,9,1730993829,552990
6146943657173874006,9,1730311086,552990
6931694080291316911,9,1728562826,552990
6350729003490692990,9,1727878016,552990
6250522009513586846,9,1726157234,552990
6242640076593125083,6,1725456584,552990
6909171012593645202,9,1723679702,552990
5963414363387383535,9,1723049382,552990
5969041959961829171,0,1721238153,552990
5842939267356982958,0,1720618285,552990
5759622039973840268,0,1718833373,552990
5747236506607063925,9,1718206305,552990
5741605105607712089,0,1716480761,552990
5747233970415315214,9,1715789312,552990
5762994032390744533,0,1713443113,552990
5762993398272445950,3,1712830046,552990
5686430301718340840,9,1711035638,552990
5686429670868437565,6,1710350745,552990
8033928544492470587,0,1708002491,552990
5589599109264889889,0,1707390173,552990
5510783579247406185,3,1704906044,552990
5395938616794485577,6,1701955816,552990
5302486388002024663,3,1699628952,552990
5218041989046713419,0,1697810277,552990
5218041989045988410,0,1697793099,552990
5246188851834717543,9,1697039041,552990
5220291886490988193,3,1695999829,552990
5219165352623737462,6,1695301827,552990
5141475722327481601,6,1692891656,552990
5127964289168968036,0,1692184534,552990
5124584686246516107,0,1690474035,552990
5124584051969964370,0,1689862755,552990
5124581515254118056,3,1687424893,552990
5129083846339696640,3,1686246769,552990
5151600576603152148,0,1685378383,552990
5151600576583970353,3,1684923597,552990
5133583642654735439,3,1682687051,552990
6539831519505539587,3,1681865968,552990
5121196841288725432,3,1680793539,552990
6839319551982561126,3,1680197110,552990
5125698536875175034,3,1679476779,552990
5036749277246781705,3,1676358057,552990
5035622743882981207,3,1675415290,552990
5035622109510031420,3,1674755878,552990
5035622109509846117,0,1674751497,552990
5035621474424700480,0,1674459236,552990
5035621474407528317,3,1674052183,552990
4980448574108780338,6,1670509138,552990
4979322040036008893,3,1670357783,552990
4789043687474895168,3,1668710990,552990
4706851091188820722,3,1667248590,552990
4714731755413092063,3,1666292701,552990
6402455182505579454,3,1665690725,552990
4613399405936955026,3,1664985478,552990
6258337460544215255,3,1663261064,552990
6258337460544118146,0,1663258764,552990
4606641560255215254,0,1662804022,552990
4621277624706086833,3,1662399683,552990
4514316500007278342,3,1661542213,552990
4584121659781508069,3,1660845593,552990
4584121659781343337,6,1660841687,552990
4598757090464991054,3,1659972972,552990
4587497456681364155,0,1659027103,552990
4598755821867961819,3,1658475550,552990
4598755821866074931,0,1658430794,552990
4591999790062361597,3,1657702779,552990
4474904295756055050,0,1656612648,552990
4474904295730526209,3,1656007163,552990
4480533160883158159,0,1655317118,552990
4480532686366920491,3,1655238860,552990
4469272893493270036,0,1654192058,552990
4437747060824399273,3,1653520965,552990
5849624375837091976,0,1652810399,552990
5849624375832931834,3,1652711737,552990
4288001105332969003,9,1652289664,552990
4348799082186807465,0,1651674502,552990
4348798430275874366,0,1651184262,552990
4348797798076502155,3,1650573807,552990
4348797798072015607,0,1650467390,552990
5493837466493842739,0,1650287477,552990
5493837466479661235,3,1649948414,552990
4353300134244018144,3,1649786427,552990
4347669995461625943,3,1648764634,552990
4258723269512493351,3,1648232456,552990
4259848535842665142,3,1647882058,552990
5631194088576754063,3,1647358890,552990
5631194088558746938,3,1646931662,552990
4247462367439493189,3,1646527442,552990
4246335832512547775,3,1645813270,552990
4246335198907725936,0,1645466632,552990
4246335198886853118,0,1644971467,552990
4235074931848276990,0,1643922277,552990
4237326104319963519,3,1643300331,552990
4224939931846485011,0,1642520349,552990
4224938027300033156,3,1640280172,552990
5320438099036492895,3,1639674604,552990
5320438099036268621,3,1639669283,552990
4224936849665531268,2,1639411422,552990
4224936215402236373,3,1638890800,552990
4224935490636048829,3,1637853784,552990
4227186657140425004,3,1637229401,552990
4227186657137722237,0,1637165266,552990
4186653398789210532,0,1636486918,552990
4186652357024857227,0,1635445937,552990
4186652357024560362,0,1635438911,552990
4103335143109773238,3,1634920045,552990
4101082696718388312,3,1634140576,552990
3938951840898449430,0,1633441717,552990
3936699406869963005,0,1632404761,552990
4020014099107818007,3,1631053201,552990
4018887653980736754,0,1629997221,552990
4022264629308598108,3,1629314325,552990
4032396530955884796,3,1628530017,552990
4038025325473191218,3,1627570994,552990
4038024692286179738,3,1626962413,552990
4036897704066982379,0,1626110215,552990
4032392655060792380,3,1624470194,552990
5019805792179492679,0,1623768408,552990
4093189347047218837,3,1622827601,552990
4069544815355992669,0,1622114362,552990
4767601588128610101,0,1621339669,552990
4074045878073283289,3,1619720190,552990
4074045244000987699,3,1619029295,552990
4117954073013818244,3,1618244210,552990
4023377846275286713,0,1617286661,552990
4026754911345128992,0,1616679956,552990
4026754911344794776,3,1616672017,552990
5556851879150029101,0,1615835866,552990
4060529371702730994,3,1614273717,552990
4059402835309820981,6,1613656400,552990
4703417046218048158,3,1613489411,552990
4051520269926443539,3,1612460944,552990
4043637702544151608,3,1611156229,552990
4483864038819838422,3,1611045488,552990
4483864038817229821,0,1610983528,552990
4090922416498942206,6,1608299974,552990
3886008544064471266,3,1608136997,552990
3879252510649857442,9,1608051217,552990
3856733252025134607,3,1606851391,552990
3895010671355310412,6,1603808591,552990
3853351107549689103,3,1602171266,552990
3807188575844795372,0,1601458772,552990
3819571572130147521,3,1599756509,552990
3819571008257162432,6,1599164406,552990
3788045105542653060,3,1598984341,552990
4828375451919376340,3,1597331916,552990
3664193578978762916,3,1596568695,552990
3978319116837152495,0,1595531268,552990
4738301002615220542,3,1595269512,552990
4738301002604139996,0,1595004571,552990
3898379576089918739,3,1594915254,552990
3444640809416164577,0,1594147764,552990
3384966595867486877,0,1592420925,552990
3157533729871756739,0,1591742531,552990
3110243741292308707,0,1589316601,552990
3112493747282591002,0,1588024364,552990
2978509755364531770,3,1586288825,552990
2984138620262646238,3,1585654835,552990
2579938650942374061,0,1583866850,552990
3183419193846328189,3,1582053182,552990
2578810848678147576,0,1581466544,552990
2600199781659041283,0,1579029885,552990
2592316573869835103,3,1577298556,552990
2587811707184880647,6,1576008128,552990
2448197582037598870,3,1573576644,552990
2504491307421997299,3,1572363675,552990
3051677487694544279,0,1571177670,552990
2426802221718889059,0,1570109399,552990
2406534841128919532,0,1568919613,552990
2406534841124749149,6,1568819910,552990
3658535001305697791,3,1568636472,552990
2413289226963899838,6,1567900801,552990
2413288973183223340,0,1567555659,552990
2416665403763784127,0,1566340535,552990
2413285168838308601,3,1563926652,552990
2413284533088526988,9,1563364516,552990
2436926440582980024,3,1562025516,552990
2436926440561463490,3,1561511077,552990
2400895196201218697,3,1559138952,552990
2405396896215803336,0,1557579908,552990
2432417221730458680,3,1556072369,552990
2508976515662192003,0,1554834500,552990
2508976515661762507,6,1554824234,552990
2465065785310660717,3,1554082068,552990
3140604542247948000,6,1552726663,552990
2534869043323706877,0,1551826841,552990
2534869043298467896,0,1551223401,552990
2480825216186715808,0,1550701854,552990
2461683368382708064,0,1549493996,552990
2461683368382272877,0,1549483591,552990
2462808914511766337,0,1548810990,552990
3244179105179061321,3,1545165295,552990
2415516677186159968,6,1544630146,552990
2415514774162993122,3,1542757182,552990
3316234163914071107,6,1542289241,552990
2403126706510728951,3,1539738620,552990
2448162067117396188,6,1539199389,552990
2450412598619666612,3,1537989297,552990
2450411965571114766,3,1537908401,552990
2450411965546921075,3,1537329954,552990
2444779293781458252,6,1534894601,552990
2444779293758657880,9,1534349462,552990
2462791699363444382,3,1532448301,552990
2412125660638356811,6,1532101992,552990
2499943313673561978,0,1530626298,552990
2499943313648641882,0,1530030483,552990
2842216343260056822,9,1528986162,552990
2431262783620929485,3,1528907893,552990
2396358621994925507,0,1527716680,552990
2394103650887698632,9,1524737411,552990
2394101748795066063,8,1522850963,552990
4249665521686974651,8,1522850963,552990
2383968106572419111,0,1522398530,552990
4249665521686975140,0,1522398530,552990
2363699280656243173,0,1519893507,552990
4249665521686976805,0,1519893507,552990
2361446846765678568,0,1519292954,552990
4249665521686977171,0,1519292954,552990
2363697377448841477,0,1518078018,552990
4249665521686977799,0,1518078018,552990
2356940080941841371,0,1516267144,552990
4249665521686978640,0,1516267144,552990
2284879949506105173,0,1513844271,552990
4249665521686979252,0,1513844271,552990
2152021858895474603,0,1512027441,552990
4249665521686979750,0,1512027441,552990
1793384379343843,2,1741190420,1283700
1792116353164260,9,1739980858,1283700
1790848102589412,9,1738771222,1283700
1789580505277155,9,1737561616,1283700
1788311418987033,6,1736352187,1283700
1786409468842691,9,1734526820,1283700
1785321795706021,2,1733673617,1283700
1783872412147263,9,1732636808,1283700
1783238125254574,9,1731696131,1283700
6931694080291999956,9,1728579005,1283700
1792116353363002,6,1740504017,1599340
1791580426107551,6,1739835197,1599340
1789039014503618,6,1737480146,1599340
1789039014503605,6,1737479829,1599340
1786409468830045,6,1734494408,1599340
6212244583191987383,4,1729552615,1599340
6211118320242434561,3,1729019825,1599340
6931694080292091428,3,1728581169,1599340
6341720536521466165,6,1727197287,1599340
5875595438707092366,2,1724780398,1599340
5875595438692259893,9,1724428782,1599340
5963413728353789245,9,1722960008,1599340
5969041959984037707,6,1721764577,1599340
5969041959958898294,3,1721168502,1599340
5969041959958951191,3,1721168502,1599340
5759622039970277050,6,1718747593,1599340
6890025005354136976,9,1718408078,1599340
5747236506607193511,6,1718209370,1599340
5742731639349540127,3,1717536223,1599340
5768625435414309777,6,1715703449,1599340
5766372999962258786,6,1715097661,1599340
8033928544496704681,3,1708102841,1599340
5589599109284116443,6,1707845832,1599340
5510784213109259099,9,1705852088,1599340
5410576585178250623,9,1704307991,1599340
5410576585177919050,6,1704301240,1599340
5395937983680025642,6,1701799364,1599340
5382426458984241625,3,1700913467,1599340
5382426458981383839,9,1700845285,1599340
5220292521199414414,6,1696956206,1599340
5220292521177480360,6,1696435720,1599340
5220291886505721247,6,1696349096,1599340
5211283418277743259,9,1694611852,1599340
5159491482924187742,3,1694454177,1599340
5839532486230188238,9,1692127259,1599340
5124585319846092860,9,1690994845,1599340
5124582150178738355,9,1689181174,1599340
5124582150153070575,6,1688572847,1599340
5124581515273715068,6,1687889595,1599340
5124581515262820391,6,1687631146,1599340
5133583099793305043,9,1681945578,1599340
5132456474584111787,6,1681322523,1599340
5132456474583909091,6,1681318067,1599340
5121196841307081570,6,1681228830,1599340
6839319552000620963,6,1680625293,1599340
5035622109528337327,6,1675189727,1599340
5035620387706948268,6,1673377982,1599340
4980448574110412281,4,1670547800,1599340
4836332027674266288,3,1669742648,1599340
4706851091174758277,4,1666915258,1599340
6402455182524060695,3,1666128937,1599340
4613399405959155709,3,1665511884,1599340
4587497456699595459,3,1659462912,1599340
4598755821883903052,3,1658853649,1599340
4598755821861194086,6,1658314507,1599340
4539082035578195369,3,1657652141,1599340
4474904295774689433,3,1657054646,1599340
4474904295730923570,6,1656016576,1599340
4474904295727758726,3,1655941550,1599340
4469272893490209606,3,1654119457,1599340
4469272893490176245,9,1654118669,1599340
4292505348831944287,7,1653122895,1599340
4292505348823722546,6,1652927875,1599340
5849624375819947520,3,1652403704,1599340
4348799082194484662,6,1651856575,1599340
4348798430293769922,3,1651608782,1599340
4348797798075488748,6,1650549643,1599340
4348797798075447986,6,1650547209,1599340
4348797798073219213,6,1650495933,1599340
4353300134224662611,4,1649327259,1599340
4258723269505966745,6,1648077643,1599340
4259848535831047098,4,1647606400,1599340
4259848535828931946,6,1647555503,1599340
4259848535827268620,9,1647516634,1599340
5631194088562943527,9,1647031215,1599340
5631194088559656591,9,1646952074,1599340
5631194088557841987,9,1646909716,1599340
4247463006802513615,6,1646865821,1599340
4247462367431809568,9,1646345147,1599340
4247462367428402897,6,1646262925,1599340
4247462367427407584,6,1646240718,1599340
4246335198908282676,3,1645479835,1599340
6154735015626549428,6,1644794918,1599340
6154735015618270937,3,1644598478,1599340
6154735015616815987,3,1644563973,1599340
4237326104317586562,6,1643243929,1599340
4224936215384435549,6,1638468427,1599340
4186652357039840227,3,1635801450,1599340
5589599109261052307,7,1707299244,206420
2284879949502972040,3,1513769367,206420
3819571572129975701,3,1513769367,206420
1010231247773593710,0,1390303279,206420
3819571572129982009,0,1390303279,206420
1027115945230196364,2,1386666392,206420
3819571572129982283,2,1386666392,206420
1027113495279556878,7,1384282509,206420
3819571572129982516,7,1384282509,206420
1027113495262211170,2,1384252199,206420
3819571572129982739,2,1384252199,206420
1172353020016286713,2,1382368103,206420
3819571572129982924,2,1382368103,206420
1407665032672525746,2,1381396918,206420
3819571572129983106,2,1381396918,206420
1459453913510558907,2,1379344355,206420
3819571572129983595,2,1379344355,206420
1477467113307791370,7,1377880546,206420
3819571572129983731,7,1377880546,206420
1477466580241971258,7,1377590353,206420
3819571572129983846,7,1377590353,206420
1477466580241170564,7,1377588180,206420
1480844086858001516,7,1377199338,206420
3819571572129983973,7,1377199338,206420
1794014851383542,4,1741769052,2167580
1793384379371867,8,1741264127,2167580
1792751525970831,4,1740565853,2167580
1792116353156388,4,1739960941,2167580
1791482680851292,4,1739349964,2167580
1790848102615418,8,1738838357,2167580
1790214123037902,4,1738124642,2167580
1789580505266300,4,1737534013,2167580
1788945554749341,4,1736928343,2167580
1788311419004479,8,1736399600,2167580
1786573931023443,4,1735705011,2167580
1786573930802218,4,1735096055,2167580
1786409468834951,4,1734507113,2167580
1785774543513164,8,1733978762,2167580
1784506358972396,4,1732700178,2167580
1783872411940808,4,1732090386,2167580
6148070194801558955,4,1730890047,2167580
6146943657173853795,4,1730259512,2167580
6212245217911779049,4,1729663104,2167580
6212244583174675554,8,1729142309,2167580
6360862737591582471,4,1728466363,2167580
6350729003489397435,4,1727847327,2167580
6339469370181005307,8,1727332768,2167580
6341720536501621864,4,1726726921,2167580
6250522009511756792,8,1726113877,2167580
6242640076592104889,4,1725432415,2167580
6240387642453446342,4,1724916067,2167580
5875595438687174324,8,1724308277,2167580
5875594803674128736,4,1723637273,2167580
5963414363389412535,8,1723097479,2167580
5963413728330656107,4,1722411689,2167580
5963413094347141661,8,1721886718,2167580
5969041959963628284,9,1721280806,2167580
5969041959963627988,8,1721280799,2167580
5969041959963627675,9,1721280792,2167580
5842939267359358819,8,1720674591,2167580
5842939267330489570,4,1719990322,2167580
5842939267308337902,8,1719465343,2167580
5759622039971672629,4,1718782012,2167580
6890025005347995022,8,1718262569,2167580
5746109972544216625,4,1717569400,2167580
5742731639329295639,8,1717056386,2167580
5741605105602772055,8,1716363695,2167580
5747233970417784854,8,1715847848,2167580
5768625435391416952,8,1715160846,2167580
5766372999942704940,8,1714634195,2167580
5759616966660283990,4,1713949430,2167580
5762994032390131153,8,1713428582,2167580
5762993398271319617,4,1712803349,2167580
5756237364306878032,8,1712206767,2167580
5686430301716633261,8,1710995179,2167580
5679673637651056850,8,1709791007,2167580
5688680204370163544,4,1709212882,2167580
5728086065184347923,8,1708665242,2167580
8033928544491706105,4,1707984377,2167580
5582843074936395379,4,1706689201,2167580
5519792046247803062,8,1706176496,2167580
5510784213093703336,4,1705484054,2167580
6300039510118422877,8,1704947960,2167580
5410576585176287226,4,1704262572,2167580
5410576585154982904,8,1703757486,2167580
7585814657458976183,8,1702523305,2167580
5395938616808403340,4,1702285717,2167580
5395937983660106834,8,1701327270,2167580
5302486387994021865,8,1699439314,2167580
5218041989042003730,8,1697698667,2167580
5220292521183517121,8,1696579370,2167580
5159491482908290474,8,1694077363,2167580
5159491482908259193,8,1694076617,2167580
5159491482908247038,8,1694076336,2167580
5159491482908224942,8,1694075808,2167580
5839532486209351040,8,1691638696,2167580
5124585319851772647,8,1691129472,2167580
5124585319851761800,8,1691129212,2167580
5124585319851712620,8,1691128046,2167580
5124585319851675817,8,1691127177,2167580
5124585319851666452,8,1691126953,2167580
5124585319851660266,8,1691126805,2167580
5124581515250171328,4,1687331347,2167580
5124581515249321257,8,1687311196,2167580
5124581515249311286,8,1687310958,2167580
5124581515249301514,8,1687310724,2167580
5896948309842036924,8,1686896798,2167580
5896948309842036683,8,1686896792,2167580
5896948309842036349,8,1686896784,2167580
5140340308864980582,4,1683702309,2167580
5133583642649648046,8,1682566470,2167580
5133583099795154337,8,1681989424,2167580
6539831443776476655,4,1681349775,2167580
5121196841290567084,8,1680837205,2167580
6839319551980305778,4,1680143644,2167580
5143713753730439212,8,1679619715,2167580
5125698536852302013,8,1678934501,2167580
5070528810290405169,8,1678326733,2167580
5070528176560446237,8,1677722705,2167580
5059268543357010645,8,1677160956,2167580
5059267908812499545,4,1676510950,2167580
5036749277225340572,8,1675849989,2167580
5035622743878739732,4,1675314767,2167580
5035622109508401882,8,1674717306,2167580
5035621474410931692,8,1674132848,2167580
5035621474406261120,4,1674022159,2167580
5035620840529444677,4,1673491222,2167580
5035620387705511953,6,1673343947,2167580
5000716037493001669,8,1672914818,2167580
5000716037488816910,4,1672815616,2167580
5000716037463514156,3,1672215618,2167580
5000716037458936784,3,1672107060,2167580
5000716037441852311,8,1671702007,2167580
5000716037437093408,4,1671589211,2167580
4991708208073822761,3,1671005164,2167580
4980448574125139683,3,1670896972,2167580
4980448574108280368,6,1670497297,2167580
4980448574103297063,3,1670379148,2167580
4979322040015715604,6,1669876692,2167580
4836332027655000401,6,1669285917,2167580
4836332027646584290,6,1669085391,2167580
4789043687473947759,6,1668688390,2167580
1793384379414600,9,1741375254,1240440
1790214123129553,0,1738366020,1240440
1790214123126874,9,1738358786,1240440
6146943657173939221,9,1730480310,1240440
6146943657173908547,0,1730400316,1240440
6350729003509526737,9,1728324258,1240440
5963413094349084358,0,1721932738,1240440
5963413094345423928,9,1721845989,1240440
5746109972550096081,0,1717708708,1240440
7309977427438857462,9,1710516829,1240440
5395938616795275310,9,1701973100,1240440
5395937983680115724,9,1701801507,1240440
5395937983666101142,9,1701469300,1240440
6438516944125809945,0,1697241957,1240440
5124585954863819512,9,1691602834,1240440
5124585319854328220,0,1691190024,1240440
5129083846339716167,9,1686247226,1240440
5140340308866849414,9,1683746599,1240440
5138087875083698416,9,1683306136,1240440
5121196841307416311,6,1681236759,1240440
5125698536850892186,0,1678901076,1240440
5070528176567331567,9,1677885885,1240440
4979322040035759529,6,1670351862,1240440
4732747437221043060,9,1667933974,1240440
4732747437217237874,9,1667843783,1240440
4732747437206531479,9,1667589879,1240440
4732747437202855744,3,1667502741,1240440
4732747437199204454,0,1667416187,1240440
4706851091192554070,9,1667337073,1240440
4706851091192334277,9,1667331857,1240440
4706851091170283137,0,1666809202,1240440
4714731755409096428,9,1666197986,1240440
6258337460548611076,9,1663365298,1240440
4621277624691119379,9,1662044613,1240440
4514316500003589935,7,1661454740,1240440
4584121659785292181,9,1660935347,1240440
4598757090469154088,9,1660071937,1240440
4480532686366724222,9,1655234209,1240440
4437747060823654683,7,1653503305,1240440
4348797798080458999,9,1650667657,1240440
4347669995479314625,4,1649184248,1240440
5631194088573355359,4,1647278269,1240440
4247462367435732484,9,1646438199,1240440
4246335832508919468,4,1645727221,1240440
4246335198890582454,3,1645059911,1240440
4235074931847866320,7,1643912534,1240440
4227186657145052320,9,1637339178,1240440
4227186657140715880,9,1637235540,1240440
3856732771958365579,3,1605906715,1240440
1791580425969865,9,1739467221,1466860
1784506359182798,4,1733245991,1466860
1783238125380827,9,1732036840,1466860
6146943657173913451,2,1730413524,1466860
6212244583194634858,6,1729615345,1466860
6212244583176457230,6,1729184513,1466860
6341720536506927317,0,1726852652,1466860
5875595438688694000,9,1724344280,1466860
5969041959965353727,6,1721321692,1466860
5842939267361391775,9,1720722752,1466860
5749481331434373495,0,1711570268,1466860
7309977427454246383,9,1710880950,1466860
7309977427453741436,9,1710869666,1466860
5679673637670964393,9,1710262834,1466860
5519792046267323551,9,1706639157,1466860
5395938616809753363,6,1702317700,1466860
5395938616791543305,6,1701886079,1466860
5302486388017088466,9,1699986058,1466860
5302486387994202696,9,1699442250,1466860
5288974951225485113,9,1699380199,1466860
5219165352642679564,6,1695750836,1466860
5141476355676458379,9,1693934375,1466860
5127964289192245961,9,1692736343,1466860
5124584051970436434,9,1689873941,1466860
5124582150179258637,4,1689193732,1466860
5124581515269930218,7,1687799885,1466860
5896948309840273778,4,1686854823,1466860
5129083846354151303,9,1686589435,1466860
6839319552000796536,9,1680629448,1466860
5125698536851123205,3,1678906555,1466860
5059267908815152842,9,1676573809,1466860
5036749277230273728,6,1675966791,1466860
5035621474412266836,9,1674164472,1466860
5035620840528167244,9,1673460926,1466860
4980448574109357799,9,1670522815,1466860
4979322040017563083,9,1669920464,1466860
4979322040013804899,9,1669831386,1466860
4789043687489721794,9,1669064594,1466860
4714731755430956497,9,1666716225,1466860
4714731755408983529,9,1666195320,1466860
4588629064108107842,9,1664394230,1466860
4606641560267251419,0,1663089515,1466860
4606641560249197415,9,1662661288,1466860
4606641560245468040,9,1662572839,1466860
4584122114611173997,9,1661288558,1466860
4598757090450848038,7,1659634834,1466860
4598757090447081424,0,1659544787,1466860
4539082035574312598,9,1657560054,1466860
4469272893511875851,9,1654633431,1466860
4437747060823977745,7,1653510960,1466860
4292505348844589700,9,1653422893,1466860
5849624375833805267,2,1652732435,1466860
4348798430290712469,9,1651535563,1466860
4348798430290155889,7,1651523070,1466860
4348798430279351720,9,1651266743,1466860
4353300763397691830,9,1649806288,1466860
4353300134244430579,9,1649796210,1466860
4353300134222715669,9,1649281090,1466860
5631194088559363250,9,1646946285,1466860
4246335832527608704,9,1646170574,1466860
4235074931862850656,9,1644268056,1466860
4224939931847317800,9,1642539739,1466860
4224939931847134267,9,1642535746,1466860
4224939931832453056,9,1642187383,1466860
4224936849651377261,7,1639075593,1466860
4224936215398554097,7,1638803377,1466860
4224935490651917390,9,1638230130,1466860
4224935490651514644,9,1638220735,1466860
4224935490633275921,9,1637787714,1466860
4224935490630113699,9,1637713001,1466860
4227186657137958248,9,1637170804,1466860
4971406207534018612,9,1636998757,1466860
4971406207533958222,9,1636997519,1466860
4022264629330698902,6,1629838893,1466860
1793384379352230,9,1741212348,1172470
1792751525982925,2,1740595524,1172470
1792116353332241,7,1740424314,1172470
1792116353176422,2,1740011920,1172470
1790848102756680,9,1739209316,1172470
1790848102624902,6,1738861785,1172470
1790848102594408,9,1738782783,1172470
1786409468848508,9,1734542036,1172470
6146943657174075582,9,1730846905,1172470
6146943657173907537,3,1730397635,1172470
5963414363385548346,9,1723005892,1172470
5963413728353968754,9,1722964265,1172470
5766372999962598826,7,1715105690,1172470
5766372999962417398,9,1715101416,1172470
5686430301713843111,3,1710928896,1172470
7309977427449546285,9,1710769719,1172470
5589599109284236337,9,1707848675,1172470
5589599109284207933,9,1707847996,1172470
5302486387994531737,7,1699451141,1172470
5288974951200791300,6,1698794906,1172470
5229301621592403288,9,1698712592,1172470
5480373588793326847,7,1694951268,1172470
5839532486210677808,9,1691669875,1172470
5124585319868120117,9,1691516998,1172470
5124585319864207473,9,1691423851,1172470
5124585319854108932,9,1691184822,1172470
5138087875098661055,9,1683660937,1172470
5138087875097747582,9,1683639111,1172470
5138087875077446757,9,1683157933,1172470
5133583642651172454,9,1682602539,1172470
5125698536879873222,9,1679587319,1172470
5059268099240628188,9,1676652083,1172470
5059267908810936375,9,1676472617,1172470
5036749277248528826,9,1676399432,1172470
5036749277233449527,9,1676041289,1172470
5035622743894982635,9,1675699322,1172470
5035621474407167925,3,1674041223,1172470
5035620840530770525,2,1673522589,1172470
4979322040020549309,6,1669991232,1172470
4706851091192013041,6,1667324243,1172470
4706851091188067904,9,1667230170,1172470
4706851091187422730,9,1667214379,1172470
4607764924146824971,9,1660146799,1172470
4598757090468926075,9,1660066525,1172470
4598757090468412975,2,1660054163,1172470
4598757090466635739,9,1659988613,1172470
4587497456699424413,6,1659362206,1172470
4474904295751696521,6,1656508883,1172470
4348799082209349591,6,1652209213,1172470
4348799082209054842,6,1652202000,1172470
4353300763399718062,7,1649854400,1172470
4353300134240003405,9,1649691123,1172470
4347669995457051163,6,1648655964,1172470
4258723269524752580,9,1648522847,1172470
5631194088573476622,7,1647280689,1172470
4246335198889186309,5,1645026380,1172470
6154735015617434565,3,1644578477,1172470
4235074931866437655,6,1644353142,1172470
4235074931847536598,9,1643904205,1172470
4186652991103723808,6,1635894452,1172470
4186652357042907641,6,1635874220,1172470
4186652357039114557,3,1635784084,1172470
3936699406869500812,3,1632393249,1172470
5418383147747020061,4,1632071415,1172470
4020014731814228166,6,1631652896,1172470
4020014099088994069,4,1630605741,1172470
4020014099084214968,9,1630492526,1172470
4020014099083937776,9,1630485859,1172470
4038025597327121757,9,1627932653,1172470
4038024692304740872,9,1627402920,1172470
4036897704071021653,6,1626206097,1172470
4032392655082664098,6,1624989424,1172470
4093189347042929668,3,1622725500,1172470
4105572344343988901,4,1620841145,1172470
4105572344343137738,2,1620820980,1172470
4072920612520528518,2,1620753467,1172470
4074045878089055144,3,1620094732,1172470
4074045878088284776,9,1620076437,1172470
4074045878073120218,9,1619716327,1172470
4074045244018805014,9,1619451884,1172470
4570566565009915359,3,1618921467,1172470
4054904311339739922,9,1618422085,1172470
4060529371720943113,9,1614706145,1172470
4050393736353608949,0,1612205754,1172470
3887130640411400993,9,1605024543,1172470
3887130640408194156,7,1604949217,1172470
3884878205232558336,9,1604408519,1172470
3884878205229672053,9,1604340109,1172470
3807188575867121138,9,1601992516,1172470
3819572206281445342,9,1600682664,1172470
3819571008259240616,9,1599214095,1172470
1793384379333142,7,1741163360,1282270
1792116353351136,7,1740475502,1282270
1792116353179982,4,1740021830,1282270
1789039014484099,7,1737428635,1282270
1789039014368774,7,1737122779,1282270
1789039014349905,4,1737072386,1282270
1788311419001395,6,1736390360,1282270
1786573930996406,7,1735631682,1282270
1786573930651735,3,1734691461,1282270
1786409468864172,6,1734584375,1282270
1785774543558115,7,1734094482,1282270
1785321795763275,3,1733826737,1282270
1785321795624144,3,1733453514,1282270
1783872412134010,3,1732603051,1282270
1794102528052950,0,1741817275,2709570
1792751525988362,2,1740610624,2709570
1791482680869013,4,1739394672,2709570
1790214123064179,9,1738193000,2709570
1788311418997469,3,1736379634,2709570
1784506358992445,9,1732746797,2709570
1783872411960579,0,1732139811,2709570
1783238125193369,0,1731537132,2709570
6148070194801575605,9,1730931779,2709570
6146943657173879374,0,1730325300,2709570
6212245217911799150,6,1729714283,2709570
6212244583173261272,2,1729108782,2709570
6360862737593072983,0,1728501674,2709570
6350729003491586358,9,1727899188,2709570
6339469370179323206,2,1727292891,2709570
6341720536499883069,0,1726685699,2709570
6250522009509967780,9,1726071469,2709570
6242640076593389848,9,1725462857,2709570
6240387642451907917,2,1724879604,2709570
5875595438686033583,2,1724281237,2709570
5875594803675645450,2,1723673206,2709570
5963414363402506252,2,1723407949,2709570
1786573930664700,6,1734722052,1158310
1784506359016601,7,1732807981,1158310
6148070194801563775,4,1730902106,1158310
6146943657174038101,9,1730747483,1158310
6146943657174034878,9,1730740268,1158310
6212245217911782154,9,1729670777,1158310
6931694080290926249,4,1728553581,1158310
6350729003512407001,2,1728392687,1158310
6350729003493420341,2,1727942664,1158310
6339469370182284469,2,1727362848,1158310
6339469370181993447,2,1727356182,1158310
6341720536521348110,9,1727194499,1158310
5768625435398680313,9,1715297722,1158310
5768625435391195420,9,1715155603,1158310
5749481331433445059,9,1711548279,1158310
7309977427453211669,2,1710857119,1158310
5679673637652139502,2,1709816651,1158310
5688680204385335969,9,1709572495,1158310
5582843074959616136,9,1707239467,1158310
5510784213116343963,6,1706020632,1158310
5395938616809346186,7,1702308059,1158310
5395937983661048156,9,1701349580,1158310
5382426458977177771,2,1700744785,1158310
5302486388001797891,7,1699623587,1158310
5302486387998665740,9,1699549343,1158310
5159491482926834548,9,1694516919,1158310
5141476355657296881,2,1693480225,1158310
5141475722326789309,7,1692875248,1158310
5127964289191436741,9,1692717174,1158310
5124581515250766946,6,1687345458,1158310
5896948309839121167,9,1686827456,1158310
5151600576605967492,9,1685445142,1158310
5140340943323346511,9,1684845537,1158310
6557848386959267951,7,1684238443,1158310
6557848386944708681,5,1683893234,1158310
6557848386941142486,9,1683808690,1158310
4980448574126510103,7,1670929465,1158310
4588629064110411813,2,1664452458,1158310
6258337460543660433,2,1663247915,1158310
4606641560263172531,7,1662992786,1158310
4606641560251382717,3,1662713078,1158310
4606641560248176882,9,1662637091,1158310
4514316500020794681,9,1661862856,1158310
4474904295751638972,7,1656507920,1158310
4474904295726361914,7,1655908432,1158310
6214419350722575032,9,1655817614,1158310
4480532526717743383,7,1654780285,1158310
4437747060845362103,9,1654017714,1158310
4437747060844733237,6,1654003314,1158310
4437747060820929046,9,1653437702,1158310
4259848535845657693,2,1647953053,1158310
5631194088558001022,9,1646913977,1158310
5631194088557938040,9,1646912481,1158310
4247462367448724932,9,1646746456,1158310
4246335832527056026,2,1646156893,1158310
4246335198891945918,9,1645092270,1158310
4235074931865960862,9,1644341559,1158310
4235074931854944166,9,1644080455,1158310
4237325463690605704,9,1643142916,1158310
4103335143123739417,9,1635251475,1158310
4032392655083113665,6,1625000060,1158310
4056035920072367994,2,1624352556,1158310
4093189984234089620,9,1623229445,1158310
4093189347061091558,9,1623156880,1158310
4093189347060504056,9,1623143067,1158310
4093189347060195840,9,1623135750,1158310
4069544815352541733,9,1622032146,1158310
4072920612498687497,9,1620234708,1158310
4048146376727893231,4,1616495651,1158310
4048146376713758127,4,1616159945,1158310
4048146376706394015,3,1615984765,1158310
5556851879153419083,9,1615916320,1158310
5556851879152810650,9,1615901926,1158310
4060529371721406802,6,1614715920,1158310
4060529371699128789,6,1614187200,1158310
4060529371699179598,6,1614187200,1158310
4059402835328268937,9,1614094498,1158310
4703417046201122308,6,1613087182,1158310
3856733878309251290,4,1607350406,1158310
3856733878298776992,9,1607099984,1158310
3856732771972143411,0,1606237967,1158310
3856732771971021591,4,1606211204,1158310
3895010671336643065,4,1603362412,1158310
5422856308611423589,9,1602758157,1158310
3853351107549049074,3,1602155973,1158310
3807188575849065359,9,1601560847,1158310
3715990047712620054,9,1601386189,1158310
3715990047712238681,9,1601377143,1158310
3715990047711882847,4,1601368638,1158310
3715990047710326180,9,1601327462,1158310
4589754330727261894,9,1601308402,1158310
3715990047709237580,9,1601305398,1158310
3715990047708957424,9,1601298703,1158310
4249665521697408311,4,1600178350,1158310
3788045105527269083,9,1598616539,1158310
3664193578963344217,9,1596204257,1158310
3444640809422840314,8,1594307374,1158310
3444639924497810128,9,1593180782,1158310
3142896212092513183,6,1590760829,1158310
3142896212089074465,8,1590678621,1158310
3127131079125608276,8,1588262081,1158310
2978509755345769379,8,1585840233,1158310
2984138620248703735,9,1585321468,1158310
2578812118956755147,9,1582905644,1158310
2609208878383948747,6,1580477524,1158310
2609208878380642554,8,1580398475,1158310
2592316573850943013,9,1576846858,1158310
2551782186261935408,6,1575026040,1158310
2448198215006749537,9,1573664402,1158310
2444779293781218075,9,1534888859,346900
3822871998328749553,9,1526409133,346900
4249665521681393603,6,1479752491,346900
127619582134030201,6,1479752491,346900
4249665521681393794,6,1476206923,346900
243583460817811897,6,1476206923,346900
4249665521681393997,6,1472666223,346900
243580289110734586,6,1472666223,346900
4249665521681394173,6,1466706651,346900
4249665521681394265,6,1463523936,346900
255955672050476561,6,1463523936,346900
4249665521681394354,3,1461692861,346900
255953140190611179,3,1461692861,346900
4249665521681394440,6,1459880003,346900
260454846498367722,6,1459880003,346900
272839101167429174,3,1458757067,346900
4249665521681394530,3,1458757067,346900
272839101167429173,3,1458757040,346900
272839101167426218,3,1458756972,346900
377538283354912530,6,1449686972,346900
4249665521681394881,6,1449686972,346900
378661646706392257,6,1447877100,346900
4249665521681395109,6,1447877100,346900
4249665521681395184,3,1443123331,346900
423688416247570632,3,1439128834,346900
4249665521681395327,7,1437694468,346900
423687491904566936,9,1437694436,346900
4249665521681395401,9,1437694436,346900
499119164376588286,9,1434469937,346900
4249665521681395464,9,1434469937,346900
519383914592587402,7,1433274097,346900
4249665521681395540,7,1433274097,346900
4249665521681395608,4,1432767680,346900
518256108449411653,7,1431039187,346900
4249665521681395670,7,1431039187,346900
4249665521681395810,4,1427817678,346900
6339469370199524649,9,1727771692,601510
2284879949502357690,6,1513754679,601510
4249665521687241842,6,1513754679,601510
2486412956111947958,4,1511088673,601510
4249665521687242616,4,1511088673,601510
2486412956104666598,4,1510914575,601510
4249665521687242746,4,1510914575,601510
5842939267324371194,6,1719845313,1974050
5762994032386322651,6,1713338323,1974050
5410576585147429027,6,1703578385,1974050
5141476355660423761,6,1693554312,1974050
5138087875096861693,6,1683618282,1974050
5138087875093973406,4,1683549796,1974050
5070528810295409198,5,1678445352,1974050
5035620840527655496,9,1673448812,1974050
4836332027653990609,5,1669261976,1974050
1794014851385341,6,1741773726,2073850
1793384379399454,7,1741337223,2073850
1793384379375235,7,1741272749,2073850
1793384379368394,2,1741255319,2073850
1792116353155907,0,1739959640,2073850
1791482680854257,0,1739357559,2073850
1790848102580460,6,1738749300,2073850
1790214123044982,6,1738144902,2073850
1789580505335283,7,1737714219,2073850
1789580505276211,7,1737559439,2073850
1789580505268658,9,1737540296,2073850
1788945554752073,9,1736935477,2073850
1788311419011791,9,1736418798,2073850
1786573931062358,6,1735812136,2073850
1786573930842502,9,1735207287,2073850
1786409468839110,6,1734518010,2073850
1784506359205478,6,1733307001,2073850
1784506358973882,9,1732703649,2073850
1783872411949722,9,1732112352,2073850
1783238125176797,6,1731496194,2073850
6148070194801558495,9,1730889167,2073850
6146943657173862732,6,1730284077,2073850
6212245217911787830,9,1729685342,2073850
6212244583171539599,6,1729068013,2073850
6931694080290790272,9,1728550365,2073850
6350729003490016337,9,1727861981,2073850
6341720536502371963,9,1726744694,2073850
6250522009508799162,6,1726043786,2073850
6242640076592874124,9,1725450643,2073850
6240387642449990172,3,1724834155,2073850
5875595438683862034,9,1724229779,2073850
5875594803673672134,6,1723626457,2073850
5963414363393944934,7,1723204981,2073850
5963414363393289292,7,1723189433,2073850
5963414363386642647,9,1723031835,2073850
5963413728330816786,3,1722415488,2073850
5963413094343982357,9,1721811848,2073850
5969041959964836990,4,1721309446,2073850
6000566704268922406,9,1720779939,2073850
5842939267330734669,9,1719996130,2073850
5842939267305402453,9,1719395782,2073850
5759622039971975436,9,1718789185,2073850
5746109972544577331,9,1717577939,2073850
5742731639336444601,7,1717225809,2073850
5742731639325733452,9,1716971967,2073850
5741605105603099708,9,1716371462,2073850
5747233970417858796,9,1715849605,2073850
5768625435391283144,9,1715157679,2073850
5766372999942931571,9,1714639571,2073850
5759616966660219479,4,1713947910,2073850
5762994032386511825,0,1713342804,2073850
5762993398268724213,9,1712741845,2073850
5756237364307441440,9,1712220124,2073850
5749481331432848729,9,1711534155,2073850
5686430301714015739,9,1710933145,2073850
7309977427434312715,9,1710409167,2073850
5679673637648391760,6,1709727829,2073850
5688680204369619598,9,1709200003,2073850
5728086065177750515,9,1708508899,2073850
5750603429272186366,9,1707905017,2073850
5589599109264699025,9,1707385653,2073850
5582843074943899689,7,1706867004,2073850
5582843074937088221,9,1706705619,2073850
5519792046244271634,0,1706092803,2073850
5510784213101024372,7,1705657561,2073850
5510784213094283731,9,1705497801,2073850
6300039510119551419,0,1704974702,2073850
5410576585125803448,9,1703065821,2073850
5409450219975675681,9,1702632763,2073850
5397065151385666842,3,1702465508,2073850
5395938616801321589,2,1702117809,2073850
5395938616798786472,3,1702057709,2073850
2504491307399393277,6,1571823246,504370
2436926440609141428,9,1562651021,504370
2408777766651888787,9,1560779033,504370
2905297189261883516,9,1558355620,504370
2432417221753954810,9,1556634138,504370
3763229740657041183,9,1555336425,504370
2465065785301331684,9,1553859018,504370
2543878145186447383,9,1553525571,504370
2530366080609900379,7,1552311613,504370
2530366080598570664,9,1552040719,504370
2530366080598200624,2,1552031872,504370
2530366080591762063,9,1551877935,504370
3702426087241851463,3,1550243212,504370
3702426087241465584,6,1550233988,504370
2465061982068379565,6,1550066886,504370
2461683368388152485,9,1549624166,504370
2462808987391416056,9,1548941907,504370
2425653583385688509,9,1548419056,504370
3244179105163381321,2,1544790399,504370
2415514774172235304,6,1542978133,504370
2407631646386720932,3,1541435146,504370
3594328263103680631,6,1539691431,504370
3594328263085726940,3,1539262163,504370
2450412598622816416,7,1538064605,504370
2454914931413294762,9,1537187214,504370
2444779293790362518,6,1535107497,504370
2451533424630662083,4,1533121534,504370
2462791699373788094,9,1532695605,504370
2462791699373593902,9,1532690963,504370
2412125660637100789,9,1532071965,504370
2499943313683884802,6,1530873099,504370
2499943313654618318,2,1530173369,504370
2431262152938200373,9,1528458826,504370
2396358622011931692,9,1528123279,504370
2394106188078443622,7,1527173341,504370
2394106188078443636,7,1527173341,504370
2394106188078319214,7,1527170368,504370
2391853754539512009,2,1526656936,504370
2391853754535552875,9,1526562283,504370
3822871998324729803,9,1526313029,504370
2394104918720905194,0,1525870473,504370
2394103650891919224,6,1524838315,504370
2758894130330446423,3,1524576759,504370
2394101748813254388,6,1523285833,504370
4249665521686624026,6,1523285833,504370
2365953485464334681,9,1522071677,504370
4249665521686624148,9,1522071677,504370
2363700548698670860,7,1521014949,504370
4249665521686624643,7,1521014949,504370
2363699913371153840,7,1520520974,504370
4249665521686625015,7,1520520974,504370
2363699913367437595,9,1520430007,504370
2363699280671721905,6,1520263593,504370
4249665521686625138,6,1520263593,504370
2361446846762969009,9,1519228170,504370
4249665521686625615,9,1519228170,504370
2363698013321389019,2,1518617177,504370
4249665521686626007,2,1518617177,504370
2363697377464372818,6,1518449366,504370
4249665521686626128,6,1518449366,504370
2356940714981816095,7,1516887847,504370
4249665521686626520,7,1516887847,504370
2356940080945305687,2,1516349971,504370
4249665521686626901,2,1516349971,504370
2356940080937942498,9,1516173924,504370
4249665521686627027,9,1516173924,504370
2281501616662202088,6,1513152691,504370
4249665521686628049,6,1513152691,504370
2152021858892054226,6,1511945662,504370
4249665521686628449,6,1511945662,504370
2149769425918676944,9,1511538949,504370
4249665521686628579,9,1511538949,504370
2149769425910199996,9,1511336293,504370
4249665521686629043,9,1511336293,504370
2486412956105149109,6,1510926110,504370
4249665521686629162,6,1510926110,504370
2486412956104368818,2,1510907455,504370
4249665521686629277,2,1510907455,504370
2140759684346039283,6,1509107339,504370
4249665521686630526,6,1509107339,504370
2140759684342896628,9,1509032212,504370
4249665521686630664,9,1509032212,504370
2140759684340193975,9,1508967317,504370
3111284858389974883,9,1508872959,504370
4249665521686630783,9,1508872959,504370
3111284858374789516,9,1508509875,504370
4249665521686630921,9,1508509875,504370
2145261379787629395,6,1507289567,504370
4249665521686631192,6,1507289567,504370
2145261379780795717,6,1507126177,504370
4249665521686631318,6,1507126177,504370
2149763711105618479,4,1506353727,504370
4249665521686631797,4,1506353727,504370
3136051487782051460,9,1505830526,504370
4249665521686632175,9,1505830526,504370
3136051487778632020,9,1505748772,504370
4249665521686632295,9,1505748772,504370
3136051487763758234,9,1505393133,504370
4249665521686632421,9,1505393133,504370
2095718613762848958,4,1504101914,504370
4249665521686633040,4,1504101914,504370
2094592080082380712,9,1503933002,504370
4249665521686633177,9,1503933002,504370
2094592080082206113,9,1503928827,504370
4249665521686633318,9,1503928827,504370
2564086801875845137,0,1499094615,504370
4249665521686635057,0,1499094615,504370
2564086801864779057,7,1498830019,504370
4249665521686635308,7,1498830019,504370
2564086801857797792,2,1498663101,504370
4249665521686635431,2,1498663101,504370
2564086801853938075,7,1498570817,504370
4249665521686635561,7,1498570817,504370
2564086801839721524,9,1498230899,504370
4249665521686635818,9,1498230899,504370
1980870483552365457,3,1498055417,504370
4249665521686636096,3,1498055417,504370
3044845282405648412,9,1497968906,504370
3044845282402380346,9,1497891023,504370
4249665521686636220,9,1497891023,504370
1904306757830081379,2,1496149220,504370
4249665521686637212,2,1496149220,504370
2423345440419624944,9,1494853270,504370
4249665521686637970,9,1494853270,504370
1858142318031302928,9,1493388050,504370
4249665521686638609,9,1493388050,504370
75840229419725237,7,1491920169,504370
4249665521686639603,7,1491920169,504370
75840229415929505,3,1491829416,504370
4249665521686639725,3,1491829416,504370
75840229394240373,2,1491310828,504370
4249665521686640249,2,1491310828,504370
75839596812946737,2,1490368284,504370
4249665521686640781,2,1490368284,504370
75839596806373731,9,1490211128,504370
4249665521686640940,9,1490211128,504370
75839063721547720,9,1489770007,504370
4249665521686641077,9,1489770007,504370
75837063475718211,9,1487961087,504370
4249665521686641636,9,1487961087,504370
75835955403654253,9,1487007946,504370
4249665521686642072,9,1487007946,504370
75835955392701403,9,1486746059,504370
4249665521686642346,9,1486746059,504370
83715191684147398,2,1485356403,504370
4249665521686643194,2,1485356403,504370
84840457399149894,7,1484313613,504370
4249665521686643458,7,1484313613,504370
91593954387969818,2,1482327931,504370
4249665521686644236,2,1482327931,504370
91593398099395147,2,1481819324,504370
4249665521686644498,2,1481819324,504370
91592690508435298,9,1481637773,504370
4249665521686644765,9,1481637773,504370
91592053123774806,7,1481045443,504370
4249665521686645140,7,1481045443,504370
91592053101618427,9,1480515690,504370
4249665521686645401,9,1480515690,504370
91591419809506978,9,1480001439,504370
4249665521686645801,9,1480001439,504370
136626147594498879,3,1478713848,504370
4249665521686646438,3,1478713848,504370
212060165291872355,2,1477580123,504370
4249665521686646957,2,1477580123,504370
234577531177032390,7,1477323124,504370
4249665521686647068,7,1477323124,504370
234577531169989398,7,1477154717,504370
4249665521686647187,7,1477154717,504370
234577531162666688,6,1476979369,504370
234577531162542683,3,1476976669,504370
4249665521686647466,3,1476976669,504370
243583460803041110,3,1475853746,504370
4249665521686648060,3,1475853746,504370
243582826885199072,2,1475169858,504370
4249665521686648467,2,1475169858,504370
243582826884222454,3,1475146509,504370
4249665521686648605,3,1475146509,504370
243582077046575354,9,1474308423,504370
4249665521686649342,9,1474308423,504370
243581558941901606,3,1473861440,504370
243581558941699586,2,1473856610,504370
4249665521686650551,2,1473856610,504370
1793384379520179,4,1741661806,1049590
1793384379426184,4,1741405709,1049590
1793384379332677,3,1741161657,1049590
1792116353183507,4,1740031239,1049590
1792116353182163,6,1740027636,1049590
1792116353153009,3,1739952034,1049590
1791580425987443,4,1739514251,1049590
1790848102774458,2,1739257339,1049590
1790848102638596,4,1738897577,1049590
1790848102577662,3,1738742458,1049590
1789580505456575,4,1738039438,1049590
1789580505297802,4,1737617651,1049590
1789580505265798,3,1737532853,1049590
1789039014361934,4,1737105599,1049590
1789039014358721,4,1737096948,1049590
1789039014329183,4,1737019992,1049590
1789039014325589,4,1737009643,1049590
1788945554748912,3,1736928038,1049590
1788311419169454,6,1736841627,1049590
1788311418970057,4,1736306642,1049590
1787858252834541,2,1736146429,1049590
1786573931063849,4,1735816082,1049590
1786573930996833,3,1735632004,1049590
1786573930838563,2,1735196090,1049590
1786573930772953,2,1735017679,1049590
1786573930647275,7,1734680186,1049590
1786409468871122,4,1734601854,1049590
1786409468864610,6,1734585471,1049590
1786409468835406,3,1734508805,1049590
1785774543549544,7,1734072606,1049590
1785774543516688,4,1733987608,1049590
1785774543484922,3,1733904051,1049590
1785321795631730,0,1733474294,1049590
1784506359237836,4,1733392599,1049590
1784506359202345,3,1733299231,1049590
1783872411940371,3,1732089633,1049590
6148070194801555260,3,1730880041,1049590
6212245217911971824,4,1730172648,1049590
6212245217911781717,3,1729670451,1049590
6212244583171212039,3,1729060245,1049590
6211118320240743144,4,1728979759,1049590
6931694080294054097,7,1728627701,1049590
6931694080290765154,4,1728549765,1049590
6360862737591349846,3,1728460856,1049590
6339469370195508369,4,1727676517,1049590
6339469370184870972,4,1727424379,1049590
6339469370181441745,4,1727343116,1049590
6339469370177563467,3,1727251208,1049590
6341720536502566190,4,1726749304,1049590
6341720536501122021,4,1726715073,1049590
6250522009529897673,4,1726543857,1049590
6250522009515522912,4,1726203122,1049590
6250522009512243113,4,1726125410,1049590
6250522009508707187,3,1726041609,1049590
6242640076609765410,3,1725850996,1049590
6242640076599130681,4,1725598916,1049590
6242640076595651704,4,1725516470,1049590
6242640076592292196,3,1725436851,1049590
6240387642468684839,4,1725277257,1049590
6240387642468245653,2,1725266854,1049590
6240387642457783523,4,1725018848,1049590
6240387642457368415,2,1725009012,1049590
6240387642454065848,4,1724930747,1049590
6240387642453552295,2,1724918580,1049590
6240387642449951219,3,1724833234,1049590
6909171012598050742,2,1723784115,1049590
5875594803673861706,4,1723630946,1049590
5963414363407910362,3,1723536041,1049590
5963413728348753320,4,1722840667,1049590
5963413728337564885,4,1722575422,1049590
5963413728334539708,4,1722503721,1049590
5963413728330703996,3,1722412823,1049590
5969041959981841618,2,1721712543,1049590
5969041959967402942,2,1721370270,1049590
5969041959963929761,4,1721287952,1049590
5969041959960354786,3,1721203232,1049590
5842939267356259864,4,1720601152,1049590
5842939267352094538,4,1720502431,1049590
5842939267337616252,2,1720159219,1049590
5842939267330628277,3,1719993608,1049590
5842939267308299816,4,1719464443,1049590
5759622039989724761,6,1719209874,1049590
5759622039979646896,4,1718970981,1049590
5759622039978996165,4,1718955571,1049590
5759622039978330244,4,1718939783,1049590
5759622039974947026,6,1718859608,1049590
5759622039971756460,3,1718784004,1049590
5759622039970786977,4,1718761026,1049590
6890025005358078699,4,1718501515,1049590
5746109972566142789,4,1718088984,1049590
5746109972547510296,4,1717647446,1049590
5742731639347509526,3,1717488103,1049590
5742731639332600387,2,1717134700,1049590
5742731639325635143,3,1716969638,1049590
5741605105610358152,2,1716543473,1049590
5741605105610143398,4,1716538392,1049590
5741605105609943034,4,1716533646,1049590
5741605105606804798,4,1716459270,1049590
5741605105603081080,3,1716371018,1049590
5768625435399139659,7,1715343874,1049590
5768625435397763401,4,1715311260,1049590
5768625435395064352,4,1715247299,1049590
5768625435391179442,3,1715155221,1049590
5759616966667850243,7,1714128749,1049590
5759616966663775892,4,1714032195,1049590
5759616966660124533,3,1713945661,1049590
6474562312198134934,2,1713243903,1049590
6474562312183634233,4,1712900171,1049590
5762993398272277254,4,1712826048,1049590
5756237364325562445,3,1712649635,1049590
5749481331439462377,4,1711690868,1049590
5749481331436650982,4,1711624247,1049590
5749481331432523972,3,1711526454,1049590
5686430301720366090,4,1711083642,1049590
5686430301713228283,4,1710914475,1049590
7309977427437247312,4,1710478683,1049590
7309977427434131409,4,1710404875,1049590
5686429670867005168,3,1710316822,1049590
5688680204383966878,4,1709540068,1049590
5688680204369835594,7,1709205122,1049590
5688680204365706661,3,1709107269,1049590
5728086065177485575,3,1708502617,1049590
8033928544505903903,4,1708320938,1049590
8033928544495426981,4,1708072576,1049590
8033928544492170765,4,1707995391,1049590
5750603429272596866,4,1707914739,1049590
5750603429272061177,4,1707902054,1049590
5750603429271930028,3,1707898939,1049590
5589599109260769294,3,1707292533,1049590
5582843074943745371,4,1706863348,1049590
5582843074939688102,4,1706767224,1049590
5582843074936345481,3,1706688019,1049590
5510784213114979311,4,1705988299,1049590
5510784213093465869,3,1705478427,1049590
5410576585184212513,4,1704450417,1049590
5410576585176551205,3,1704268833,1049590
5410576585125525034,3,1703059216,1049590
5397065151384864128,4,1702446477,1049590
5395938616797033537,4,1702016193,1049590
5395938616793790364,4,1701939351,1049590
5395938616790005625,3,1701849650,1049590
5395937983663640844,4,1701411017,1049590
5382426458994637050,4,1701161579,1049590
5382426458979889175,4,1700809583,1049590
5382426458972775016,3,1700640068,1049590
6560117310278201620,4,1700473384,1049590
5302486388015413338,4,1699946373,1049590
5302486388012281145,4,1699872131,1049590
5302486388007502251,4,1699758817,1049590
5302486387997867377,4,1699530437,1049590
5302486387997677093,7,1699525935,1049590
5302486387993647792,3,1699430456,1049590
5229301621593404767,4,1698736346,1049590
5229301621579032844,2,1698395637,1049590
5229301621576007028,4,1698323925,1049590
5229301621572055366,3,1698230266,1049590
5229301621571662783,3,1698220959,1049590
6438516944122975238,4,1697174783,1049590
6438516944120869153,4,1697124870,1049590
5246188851833545598,3,1697011277,1049590
5220292521176187929,4,1696405663,1049590
5219165352641363264,4,1695719652,1049590
5219165352637534980,3,1695628929,1049590
5480373588800050723,3,1695111061,1049590
5480373588782569510,3,1694696660,1049590
5480373588782450962,4,1694693857,1049590
5480373588782008471,4,1694683364,1049590
5211283418276887691,3,1694592111,1049590
5141476355677967884,4,1693970152,1049590
5141476355674595713,2,1693890241,1049590
5141476355659696594,4,1693537078,1049590
5141476355657140393,4,1693476518,1049590
5141476355653175482,3,1693382545,1049590
5141475722329175236,2,1692931799,1049590
5127964289189558560,2,1692672653,1049590
5127964289176155968,4,1692354904,1049590
5127964289175972514,7,1692350561,1049590
5127964289172803641,4,1692275448,1049590
5127964289168477163,3,1692172903,1049590
5124585319866482561,4,1691478204,1049590
5124585319851069671,4,1691112805,1049590
5124585319849279412,4,1691070382,1049590
5124585319844757950,3,1690963216,1049590
5124584686245055768,2,1690439429,1049590
5124584051987039291,4,1690267533,1049590
5124584051976638920,4,1690020966,1049590
5124584051972910186,3,1689932581,1049590
5124584051969323755,4,1689847580,1049590
5124584051965445156,6,1689755647,1049590
5124582150173054376,4,1689046684,1049590
5124582150169647607,4,1688965932,1049590
5124582150151865076,3,1688544284,1049590
5124581515271973270,4,1687848324,1049590
5124581515256813073,4,1687488748,1049590
5124581515253904791,4,1687419837,1049590
5124581515250301014,3,1687334427,1049590
5129083846356113634,4,1686635949,1049590
5129083846334552395,3,1686124845,1049590
5151600576583616956,3,1684915222,1049590
6557848386957973081,4,1684207750,1049590
5140340308865120079,3,1683705624,1049590
5133583642668387542,4,1683010702,1049590
5133583642650030605,4,1682575547,1049590
5133583642646677643,3,1682496081,1049590
5133583099794933779,4,1681984196,1049590
6539831519502506422,4,1681794101,1049590
6539831519488279951,4,1681456838,1049590
5132456474582574308,3,1681286453,1049590
5121196841283686337,4,1680674093,1049590
6839319551984349918,2,1680239519,1049590
5143714207946261102,3,1680076848,1049590
5125698536852806493,4,1678946474,1049590
5125698536849463712,3,1678867234,1049590
5070528176579214364,4,1678167670,1049590
5070528176561054572,4,1677737139,1049590
5070528176557851467,3,1677661226,1049590
5070528176557699912,3,1677657623,1049590
5059268543358966229,4,1677207308,1049590
5059268099253441347,4,1676957016,1049590
5059267908814141260,4,1676549856,1049590
5059267908813187625,4,1676527258,1049590
5059267908809843359,3,1676448018,1049590
5035622743882722460,4,1675409155,1049590
5035622743879477363,4,1675332260,1049590
5035622743875521320,3,1675238508,1049590
5035622109507807998,4,1674703222,1049590
5035621474413294695,4,1674188838,1049590
5035621474406543202,3,1674028845,1049590
5035620840525835802,4,1673405667,1049590
5035620387705164409,4,1673335710,1049590
5000716037488969408,3,1672819233,1049590
5000716037459958697,4,1672131301,1049590
5000716037442074926,4,1671707283,1049590
5000716037441655561,6,1671697343,1049590
5000716037441606308,4,1671696176,1049590
5000716037437956849,3,1671609690,1049590
5000716037437861889,6,1671607439,1049590
4980448574127149673,6,1670944604,1049590
4980448574125806686,4,1670912791,1049590
4980448574111773266,4,1670580059,1049590
4980448574111066947,4,1670563312,1049590
4980448574107522148,4,1670479320,1049590
4980448574104178074,3,1670400046,1049590
4979322040019532648,0,1669967167,1049590
4836332027672466092,4,1669699987,1049590
4836332027658207745,4,1669361935,1049590
4836332027651004839,3,1669190975,1049590
6368680725437935796,4,1668486677,1049590
6368680725424130496,2,1668159342,1049590
6368680725420793697,2,1668080248,1049590
4732747437223025053,3,1667980970,1049590
4706851091190285244,4,1667283327,1049590
4706851091180031161,4,1667040220,1049590
4706851091172934998,4,1666872071,1049590
4706851091168681930,3,1666771270,1049590
4714731755415083355,4,1666339913,1049590
6402455182521777141,4,1666074825,1049590
6402455182506797000,4,1665719601,1049590
6402455182503950376,4,1665652113,1049590
4867853509330277422,3,1665561831,1049590
4613399405935447273,4,1664949737,1049590
4613399405935442474,4,1664949623,1049590
4588629064106178508,3,1664352089,1049590
4588629064105348183,3,1664332391,1049590
6258337460560987121,4,1663658850,1049590
6258337460547136415,4,1663330340,1049590
6258337460543011223,3,1663232526,1049590
4606641560247339491,4,1662617227,1049590
4621277624707502840,4,1662433272,1049590
4621277624693487267,4,1662100768,1049590
4621277624686415931,3,1661933054,1049590
4514316500001693397,4,1661409767,1049590
4584122114608863604,4,1661233772,1049590
4584122114608578127,4,1661227003,1049590
4584121659790796764,4,1661065928,1049590
4584121659784076886,4,1660906520,1049590
4584121659783049963,4,1660882172,1049590
4584121659782760912,4,1660875308,1049590
4584121659780144591,2,1660813265,1049590
4584121659776423841,3,1660725011,1049590
4607764924148457280,3,1660185616,1049590
4598757090467699782,4,1660037469,1049590
4598757090467024136,4,1660021447,1049590
4598757090452218456,4,1659667596,1049590
4598757090449096951,4,1659592974,1049590
4598757090448996166,3,1659590564,1049590
4598757090445779592,3,1659513667,1049590
4587497456686844702,2,1659158088,1049590
4587497456686812624,4,1659157321,1049590
4587497456686654507,4,1659153540,1049590
4587497456679562994,4,1658984045,1049590
4587497456675641546,4,1658890291,1049590
4598755821882084475,4,1658810533,1049590
4598755821879200844,3,1658742143,1049590
4598755821867550203,4,1658465784,1049590
4598755821865287403,4,1658412119,1049590
4598755821864786920,7,1658400253,1049590
4598755821864337591,4,1658389600,1049590
4598755821860737519,3,1658304225,1049590
4598755821860432465,3,1658296989,1049590
4937651144687342035,4,1657853576,1049590
4539082035575848807,4,1657596497,1049590
4539082035573472868,4,1657540143,1049590
4539082035561863294,2,1657264746,1049590
4474904295780397416,4,1657190026,1049590
4474904295776379323,3,1657094736,1049590
4474904295754427161,9,1656574053,1049590
4474904295746466720,4,1656385243,1049590
4474904295732782963,6,1656060675,1049590
4474904295729432678,2,1655981260,1049590
4474904295725370251,3,1655884924,1049590
4480532686364554299,4,1655182767,1049590
4480532686350803350,4,1654856643,1049590
4480532686350224308,4,1654842918,1049590
4480532526716795019,7,1654757789,1049590
4480532526713331539,3,1654675646,1049590
4480532526713329238,3,1654675591,1049590
4437747060843541776,4,1653975072,1049590
4437747060840205818,4,1653895945,1049590
4437747060829102501,3,1653632528,1049590
4437747060828941111,4,1653628697,1049590
4437747060825721867,4,1653552344,1049590
4437747060822264074,3,1653470332,1049590
4437747060822070499,3,1653465744,1049590
4292505348838929024,2,1653288630,1049590
4292505348823844269,2,1652930767,1049590
4292505348821030185,4,1652864021,1049590
5849624375832270660,4,1652696063,1049590
5849624375821132658,4,1652431815,1049590
5849624375817755212,9,1652351708,1049590
5849624375817241720,4,1652339528,1049590
4288001105331552139,3,1652256073,1049590
4348798430291157089,4,1651546820,1049590
4348798430277123372,2,1651213903,1049590
4348798430274011768,4,1651140094,1049590
4348798430270068666,3,1651046577,1049590
5493837466496005951,4,1650339194,1049590
5493837466482541035,0,1650017264,1049590
5493837466479629741,4,1649947655,1049590
4353300763398958096,3,1649836922,1049590
4347669995476928813,4,1649127660,1049590
4347669995459788505,4,1648721062,1049590
4347669995459061451,4,1648703811,1049590
4347669995455835352,3,1648627280,1049590
4259848535844181699,4,1647918037,1049590
4259848535827126108,4,1647513390,1049590
4259848535826550498,4,1647499731,1049590
4259848535823091430,3,1647417673,1049590
5631194088557143418,2,1646893633,1049590
4247462367447120743,4,1646708407,1049590
4247462367433845597,4,1646393446,1049590
4247462367430385693,4,1646311379,1049590
4247462367429752592,4,1646296358,1049590
4247462367429306065,4,1646285764,1049590
4247462367426034769,3,1646208160,1049590
4246335832521935226,7,1646036001,1049590
4246335832506576420,4,1645671655,1049590
4246335198909089596,4,1645498976,1049590
4246335198895273640,3,1645171198,1049590
4246335198892182943,4,1645097884,1049590
4246335198891330942,4,1645077679,1049590
4246335198887988810,3,1644998419,1049590
4235074931864058771,4,1644296720,1049590
4235074931849218104,4,1643944598,1049590
4235074931846740258,4,1643885832,1049590
4235074931845988768,4,1643868004,1049590
4235074931842659767,3,1643789024,1049590
4237326104314511393,2,1643170985,1049590
4237325463688045921,4,1643082309,1049590
4237325463674163608,4,1642752920,1049590
4237325463666851599,3,1642579452,1049590
4224939386893282896,4,1641879454,1049590
4224939386890188546,4,1641806039,1049590
4224939386878866054,4,1641537359,1049590
4224939386875808826,4,1641464825,1049590
4224939386875068913,4,1641447270,1049590
4224939245933119336,3,1641369646,1049590
4224938027316059592,4,1640660491,1049590
4224938027301883324,4,1640324079,1049590
4224938027294967077,3,1640160021,1049590
4224937392746435473,7,1639539023,1049590
4224936849667197048,4,1639450941,1049590
4224936849652704414,7,1639107073,1049590
4224936849649389896,4,1639028452,1049590
4224936215404750500,3,1638950458,1049590
4224935490652378811,4,1638241243,1049590
4224935490638117545,2,1637902853,1049590
4224935490634627517,4,1637820068,1049590
4224935490631298456,3,1637741118,1049590
4227186657155361954,7,1637583836,1049590
4971406207535398765,4,1637031701,1049590
4971405952703466236,4,1636697366,1049590
4971405952702799631,4,1636681542,1049590
4971405952700739395,4,1636632662,1049590
4971405952700462964,4,1636626111,1049590
4971405952700027878,4,1636615783,1049590
4186653626161455797,3,1636531370,1049590
4186652357040737321,4,1635822742,1049590
4186652357026263518,4,1635479302,1049590
4186652357025991995,7,1635472855,1049590
4186652357023575896,4,1635415565,1049590
4186652357019627549,3,1635321876,1049590
4186652357019326038,6,1635314722,1049590
4698935641768974994,2,1634543792,1049590
4101082696717183274,2,1634112000,1049590
4069556867220791079,4,1634004040,1049590
3938951840897113802,2,1633410024,1049590
3938951840882884012,4,1633072353,1049590
3938951840879757423,4,1632998159,1049590
3938951840879022936,4,1632980734,1049590
3938951840875722520,9,1632902406,1049590
3936699406868784822,4,1632376804,1049590
5418383147752133812,6,1632193212,1049590
5418383147746142685,4,1632051013,1049590
5418383147745323915,4,1632031576,1049590
5418383147744396175,4,1632009551,1049590
5418383147738517550,4,1631870042,1049590
5418383147737625346,7,1631848861,1049590
5418383147735416701,4,1631796455,1049590
5418383147735064873,7,1631788111,1049590
5418383147734479037,4,1631774206,1049590
3936698772940427456,2,1631692804,1049590
4020014731796986095,3,1631243694,1049590
4020014099104885289,2,1630983606,1049590
4020014099090967253,7,1630653247,1049590
4020014099087637443,4,1630574221,1049590
4020014099087139591,0,1630562408,1049590
4020014099083802693,9,1630483209,1049590
4020014099083501058,6,1630476051,1049590
4018887653978386431,3,1629941449,1049590
4022264629328948470,3,1629797356,1049590
4022264629327964465,2,1629774004,1049590
4022264629313413167,2,1629428608,1049590
4022264629310680901,4,1629363773,1049590
4022264629310080257,2,1629349510,1049590
4022264629306881723,9,1629273605,1049590
4022264629306578891,3,1629266418,1049590
4516534149057545741,4,1628825425,1049590
4032396530958117128,4,1628583010,1049590
4032396530957333326,2,1628564408,1049590
4032396530955971073,4,1628532062,1049590
4032396530940581509,7,1628166759,1049590
4032396530939570115,4,1628142757,1049590
4032396459855093290,9,1628064003,1049590
4038024692303682316,4,1627377877,1049590
4038024692302710365,9,1627354803,1049590
4038024692288551849,7,1627018713,1049590
4038024692285068719,4,1626936046,1049590
4038024692284817324,3,1626930081,1049590
4038024692281782339,2,1626858033,1049590
4038024692281780766,9,1626858004,1049590
4204657340179322330,2,1626684416,1049590
4036898156492409458,6,1626255655,1049590
4036897704065423936,9,1626073225,1049590
4036897704055008357,4,1625825938,1049590
4036897704054937563,4,1625824263,1049590
4032392655115195265,7,1625761720,1049590
4032392655114580821,4,1625747142,1049590
4032392655113970459,4,1625732657,1049590
4032392655110577859,9,1625652123,1049590
4032392655077946487,2,1624877432,1049590
4032392655077295670,9,1624861986,1049590
4032392655075318887,4,1624815045,1049590
4032392655065849265,2,1624590214,1049590
4032392655063412539,7,1624532403,1049590
4032392655062800124,4,1624517865,1049590
4032392655062486419,4,1624510416,1049590
4032392655059655475,9,1624443228,1049590
4056035920054031830,7,1623917241,1049590
4056035920050072086,7,1623823264,1049590
5019805792178287485,3,1623739805,1049590
5019805792174520227,9,1623650377,1049590
5019805792163573872,4,1623390474,1049590
4093189984237790414,4,1623317816,1049590
4093189984234280762,9,1623234499,1049590
4093189984233602818,6,1623218408,1049590
4093189984233452183,4,1623214831,1049590
4093189347038660463,9,1622624403,1049590
4069544815359349418,2,1622194054,1049590
4069544815358461670,4,1622172975,1049590
4069544815355944362,4,1622113215,1049590
4069544815352291233,9,1622026479,1049590
4069544181423836622,9,1621414806,1049590
4767601588113055066,4,1620970280,1049590
4767601588109448730,4,1620884658,1049590
4767601588109338604,2,1620882041,1049590
4105572344342843382,9,1620813990,1049590
4072920612500408182,4,1620275704,1049590
4074045878090069352,9,1620118816,1049590
4074045878071474064,7,1619677251,1049590
4074045878071246798,4,1619671850,1049590
4074045878068825182,7,1619614359,1049590
4074045878067897864,4,1619592344,1049590
4074045878067826333,4,1619590650,1049590
4074045244021706671,9,1619521265,1049590
4074045244021706043,9,1619521250,1049590
4074045243999256442,7,1618988201,1049590
4570566565009353278,9,1618909253,1049590
4117954073016453915,9,1618306803,1049590
4117954072994371126,9,1617782405,1049590
4023377846292675640,9,1617699639,1049590
4023377846274362379,7,1617264717,1049590
4023377846270345220,9,1617169334,1049590
4026755437315895160,0,1617102158,1049590
4048146376727655355,9,1616490006,1049590
4048146376709162091,7,1616050816,1049590
4048146376706305357,4,1615982987,1049590
4048146376705896470,7,1615973285,1049590
4048146376705894646,7,1615973241,1049590
4048146376705221970,4,1615957263,1049590
4048146376705221852,9,1615957260,1049590
5556851879152334454,9,1615890617,1049590
4058278841276304333,4,1615460075,1049590
4058278841275494793,4,1615440849,1049590
4058278841272222888,7,1615363155,1049590
4058278841271717333,4,1615351148,1049590
4057152305730166855,2,1615280432,1049590
4057152305711167210,7,1614829221,1049590
4057152305707729082,9,1614747573,1049590
4060529371720185856,9,1614688216,1049590
4060529371698009522,3,1614161621,1049590
4060529371697833689,4,1614157450,1049590
4059402835327232280,9,1614069907,1049590
4059402835316310873,3,1613810517,1049590
4059402835312864481,8,1613728673,1049590
4059402835308038131,7,1613614061,1049590
4059402835305773036,4,1613560276,1049590
4059402835305378154,7,1613550902,1049590
4059402835305115862,7,1613544670,1049590
4059402835304960873,9,1613540064,1049590
4703417046217355482,2,1613472966,1049590
4051520458186818560,9,1612866727,1049590
4051520269925510319,7,1612438787,1049590
4051520269923573720,2,1612392802,1049590
4051520269922074441,7,1612357211,1049590
4051520269920906446,9,1612329476,1049590
4050393736356342523,9,1612270679,1049590
4043637702565157792,9,1611655147,1049590
4043637702554307517,7,1611397424,1049590
4043637702547272823,4,1611230366,1049590
4043637702546915364,7,1611221877,1049590
4043637702542573286,9,1611118745,1049590
4483864038820044439,9,1611050382,1049590
3942305442262940825,2,1610454849,1049590
3942305442262297591,2,1610439566,1049590
3942305442241563442,4,1609947045,1049590
3942305442240789265,4,1609928663,1049590
3942305442239895487,9,1609907426,1049590
3917534300116496755,6,1609842600,1049590
3917534300095423049,7,1609341972,1049590
3917534300094647849,7,1609323559,1049590
3917534300090871211,2,1609233844,1049590
3917534300074643575,7,1608848362,1049590
3917534300074369758,7,1608841856,1049590
3917534300071628096,7,1608776744,1049590
3917534300068986726,9,1608714024,1049590
3917534300065559841,6,1608632655,1049590
3886008544062593428,2,1608092113,1049590
3879252510628520156,4,1607541181,1049590
3879252510626974125,9,1607504235,1049590
3856733878312445038,9,1607426747,1049590
3856733252023705915,9,1606817252,1049590
3856733252008855760,9,1606462250,1049590
3856733252005435557,4,1606380498,1049590
3856733252002549928,4,1606311540,1049590
3856733252001706975,9,1606291394,1049590
3856732771970980239,0,1606210215,1049590
3856732771967844551,4,1606135259,1049590
3856732771955618878,2,1605842984,1049590
3872494575600979254,2,1605505297,1049590
3872494575587444146,4,1605182423,1049590
3872494575583906072,4,1605098138,1049590
3872494575583209802,9,1605081528,1049590
3887130640410399427,9,1605001934,1049590
3887130640395810278,3,1604653227,1049590
3884878205232016813,9,1604396143,1049590
3884878205213298525,2,1603948798,1049590
3884878205210615980,7,1603884696,1049590
3884878205210125223,9,1603872968,1049590
3895010671354389591,2,1603786590,1049590
3895010671331772105,2,1603245974,1049590
5422856308614066598,4,1602821327,1049590
5422856308611419968,4,1602758070,1049590
3854477638700788538,2,1602683933,1049590
3853351107566320486,2,1602568846,1049590
3807188575865478439,2,1601953245,1049590
3715990047711100003,2,1601349921,1049590
3715990047689444480,9,1600832207,1049590
3819572206262762062,0,1600236005,1049590
4249665521696658348,3,1600160425,1049590
4249665521682071593,3,1599817235,1049590
3819571572128364593,2,1599714021,1049590
3819571572125222658,9,1599639148,1049590
3819571008273653455,9,1599558679,1049590
3819570936610294421,2,1599026460,1049590
3788045105526342961,3,1598594402,1049590
3788045105523289354,9,1598521412,1049590
4828375451935609844,3,1597720047,1049590
3667572547700098372,9,1597218507,1049590
3667572003476039535,9,1597137975,1049590
3664193578958270276,4,1596082952,1049590
3978319116853847002,6,1595930419,1049590
3516698970145703662,2,1594719159,1049590
3444640809417850806,9,1594188083,1049590
3444640809414791609,2,1594114939,1049590
3444639924514641595,2,1593583214,1049590
3384966595887239862,0,1592893175,1049590
2978509755347369326,2,1585878484,1049590
2984138620247303627,9,1585287995,1049590
2698159409972799365,2,1584609800,1049590
2610330338693463389,2,1576044371,1049590
3051677487674715874,2,1570703589,1049590
2412160539853902686,2,1565266198,1049590
1794102528073387,3,1741872495,2139460
1794014851387294,3,1741778994,2139460
1793384379525384,7,1741675652,2139460
1792751526164243,3,1741073345,2139460
1792751526158878,7,1741058709,2139460
1792751526123890,2,1740967963,2139460
1792751526032802,9,1740726772,2139460
1792751525968455,3,1740559342,2139460
1792116353213898,7,1740109242,2139460
1791580426078651,7,1739759762,2139460
1791482680852281,3,1739352056,2139460
1790848102680519,2,1739006794,2139460
1789580505330082,2,1737701451,2139460
1789039014491162,2,1737448497,2139460
1788945554758990,3,1736952931,2139460
1787858252867261,7,1736232823,2139460
1786573931071783,9,1735834774,2139460
1786573931063848,6,1735816076,2139460
1786573931000971,3,1735643631,2139460
1786573930839429,0,1735198272,2139460
1786409468843231,3,1734528151,2139460
1785774543543583,7,1734057055,2139460
1784506359206500,3,1733309781,2139460
1784506359006820,7,1732784211,2139460
1783872412096993,7,1732505060,2139460
1783872411943686,3,1732097880,2139460
1783238125203435,3,1731565982,2139460
1783238125198641,2,1731551525,2139460
6148070194801562365,6,1730897300,2139460
6148070194801556160,3,1730882306,2139460
6148070194801554832,5,1730878916,2139460
6146943657173851613,2,1730254191,2139460
6212245217911852409,7,1729853713,2139460
6212245217911808030,6,1729738933,2139460
6212245217911774283,2,1729649798,2139460
6212244583183719073,9,1729356235,2139460
6212244583182707410,7,1729332645,2139460
6212244583172736675,9,1729095932,2139460
6211118320241786121,3,1729004457,2139460
6211118320236827753,2,1728886978,2139460
6360862737591703930,2,1728469243,2139460
6360862737591207749,6,1728457491,2139460
6350729003491344485,9,1727892804,2139460
6350729003490417408,6,1727871493,2139460
6339469370192246751,4,1727599191,2139460
6339469370181236450,4,1727338251,2139460
6339469370179167897,9,1727288930,2139460
6339469370178124714,6,1727264503,2139460
6341720536505708117,7,1726823777,2139460
6250522009517131278,2,1726241236,2139460
6250522009510399552,9,1726079319,2139460
6250522009508686023,3,1726041103,2139460
6242640076615137079,2,1725978303,2139460
6242640076595258804,4,1725507149,2139460
6240387642460670104,2,1725087268,2139460
6240387642457530147,2,1725012846,2139460
6240387642449694989,3,1724827160,2139460
6909171012612285116,3,1724121513,2139460
6909171012602791666,2,1723896480,2139460
6909171012602775324,7,1723896100,2139460
6909171012594267289,6,1723694441,2139460
5875594803674256790,3,1723640312,2139460
5963414363407154149,2,1723518113,2139460
5963413728348128782,7,1722825856,2139460
5963413728336684425,6,1722554032,2139460
5963413728335328149,2,1722522402,2139460
5963413094366693922,3,1722350140,2139460
5963413094362428542,2,1722249069,2139460
5963413094355313860,2,1722080395,2139460
5963413094354585190,4,1722063117,2139460
5963413094347276491,2,1721889911,2139460
5969041959969825707,9,1721427527,2139460
5969041959968207693,4,1721389338,2139460
5969041959961558451,3,1721231738,2139460
5842939267354553726,3,1720560699,2139460
5133583099798501806,6,1682068777,2139460
5036749277243164626,0,1676272336,2139460
5035622109527059615,9,1675159480,2139460
4979322040018868878,9,1669951428,2139460
1793384379419528,0,1741388317,1568590
1784506359190106,2,1733265060,1568590
6240387642451472826,2,1724869285,1568590
5969041959983674099,2,1721755957,1568590
5842939267357585606,9,1720632557,1568590
5756237364323746362,2,1712606578,1568590
5589599109266171164,9,1707420511,1568590
5409450219991953879,2,1703018631,1568590
5395937983662439990,4,1701382542,1568590
6438516944121863081,6,1697148418,1568590
5220292521188449481,9,1696696292,1568590
5480373588783420157,2,1694716816,1568590
5839532486229646802,9,1692119848,1568590
6079346804880300353,9,1689459900,1568590
5151601211227102905,2,1685649488,1568590
5151600576585766378,4,1684966163,1568590
5133583642655442177,2,1682703776,1568590
5133583099796958299,3,1682032175,1568590
5121196841304092236,0,1681157953,1568590
5035620387704419845,3,1673318052,1568590
4979322040019404560,3,1669964135,1568590
4789043687476137415,4,1668740679,1568590
4607764924155510225,7,1660352900,1568590
4539082035560468491,7,1657231715,1568590
4474904295730652718,2,1656010165,1568590
4292505348822854847,9,1652907287,1568590
4971406207534161364,7,1637002335,1568590
4698935641759247925,0,1634312928,1568590
4069556867201660637,4,1633550037,1568590
4069556867201089538,7,1633536494,1568590
3938951840882897642,4,1633072669,1568590
3936699406889201754,2,1632861339,1568590
5418383147736853081,4,1631830528,1568590
4020014731803791198,4,1631405203,1568590
4018887653993511770,3,1630300443,1568590
4018887653993154678,4,1630291965,1568590
4018887653985092085,0,1630100567,1568590
4022264629326578598,2,1629741107,1568590
4022264629322913874,9,1629654124,1568590
4038025325470215364,7,1627500355,1568590
4204657340167445991,9,1626402466,1568590
4036897704069149268,9,1626161658,1568590
4032392655078538036,2,1624891471,1568590
4056035920049189606,4,1623802307,1568590
5019805792163202698,4,1623381655,1568590
4093189347047959966,7,1622845191,1568590
4069544181425739488,2,1621459980,1568590
4767601588117299119,7,1621071058,1568590
4767601588116761784,9,1621058291,1568590
1792751526143120,0,1741018504,2923300
1791580425971757,9,1739471525,2923300
1790214123062881,4,1738189869,2923300
1790214123061524,4,1738185788,2923300
1790214123052459,6,1738163411,2923300
1789580505321025,2,1737677369,2923300
1788311419061569,6,1736548515,2923300
1786573931015669,6,1735683188,2923300
1786573930663784,9,1734719659,2923300
1785774543688582,7,1734445257,2923300
1785774543594953,2,1734193495,2923300
1785774543531235,6,1734024356,2923300
1783872411954169,4,1732123311,2923300
1783872411951147,2,1732115368,2923300
6146943657173937539,2,1730475797,2923300
6146943657173884660,6,1730340111,2923300
6212245217911853903,2,1729857280,2923300
6212244583190300117,4,1729512631,2923300
6212244583176026391,6,1729174320,2923300
6212244583172207857,2,1729083840,2923300
6931694080295303824,4,1728657297,2923300
6350729003513584116,7,1728420577,2923300
6350729003512741861,6,1728400623,2923300
6339469370194378541,4,1727649727,2923300
6341720536514432933,6,1727030589,2923300
6341720536514125125,7,1727023291,2923300
6250522009509822642,7,1726068033,2923300
5963414363399291503,7,1723331734,2923300
5963414363399145319,2,1723328259,2923300
6000566704283701599,4,1721130280,2923300
6000566704277568652,7,1720984912,2923300
6000566704274256455,4,1720906383,2923300
6000566704272888703,4,1720873952,2923300
5842939267353026244,9,1720524502,2923300
5842939267321509343,2,1719777483,2923300
5842939267306003330,7,1719410014,2923300
5842939267305304514,9,1719393462,2923300
5759622039980073086,6,1718981078,2923300
5741605105614996597,2,1716653418,2923300
5768625435414926282,2,1715718058,2923300
1793384379365571,4,1741248426,1254120
1792751525998506,4,1740637925,1254120
1792116353187594,4,1740041647,1254120
1790848102609623,3,1738823757,1254120
1789580505305353,6,1737636595,1254120
1788311419006749,4,1736405952,1254120
1786573931060574,4,1735807015,1254120
1786409468867699,3,1734593350,1254120
1784506359238797,4,1733394112,1254120
1784506359015589,3,1732805480,1254120
1783872411977068,3,1732184324,1254120
1783238125208935,6,1731580383,1254120
6146943657173896348,3,1730371102,1254120
6212244583175162281,3,1729153850,1254120
6339469370181313796,6,1727340080,1254120
6250522009516093253,6,1726216645,1254120
6242640076595723975,4,1725518178,1254120
5875595438687467628,6,1724315227,1254120
5875594803673548906,4,1723623532,1254120
5963414363390065438,3,1723112948,1254120
5963413094348160719,3,1721910861,1254120
5842939267359961847,3,1720688882,1254120
5842939267330816223,4,1719998056,1254120
5842939267310195271,3,1719509325,1254120
6890025005347985375,3,1718262339,1254120
5742731639329299716,3,1717056483,1254120
5741605105602744383,4,1716363044,1254120
5747233970431973503,3,1716184179,1254120
5747233970422420341,3,1715957698,1254120
5759616966679391625,3,1714402338,1254120
5749481331454360913,3,1712044056,1254120
5686430301717539504,3,1711016659,1254120
5679673637652120980,3,1709816219,1254120
5728086065181139432,3,1708589211,1254120
5582843074959085342,3,1707226899,1254120
5519792046247694125,4,1706173912,1254120
6300039510118913718,4,1704959594,1254120
5410576585180644906,4,1704365864,1254120
5410576585132828006,3,1703232241,1254120
5395938616793497748,4,1701932406,1254120
5382426458976160210,4,1700720473,1254120
6560117310263727371,4,1700130217,1254120
5288974951224138367,4,1699348313,1254120
5288974951207458716,4,1698952909,1254120
5218041989042457731,3,1697709427,1254120
6438516944119514295,4,1697092765,1254120
5220291886482798708,4,1695805740,1254120
5219165352626290170,4,1695362331,1254120
5219165352623762213,4,1695302418,1254120
5159491482907887736,4,1694067817,1254120
5141476355656593123,4,1693463541,1254120
5141475722326169673,4,1692860574,1254120
5127964289172409344,3,1692266108,1254120
5839532486209890145,3,1691651475,1254120
5124585319851716665,4,1691128143,1254120
5124585319848375727,4,1691048966,1254120
5124584051987479697,4,1690277968,1254120
5124584051969750311,3,1689857682,1254120
5124582150181577023,4,1689248706,1254120
5124582150181576765,3,1689248700,1254120
5124582150155283267,3,1688625313,1254120
5124582150130430274,4,1688036166,1254120
5124582150129761880,4,1688020329,1254120
5129083846353173821,4,1686566274,1254120
5129083846342362980,4,1686309969,1254120
5129083846338287762,4,1686213384,1254120
5151600576590461506,4,1685077465,1254120
5151600576588488326,4,1685030679,1254120
5140340943304335653,4,1684394813,1254120
6557848386940586143,3,1683795496,1254120
5133583642650255200,3,1682580877,1254120
6539831519503095144,4,1681808038,1254120
6539831519487411253,3,1681436237,1254120
6839319551981206684,4,1680165005,1254120
5125698536852864777,4,1678947848,1254120
5070528810294367159,6,1678420649,1254120
5070528810291703677,3,1678357528,1254120
5070528176561389148,3,1677745069,1254120
5059268543356143842,3,1677140412,1254120
5059267908812965246,3,1676521983,1254120
5036749277228340058,3,1675921020,1254120
5035622743878837602,3,1675317088,1254120
5035621474410163718,3,1674114652,1254120
5000716037492458999,3,1672901956,1254120
5000716037467440070,3,1672308719,1254120
5000716037441995108,3,1671705396,1254120
5623338145768873059,8,1671539642,1254120
4980448574107996798,3,1670490578,1254120
4979322040031334355,4,1670246982,1254120
4979322040016044086,3,1669884487,1254120
4836332027655008263,3,1669286104,1254120
6368680725419970900,3,1668060739,1254120
4732747437201197396,3,1667463455,1254120
4706851091172357172,3,1666858381,1254120
4714731755412473882,4,1666278056,1254120
4714731755411343183,3,1666251263,1254120
6402455182503716432,3,1665646569,1254120
4588629064110066824,3,1664444283,1254120
4589754330730661033,3,1663819716,1254120
6258337460542995780,3,1663232157,1254120
4606641560247855459,3,1662629467,1254120
4621277624689948790,3,1662016848,1254120
4514316500005675040,4,1661504197,1254120
4514316500001790900,3,1661412079,1254120
4584121659779902076,3,1660807515,1254120
4607764924149172056,4,1660202574,1254120
4598757090450752748,4,1659632556,1254120
4598757090449847830,3,1659610925,1254120
4587497456687528185,4,1659174423,1254120
4587497456679733676,3,1658988126,1254120
4598755821864287732,3,1658388419,1254120
4937651144684811777,3,1657793571,1254120
4474904295779570947,3,1657170422,1254120
4474904295755247889,6,1656593515,1254120
4474904295728368450,3,1655956014,1254120
6214419130138241990,3,1655368178,1254120
4480532526717076658,3,1654764474,1254120
4480532526713385664,3,1654676931,1254120
4469272893491723727,3,1654155378,1254120
4437747060825330369,4,1653543059,1254120
4292505348824772827,4,1652952799,1254120
5849624375817077608,4,1652335632,1254120
4348798430273397174,3,1651125515,1254120
4348797798074501824,4,1650526368,1254120
5493837466478230944,3,1649914214,1254120
4353300134224531295,3,1649324160,1254120
4347669995459204182,4,1648707196,1254120
4259848535826500687,4,1647498550,1254120
5631194088557492239,3,1646901909,1254120
4247462367429885118,4,1646299499,1254120
4246335832513987219,4,1645847425,1254120
4246335832513845262,4,1645844058,1254120
4246335832507726987,4,1645698960,1254120
4246335198892100873,4,1645095943,1254120
4246335198891330079,4,1645077659,1254120
6154735015613021915,4,1644473968,1254120
4224938027297584399,4,1640222085,1254120
5320438099034070240,4,1639617127,1254120
4224936849648746420,4,1639013184,1254120
4224935490652177545,8,1638236467,1254120
4224935490652160554,6,1638236069,1254120
4224935490631183956,9,1637738399,1254120
4227186657139071642,4,1637197286,1254120
4971405952699301161,4,1636598535,1254120
4186652991112760318,4,1636109054,1254120
4186652991111738244,4,1636084799,1254120
4186652357026366503,6,1635481747,1254120
4186652357026226524,6,1635478417,1254120
4186652357026223773,6,1635478352,1254120
4186652357023568769,6,1635415403,1254120
4103335143103927691,6,1634781361,1254120
4103335143103907598,4,1634780880,1254120
4698935641757124668,4,1634262551,1254120
4069556867211083801,9,1633773649,1254120
4069556867207743263,9,1633694384,1254120
4069556867206304646,4,1633660245,1254120
3938951840882096469,4,1633053656,1254120
3936699406871999828,4,1632453091,1254120
5418383147738492680,4,1631869447,1254120
5418383147737273852,4,1631840518,1254120
5418383147733720061,6,1631756190,1254120
4020014731793493571,2,1631160814,1254120
4020014099091229148,6,1630659463,1254120
4020014099090338608,4,1630638320,1254120
4018887653996699576,4,1630376104,1254120
4018887653980722986,4,1629996892,1254120
4018887653978623275,4,1629947077,1254120
4022264629327888729,4,1629772202,1254120
4022264629313201817,4,1629423589,1254120
4516534149073212633,3,1629197307,1254120
4516534149068237282,4,1629079217,1254120
4516534149062399232,4,1628940616,1254120
4516534149057320274,4,1628820069,1254120
4040278393509913573,9,1628649511,1254120
4040278393509896640,4,1628649106,1254120
4032396530954690184,4,1628501676,1254120
4032396530954479939,4,1628496685,1254120
4032396530952246683,4,1628443664,1254120
4032396530951597261,9,1628428240,1254120
4767601588116068278,2,1621041824,1254120
4767601588112464638,4,1620956261,1254120
4767601588110499017,3,1620909589,1254120
4072920612515480793,9,1620633624,1254120
4074045878068143449,2,1619598182,1254120
4483864038805918251,4,1610714824,1254120
3942305442248990052,3,1610123447,1254120
3872494575590462343,9,1605254412,1254120
3887130640390839650,3,1604534448,1254120
3884878205228010435,3,1604300408,1254120
3884878205217166864,3,1604041231,1254120
3853351107548412764,3,1602140763,1254120
3715990047711037147,4,1601348418,1254120
1794014851381299,6,1741763625,389430
1792751525966632,6,1740554649,389430
1791482680850411,3,1739347811,389430
1790214123181111,6,1738507680,389430
1788945554748473,6,1736926161,389430
1786573931036523,3,1735741070,389430
1786409468835402,3,1734508762,389430
1784506359201422,3,1733296882,389430
1783872411939930,3,1732088120,389430
6148070194801554394,3,1730878165,389430
6212245217911781267,3,1729668760,389430
6360862737591291227,3,1728459465,389430
6339469370177474325,6,1727249087,389430
6250522009508664272,3,1726040594,389430
6240387642450103020,6,1724836832,389430
5963414363404281590,3,1723450049,389430
5963413728330980175,6,1722419361,389430
5969041959960519825,3,1721207146,389430
5842939267331233278,3,1720007936,389430
5759622039972105888,3,1718792283,389430
5742731639344873952,3,1717425638,389430
5741605105603889316,3,1716390164,389430
5768625435392341519,3,1715182753,389430
5759616966661249025,6,1713972306,389430
6474562312196157119,6,1713197026,389430
5749481331434356821,3,1711569870,389430
5686429670868667592,6,1710356187,389430
5688680204368315401,3,1709169092,389430
5750603429272492832,3,1707912274,389430
5582843074937517777,4,1706715786,389430
5510784213094602577,6,1705505358,389430
5410576585177776761,3,1704297872,389430
5410576585126026887,3,1703071117,389430
5395938616791039620,3,1701874153,389430
5382426458973920101,3,1700667194,389430
5302486387993667083,3,1699430907,389430
5229301621572919571,3,1698250738,389430
5246188851834656324,3,1697037598,389430
5219165352638584427,3,1695653794,389430
5211283418277082575,3,1694596728,389430
5141476355654684906,3,1693418304,389430
5127964289169656953,3,1692200861,389430
5124585319846214146,3,1690997722,389430
5124584051966451406,3,1689779488,389430
5124582150148891295,3,1688473777,389430
5124581515251437380,3,1687361340,389430
5129083846335676741,3,1686151484,389430
5151600576584887535,3,1684945330,389430
5140340308866247628,3,1683732330,389430
5133583642647746203,3,1682521395,389430
5132456474583633204,3,1681311528,389430
5143714207947383049,3,1680103433,389430
5125698536850636901,3,1678895032,389430
5070528176558924522,3,1677686629,389430
5059267908810894702,3,1676472928,389430
5035622743876473186,3,1675261060,389430
5035621474407438552,3,1674050060,389430
5000716037490045460,3,1672844721,389430
5000716037439017821,3,1671634818,389430
4980448574105314399,3,1670426971,389430
4836332027652215202,3,1669219869,389430
4732747437224212413,3,1668009101,389430
4706851091170912628,3,1666824123,389430
4867853509331386457,3,1665588111,389430
4588629064107005110,3,1664371683,389430
4705721386245016205,3,1663171919,389430
4621277624687457986,3,1661957770,389430
4584121659777442824,3,1660749173,389430
4598757090446767975,3,1659537294,389430
4598755821862041958,3,1658335150,389430
4474904295778302291,3,1657140328,389430
4474904295728536280,6,1655959997,389430
4474904295725349874,3,1655884437,389430
4480532526715921252,3,1654737057,389430
4437747060823226598,3,1653493152,389430
4288001105332584195,3,1652280544,389430
4348798430271145623,3,1651072112,389430
4353300763400254744,3,1649867671,389430
4347669995457172341,3,1648658990,389430
4259848535824369237,3,1647447980,389430
4247462367427191718,3,1646235598,389430
4246335198889635252,3,1645037456,389430
4235074931843831163,3,1643816809,389430
4237325463668033771,3,1642607502,389430
4224939245934619960,3,1641405239,389430
4224938027296059183,3,1640185924,389430
4224936849648696460,3,1639011998,389430
4224935490632145080,3,1637761204,389430
4186653626162633116,3,1636559297,389430
4186652357021440511,3,1635364886,389430
4101082696718349998,3,1634139669,389430
3938951840877399857,3,1632942200,389430
5418383147733862098,3,1631759560,389430
3936698772940583494,3,1631696507,389430
4020014099085343838,3,1630519773,389430
4022264629307818092,3,1629295814,389430
4032396459856320387,3,1628093111,389430
4038024692284247018,3,1626916539,389430
4032392655111640674,3,1625677346,389430
4032392655060205874,4,1624456289,389430
4093189984234550032,3,1623240891,389430
4069544815354158760,4,1622070814,389430
4072920612521185378,3,1620769070,389430
4074045878070094291,3,1619644483,389430
4054904311339380006,3,1618413556,389430
4023377846272144321,3,1617212048,389430
4048146376706725110,3,1615992954,389430
4057152305710755489,3,1614819443,389430
4059402835307837415,3,1613609294,389430
4051520269923707324,3,1612395972,389430
4043637702545622619,3,1611191176,389430
3942305442260837564,3,1610404885,389430
3942305442242271418,3,1609963857,389430
3917534300071410130,3,1608771565,389430
3879252510627202316,3,1607509690,389430
3856733252004124793,3,1606349161,389430
3872494575585772768,3,1605142589,389430
3884878205212635176,3,1603932941,389430
3819572206265611857,3,1600304127,389430
3819571008254247959,3,1599094734,389430
3670950880876404006,3,1597885432,389430
3667572003456671236,3,1596674946,389430
3664192945738333065,3,1595464260,389430
3444640809420715873,3,1594256583,389430
3444639924492068152,3,1593043529,389430
3309530667974136617,3,1591837188,389430
3142896212086986900,3,1590628716,389430
3110243848762321226,3,1589403798,389430
2978509755343552360,3,1585787227,389430
2698159409971527173,3,1584579382,389430
2579938650921289698,3,1583362731,389430
2582187916832489679,3,1580928148,389430
2597949245044785161,3,1579729443,389430
2600199781637796023,3,1578521910,389430
2610330338695477326,3,1576092519,389430
2587811707181659873,3,1575931122,389430
2551782186256810954,3,1574903531,389430
2451574645855568286,3,1572470352,389430
2404285581858927140,3,1571274019,389430
2406534841126213713,3,1568854924,389430
2413288973187034290,3,1567646770,389430
2403127338434459388,6,1540602770,389430
2447032995782060624,6,1536628652,389430
2842216343279344659,3,1529447311,389430
2363699913390377643,3,1520980611,389430
4249665521683174261,3,1520980611,389430
2298392651774302716,3,1515544787,389430
4249665521683176210,3,1515544787,389430
2152021858915895295,3,1512515684,389430
4249665521683177047,3,1512515684,389430
2127244445192628592,3,1504654778,389430
4249665521683180123,3,1504654778,389430
2709332890268850500,4,1502932790,389430
4249665521683180496,4,1502932790,389430
3044845282385085001,6,1497477485,389430
4249665521683182187,6,1497477485,389430
1967358417031869595,4,1496867316,389430
4249665521683182521,4,1496867316,389430
1904307386952351375,3,1496266604,389430
4249665521683183118,3,1496266604,389430
1904306757824477499,4,1496015229,389430
4249665521683183361,4,1496015229,389430
1904306757812669556,4,1495732894,389430
4249665521683183473,4,1495732894,389430
1904306376095476351,4,1495296584,389430
4249665521683184064,4,1495296584,389430
1904306118445184415,3,1495214670,389430
4249665521683184291,3,1495214670,389430
1904306118442615749,3,1495153255,389430
4249665521683184412,3,1495153255,389430
1904306118441588009,4,1495128683,389430
4249665521683184526,4,1495128683,389430
1904306118438094309,4,1495045151,389430
4249665521683184629,4,1495045151,389430
2423345440421643445,3,1494901531,389430
4249665521683184743,3,1494901531,389430
75834707989928442,3,1485481565,389430
4249665521683188381,3,1485481565,389430
234577531163199009,6,1476992359,389430
4249665521683192138,6,1476992359,389430
243581103955563752,3,1473382786,389430
4249665521683194121,3,1473382786,389430
252584970549457335,4,1470779795,389430
4249665521683195048,4,1470779795,389430
252584970528623483,3,1470281648,389430
4249665521683195170,3,1470281648,389430
255955672075234617,3,1464115910,389430
4249665521683198147,3,1464115910,389430
4249665521683199214,3,1460151443,389430
4249665521683199543,6,1459918429,389430
4249665521683199789,3,1459474082,389430
295354567853390467,3,1456876936,389430
4249665521683201148,3,1456876936,389430
4249665521683201341,3,1456342034,389430
295353300229860944,3,1455066267,389430
4249665521683201863,3,1455066267,389430
4249665521683202330,3,1454458008,389430
341514010379148211,4,1454021638,389430
4249665521683202544,4,1454021638,389430
4249665521683202665,9,1453964164,389430
4249665521683202881,3,1453921630,389430
6350729003498816971,6,1728070532,3047030
5875595438706789090,9,1724773216,3047030
6909171012600869755,9,1723850914,3047030
5963413728338390774,6,1722594998,3047030
5963413728329464688,9,1722383438,3047030
5963413094346055448,6,1721860964,3047030
6000566704267546628,6,1720747343,3047030
5842939267350852015,9,1720472967,3047030
5842939267339776799,4,1720210413,3047030
5842939267336611823,9,1720135407,3047030
5842939267330542732,4,1719991583,3047030
5842939267326353205,4,1719892294,3047030
5842939267324889548,9,1719857597,3047030
5842939267320584499,9,1719755558,3047030
5759622039994092912,9,1719313384,3047030
5759622039990341727,9,1719224494,3047030
5759622039971444064,6,1718776599,3047030
1794014851394083,6,1741795528,2429640
1791580425963977,9,1739452533,2429640
1791482680865385,3,1739385224,2429640
1790848102591568,9,1738775593,2429640
1789580505278691,6,1737566078,2429640
1788311418988476,2,1736355886,2429640
1786409468848981,8,1734543032,2429640
1785774543500754,6,1733944711,2429640
1785321795654196,7,1733530571,2429640
1784506358983379,3,1732727085,2429640
1783238125185944,9,1731518464,2429640
6148070194801568245,6,1730912515,2429640
6146943657173871476,9,1730304706,2429640
6212245217911828849,6,1729791134,2429640
6212245217911816568,3,1729731085,2429640
6212244583175728993,3,1729166672,2429640
6212244583172748711,9,1729096636,2429640
6211118320237972954,3,1728908557,2429640
6360862737593090184,4,1728502085,2429640
6350729003501641567,3,1728135582,2429640
6350729003499657097,3,1728090445,2429640
6350729003494109389,3,1727958193,2429640
6350729003492523767,4,1727921403,2429640
6339469370194994992,4,1727664345,2429640
6339469370187844119,4,1727494810,2429640
6339469370184557014,4,1727416935,2429640
6250522009532030284,9,1726594381,2429640
6250522009521076839,3,1726334456,2429640
6909171012599799265,9,1723825541,2429640
1789039014371190,9,1737128467,47890
5963413094342371809,9,1721773661,1222670
5750603429273322468,6,1707931651,1222670
5220291886482835885,6,1695806514,1222670
5151600576606847971,4,1685466001,1222670
5140340943306450996,6,1684444952,1222670
5143713753744151956,4,1679944837,1222670
5070528810311173499,9,1678819099,1222670
5070528176558141155,9,1677667665,1222670
5035622109528969755,9,1675204602,1222670
5035622109528505759,9,1675193722,1222670
4836332027658640860,4,1669372072,1222670
4789043687482657104,2,1668896187,1222670
4598757090450950467,7,1659634404,1222670
4598757090466634730,9,1659611503,1222670
4598757090447112172,7,1659545523,1222670
4587497456677656682,9,1658938470,1222670
4937651144693624920,9,1658002178,1222670
4437747060825945008,9,1653557511,1222670
4224935490632092122,9,1637759605,1222670
4186652357032584065,9,1635629161,1222670
3936699406867432448,0,1632344400,1222670
4048146376729664084,4,1616537693,1222670
4026754911345298046,6,1616440201,1222670
3879252510628552152,6,1607541946,1222670
3856733878310272811,9,1607372726,1222670
3667572547701732927,6,1597253674,1222670
1794014851391258,7,1741789011,108600
1793384379339977,9,1741359197,108600
1793384379335109,7,1741168349,108600
1791580425952414,4,1739422728,108600
1791482680858046,9,1739365896,108600
1789580505472328,0,1738078619,108600
1789580505292535,6,1737603386,108600
1789039014341895,9,1737049644,108600
1786573930757522,9,1734974867,108600
1786573930748612,0,1734951046,108600
1786573930668296,2,1734731934,108600
1786409468857093,9,1734563666,108600
1784506359046450,9,1732884910,108600
4980448574108707848,7,1670507425,108600
4979322040032515652,7,1670274973,108600
4836332027674051830,0,1669737567,108600
4836332027650730866,2,1669184429,108600
4714731755413655684,2,1666306066,108600
4589754330750160708,7,1664282157,108600
4606641560248477422,2,1662644225,108600
4584121659778274182,7,1660768891,108600
4937651144700450062,0,1658164505,108600
4474904295781220700,0,1657209546,108600
4292505348840780191,9,1653332342,108600
5631194088573226862,0,1647275217,108600
4247462367445851526,2,1646678294,108600
4247462367433858722,0,1646393750,108600
4246335832511535142,2,1645789268,108600
5320438099051115524,9,1640021234,108600
3819571572127557279,0,1506066163,108600
295355202040499213,7,1457054469,108600
3819571572127565040,7,1457054469,108600
3819571572127565657,9,1452538557,108600
377536659010237854,9,1448368609,108600
3819571572127566022,9,1448368609,108600
1793384379366042,8,1741250079,1549250
1790848102612309,8,1738830851,1549250
1790848102609187,8,1738822549,1549250
1788311419139073,8,1736760962,1549250
1788311419041817,8,1736498715,1549250
1786573930837242,8,1735193140,1549250
1786409468869581,8,1734597957,1549250
1783238125176357,8,1731495590,1549250
6148070194801717068,8,1731312469,1549250
6148070194801583020,6,1730952770,1549250
6148070194801563748,8,1730901457,1549250
6212245217911811977,8,1729749657,1549250
6931694080290975072,8,1728554738,1549250
6250522009512570867,8,1726133169,1549250
5969041959982350966,8,1721724617,1549250
5969041959971280532,8,1721462179,1549250
5969041959967696617,8,1721377226,1549250
5969041959963603061,6,1721280203,1549250
5969041959961025944,8,1721219133,1549250
5842939267333823536,8,1720069325,1549250
5759622039980116466,8,1718982103,1549250
6890025005366313338,8,1718696679,1549250
6890025005351397146,8,1718343169,1549250
6890025005348143269,8,1718266081,1549250
5746109972562807800,8,1718009985,1549250
5746109972552264556,8,1717760104,1549250
5742731639325504095,8,1716966537,1549250
5741605105623941381,8,1716865459,1549250
5768625435398982334,8,1715340146,1549250
5768625435398888284,8,1715337923,1549250
5768625435395117445,8,1715248558,1549250
5768625435391492615,8,1715162644,1549250
5766372999960881847,8,1715065051,1549250
5766372999946325378,8,1714719990,1549250
5766372999942732022,8,1714634832,1549250
6474562312183223259,8,1712890426,1549250
5756237364303871531,8,1712135520,1549250
5749481331436370561,8,1711617618,1549250
5749481331435655794,6,1711600672,1549250
5749481331433318567,8,1711545287,1549250
7309977427433910426,8,1710399633,1549250
5688680204383346486,8,1709525356,1549250
8033928544495633086,8,1708077459,1549250
8033928544492061662,8,1707992806,1549250
8033928544491436541,8,1707977994,1549250
5589599109282711019,8,1707812544,1549250
5582843074940020288,8,1706775092,1549250
5519792046251075247,8,1706254034,1549250
5510784213115097028,8,1705991094,1549250
5510784213100784933,8,1705651888,1549250
5510784213097150261,8,1705565753,1549250
6300039510137476931,8,1705399635,1549250
6300039510119048919,8,1704962796,1549250
5410576585198267906,8,1704783621,1549250
5410576585153842060,8,1703730429,1549250
5410576585151236981,8,1703668667,1549250
5410576585147892667,8,1703589377,1549250
5410576585133548116,8,1703249296,1549250
5409450219989958728,8,1702971364,1549250
5395938616811947540,8,1702369711,1549250
5395938616801525530,8,1702122643,1549250
5395938616797695567,8,1702031876,1549250
5395937983679258029,8,1701781189,1549250
5382426458976333667,8,1700724619,1549250
5302486388001096079,8,1699606967,1549250
5288974951209087579,8,1698991527,1549250
5229301621575304494,8,1698307282,1549250
6438516944123783811,8,1697193942,1549250
6438516944120344433,8,1697112440,1549250
6438516944120041583,8,1697105266,1549250
5220292521198583772,8,1696936539,1549250
5220292521176814975,8,1696420522,1549250
5220292521176043699,8,1696402246,1549250
5219165352619619301,8,1695204229,1549250
5480373588796935889,8,1695037229,1549250
5480373588785952402,8,1694776838,1549250
5480373588785318113,8,1694761806,1549250
5159491482926824766,8,1694516686,1549250
5159491482926749696,8,1694514913,1549250
5159491482926661085,8,1694512805,1549250
5159491482923763560,8,1694444131,1549250
5141476355675421616,8,1693909820,1549250
5141476355672526047,8,1693841180,1549250
5141476355672520418,8,1693841046,1549250
5141476355663024391,8,1693615918,1549250
5141476355660849046,8,1693564390,1549250
5141476355660388693,8,1693553484,1549250
5141476355656510250,8,1693461579,1549250
5141476355653323507,8,1693386052,1549250
5127964289172488220,8,1692267972,1549250
5124585319862231727,8,1691377439,1549250
5124584686241285766,8,1690350065,1549250
5124584051987153796,8,1690270241,1549250
5124584051984426707,8,1690205613,1549250
5124582150177695437,8,1689156695,1549250
5124582150159047706,8,1688714544,1549250
5124582150156522412,8,1688654684,1549250
5124582150156438267,8,1688652685,1549250
5124582150156177375,8,1688646501,1549250
5124582150149026973,8,1688476999,1549250
5124582150148690159,8,1688469013,1549250
5124582150126494846,8,1687942881,1549250
5124581515268669685,8,1687770028,1549250
5124581515264136113,8,1687662345,1549250
5124581515257363734,8,1687501805,1549250
5124581515254861414,8,1687442499,1549250
5896948309857081308,8,1687253522,1549250
5151601211240395900,8,1685964633,1549250
5151601211229032272,8,1685695227,1549250
5151601211224904763,8,1685597408,1549250
5140340943323341743,8,1684845423,1549250
5140340943307846992,8,1684478062,1549250
6557848386944692956,8,1683892859,1549250
6557848386940566013,8,1683795025,1549250
5140340308865809415,8,1683721953,1549250
5138087875075745400,8,1683117609,1549250
5133583642655587421,8,1682707215,1549250
5133583642655367398,8,1682702002,1549250
5133583642652800066,8,1682641175,1549250
5133583642645240874,8,1682462069,1549250
6539831519507735531,8,1681918025,1549250
6539831519502959841,8,1681804839,1549250
6539831443777068898,8,1681363817,1549250
5121196841305878822,8,1681200321,1549250
5121196841288104198,8,1680778817,1549250
5121196841283019078,8,1680658267,1549250
5143714207946694036,8,1680087115,1549250
5143713753746073713,8,1679990409,1549250
5125698536879685512,8,1679583691,1549250
5125698536879685499,8,1679583691,1549250
5125698536867154811,8,1679286646,1549250
5070528810310775463,8,1678809673,1549250
5070528810308808312,8,1678763039,1549250
5070528810294730643,8,1678429261,1549250
5070528176579983400,8,1678185907,1549250
5059268543374033172,8,1677564563,1549250
5059268543359484535,8,1677219603,1549250
5059268543359080844,8,1677210029,1549250
5059268099250988613,8,1676898866,1549250
5059267908814036692,8,1676547380,1549250
5036749277247198275,8,1676367937,1549250
5036749277229161360,8,1675940490,1549250
5035622743897565756,8,1675761006,1549250
5035622109508811445,8,1674727019,1549250
5035622109504920345,8,1674634794,1549250
5035621474429096462,2,1674563435,1549250
5035621474429096218,8,1674563429,1549250
5035621474410693749,8,1674127207,1549250
5035621474406467742,8,1674027061,1549250
5035621474405821241,8,1674011730,1549250
5035620840529351790,8,1673489011,1549250
5035620840529344213,8,1673488840,1549250
5035620387705472683,8,1673343019,1549250
5000716037485605353,8,1672739496,1549250
5000716037459771379,8,1672126851,1549250
4991708208074408717,8,1671019052,1549250
4991708208074217456,8,1671014526,1549250
4980448574126781832,8,1670935900,1549250
4979322040034411959,8,1670319945,1549250
4979322040012554545,8,1669801767,1549250
4979322040011842704,8,1669784885,1549250
4836332027673194249,8,1669717255,1549250
4836332027672485457,6,1669700450,1549250
4836332027654258985,8,1669268345,1549250
4836332027647929003,8,1669117526,1549250
4789043687479367733,8,1668817837,1549250
4789043687469797117,8,1668589264,1549250
6368680725438654038,8,1668503713,1549250
6368680725437554425,8,1668477627,1549250
6368680725420937527,8,1668083653,1549250
6368680725420879715,8,1668082283,1549250
4732747437223670663,8,1667996269,1549250
4732747437220366215,8,1667917948,1549250
4706851091190553336,8,1667289669,1549250
4706851091175095649,8,1666923252,1549250
4706851091173264904,8,1666879877,1549250
4714731755430319954,6,1666701146,1549250
4714731755415355832,8,1666346373,1549250
4714731755415247971,8,1666343815,1549250
4714731755408513550,8,1666184181,1549250
6402455182522819655,8,1666099525,1549250
6402455182508895106,8,1665769330,1549250
6402455182503315727,8,1665637068,1549250
6402455182503118260,8,1665632385,1549250
4613399405931362396,8,1664852891,1549250
1794014851382631,9,1741766419,2507950
1793384379334540,9,1741167130,2507950
1792751525968896,0,1740560436,2507950
1792116353343521,7,1740454230,2507950
1792116353154983,0,1739957775,2507950
1791580426089771,0,1739789537,2507950
1791482680856617,9,1739363123,2507950
1789580505295608,9,1737612058,2507950
1789039014463360,0,1737374459,2507950
1789039014321653,3,1736998807,2507950
1788311419131931,3,1736740743,2507950
1788311419033926,3,1736476114,2507950
1786573930988968,3,1735610450,2507950
1786573930813616,9,1735127311,2507950
1786573930752357,3,1734961066,2507950
1786409468844216,3,1734530464,2507950
1785774543487635,9,1733911292,2507950
1785321795750784,3,1733792455,2507950
1785321795620038,0,1733443099,2507950
6212244583177244913,3,1729203183,2507950
6211118320241777151,4,1729004243,2507950
6909171012598812824,6,1723802178,2507950
6000566704284196276,6,1721142006,2507950
1794102528072853,4,1741870380,975370
1794014851392136,2,1741790310,975370
1792751525977523,9,1740581963,975370
1791482680858984,9,1739368829,975370
1789580505439257,7,1737992542,975370
1789580505378711,7,1737829378,975370
1789580505284158,9,1737579925,975370
1788311418983359,9,1736342788,975370
1785774543649020,4,1734341458,975370
1785774543519934,0,1733996897,975370
1784506359148417,2,1733157466,975370
1784506358976903,9,1732711039,975370
6212245217911831650,4,1729798105,975370
6339469370178836126,9,1727281353,975370
5969041959962118271,9,1721245001,975370
5746109972545841484,9,1717607888,975370
5747233970415294291,9,1715788814,975370
5762994032409704567,2,1713892522,975370
5762994032405859191,9,1713801399,975370
5762994032391612050,9,1713463665,975370
5749481331433877267,9,1711558514,975370
5686430301717807658,9,1711022675,975370
5679673637649405071,9,1709751844,975370
5409450219991894377,6,1703017219,975370
5220292521180107588,6,1696498226,975370
5220292521177936046,9,1696447078,975370
5220291886505828515,7,1696351637,975370
5219165352632316871,7,1695504556,975370
5159491482927833899,2,1694540582,975370
5127964289173671906,9,1692296018,975370
5124584051966679126,6,1689784885,975370
5129083846340092053,9,1686256137,975370
6557848386960375015,6,1684264685,975370
5138087875075952907,6,1683122454,975370
5133583642670254938,2,1683054955,975370
5125698536854916410,6,1678996344,975370
5125698536853726659,9,1678967914,975370
5125698536851342873,6,1678911757,975370
5070528176563051870,6,1677784451,975370
5036749277226363631,9,1675872138,975370
5035622743899157057,7,1675798643,975370
5035622743898706803,9,1675788000,975370
5035622743884184500,6,1675440991,975370
5035622743881106649,9,1675370837,975370
5000716037494456818,3,1672949298,975370
5000716037443510831,7,1671741253,975370
4980448574124362922,5,1670877952,975370
4980448574109299302,7,1670521428,975370
4980448574105978855,3,1670442716,975370
4979322040017365965,9,1669915797,975370
4836332027652694818,6,1669231253,975370
4732747437224553436,9,1668017176,975370
4706851091191472746,9,1667311449,975370
4588629064107502998,6,1664383479,975370
4705721386245098876,9,1663173875,975370
4621277624687582960,6,1661960727,975370
4607764924146892626,6,1660148507,975370
4587497456677452236,6,1658933583,975370
4591999790063800758,6,1657736902,975370
4474904295726614545,0,1655914418,975370
4480532526714369851,9,1654700267,975370
4437747060823232935,2,1653493303,975370
4288001105332925115,6,1652288624,975370
4353300763400025058,6,1649862221,975370
4347669995457102776,1,1648657337,975370
4259848535824119460,6,1647442058,975370
4246335832505271925,9,1645640708,975370
6154735015614852118,6,1644517373,975370
6154735015614706204,6,1644513918,975370
4237326104320123933,9,1643304136,975370
4224939931828402881,9,1642091316,975370
5320438099036544121,9,1639675824,975370
4224936215384224998,6,1638463433,975370
4186652991109809039,0,1636039018,975370
4103335143106194297,6,1634835133,975370
4069556867205021681,0,1633629795,975370
3936699406870342211,9,1632413752,975370
4020014731795700463,2,1631213185,975370
4018887653984156132,9,1630078364,975370
4516534149056063418,0,1628790236,975370
4038025325473273809,9,1627572950,975370
4204657340165658527,6,1626360043,975370
4032392655089476460,9,1625151136,975370
4056035920054961866,6,1623939306,975370
4093189347043240653,6,1622733153,975370
4117954072999467378,9,1617903401,975370
3110243486342293093,0,1589041330,975370
2412160539854752740,6,1565286519,975370
1793384379534910,9,1741700329,3070070
1785321795729987,3,1733738718,3070070
1784506359202807,4,1733300722,3070070
1784506359003078,4,1732774342,3070070
1783872412132280,4,1732597604,3070070
1783872412002697,4,1732249441,3070070
6146943657174015521,4,1730689075,3070070
6212245217911936186,4,1730080199,3070070
6212245217911906900,2,1730000019,3070070
6212245217911878709,2,1729921985,3070070
6360862737590767737,2,1728447054,3070070
6350729003496199054,2,1728008492,3070070
6350729003492254547,2,1727915028,3070070
6350729003488870372,4,1727834828,3070070
6339469370185349474,2,1727435704,3070070
6339469370181062324,2,1727334121,3070070
6341720536519996769,3,1727162481,3070070
6341720536513675895,2,1727012643,3070070
6341720536505931558,4,1726829061,3070070
6341720536501624175,2,1726726976,3070070
6341720536498725336,2,1726658255,3070070
6250522009530442278,2,1726556764,3070070
6250522009527648080,2,1726490531,3070070
6250522009526588473,7,1726465424,3070070
5875594803673936997,2,1723632735,3070070
5963414363408374338,2,1723547035,3070070
5963414363397894756,2,1723298615,3070070
5963414363394190196,2,1723210790,3070070
5963414363386478405,2,1723027941,3070070
5963413728348840831,4,1722842738,3070070
5963413728333431688,8,1722477462,3070070
5963413094357489598,7,1722131972,3070070
5963413094345617094,2,1721850576,3070070
6000566704269459628,9,1720792669,436150
5746109972549008688,7,1717682952,436150
5679673637649585729,9,1709756121,436150
5124584686264315623,9,1690896021,436150
5138087875093864150,3,1683547205,436150
5070528176559220909,3,1677693653,436150
5000716037472138617,9,1672420132,436150
4732747437206305679,6,1667584520,436150
4613399405954237804,9,1665395304,436150
4589754330750856092,6,1664298631,436150
4474904295773552239,7,1657027684,436150
4474904295754735546,9,1656581366,436150
4348797798075786287,6,1650556831,436150
4353300134243439487,9,1649772701,436150
4237325463667296470,7,1642590012,436150
5320438099039656143,9,1639749658,436150
4224936215387604513,7,1638543604,436150
4038025325472770453,9,1627560998,436150
3887130640397018205,7,1604682083,436150
3664193578956261675,6,1596034929,436150
2579938650945048595,4,1583930796,436150
3183419193841825634,2,1581945530,436150
2426802221714443625,6,1570003117,436150
2406534841123648854,6,1568793605,436150
2413289226972436815,7,1568104919,436150
2432417221734924805,9,1556179150,436150
2508976515639894803,4,1554301401,436150
2534869043322510889,6,1551798248,436150
2425653583400173926,9,1548765393,436150
2423394806014529390,3,1542106790,436150
2447035533294944187,6,1538669163,436150
2447032361191342362,6,1535725886,436150
2431262783620513153,6,1528897941,436150
2394101748802391770,9,1523026111,436150
2394103650888142086,9,1523026111,436150
2363697377446493725,9,1518021888,436150
4249665521684166159,9,1518021888,436150
2149769425931948504,6,1511856277,436150
4249665521684166986,6,1511856277,436150
2140759684339235442,9,1508944675,436150
4249665521684167478,9,1508944675,436150
3136051487778626978,2,1505748651,436150
4249665521684167719,2,1505748651,436150
3136051487767666818,9,1505486585,436150
4249665521684167835,9,1505486585,436150
2093464278153934982,9,1501689073,436150
4249665521684167947,9,1501689073,436150
1980870483551451771,9,1498033573,436150
4249665521684168589,9,1498033573,436150
1967358417048752665,9,1497270989,436150
4249665521684168698,9,1497270989,436150
75841595751085017,2,1492173406,436150
4249665521684168813,2,1492173406,436150
4249665521684168927,9,1489160976,436150
75835160690087113,9,1486051538,436150
4249665521684169053,9,1486051538,436150
91593398098899262,9,1481807469,436150
4249665521684169180,9,1481807469,436150
127619582119144738,9,1479396575,436150
4249665521684169406,9,1479396575,436150
241332296590726220,9,1476276953,436150
4249665521684169518,9,1476276953,436150
252584317724817789,9,1469778794,436150
4249665521684169630,9,1469778794,436150
4249665521684169753,9,1464187420,436150
272838467485340341,7,1458570597,436150
4249665521684169880,7,1458570597,436150
272838467485338513,7,1458570546,436150
295354567851521938,7,1456832263,436150
4249665521684170121,7,1456832263,436150
4249665521684170235,3,1456529592,436150
4353300134232960789,7,1649523169,920210
6212244583194528438,9,1729612825,304050
6438516944138412465,6,1697540730,304050
5124582150175089513,6,1689094914,304050
4613399405935684659,0,1664955374,304050
4474904295729593815,6,1655985074,304050
4971406207537466836,9,1637080769,304050
3715990047691161519,7,1600873255,304050
3819572206285990534,9,1600791310,304050
3112492477886869739,4,1586460356,304050
2984138620259764308,4,1585585930,304050
2984138620242071250,3,1585162892,304050
2698159409970565859,4,1584556397,304050
2408775863515568321,3,1558532120,304050
2508976515642527500,3,1554364345,304050
2543878145175496962,3,1553263747,304050
2480825216190154008,4,1550784055,304050
2465061982069912691,4,1550103538,304050
2461683368400949839,3,1549930146,304050
2425653583380252821,4,1548289041,304050
2426778849022493627,4,1547888204,304050
2417770561726219775,3,1546894084,304050
2417769111284671921,4,1545339023,304050
3244179105174872108,6,1545065142,304050
2423394806001410399,2,1541793109,304050
3594328263100941821,3,1539625947,304050
2450411965567437950,3,1537820491,304050
2444779293774198598,3,1534721029,304050
2454911758738975742,3,1533785138,304050
2451533424645749725,3,1533482274,304050
2838841185449427853,4,1531791007,304050
2434643023998474424,3,1531339475,304050
2499943313673688485,3,1530629323,304050
2396358622012246170,7,1528130798,304050
2394106369049055581,4,1527271338,304050
3822871998325606384,3,1526333986,304050
2758894130306603770,3,1524006708,304050
2394102381812203255,2,1523409169,304050
2394101748814534399,4,1523316436,304050
4249665521680722431,4,1523316436,304050
2394101748800429326,3,1522979190,304050
4249665521680722538,3,1522979190,304050
2394101748799132357,3,1522948183,304050
4249665521680722660,3,1522948183,304050
2394101748796371309,3,1522882169,304050
4249665521680722775,3,1522882169,304050
2365952982540603196,6,1522007066,304050
4249665521680723342,6,1522007066,304050
3263292131053708271,4,1518741502,304050
4249665521680724675,4,1518741502,304050
2363697377467926302,3,1518534325,304050
4249665521680725239,3,1518534325,304050
2363696743801276192,3,1517538684,304050
4249665521680725576,3,1517538684,304050
2356940715000718417,4,1517339795,304050
4249665521680725690,4,1517339795,304050
2284879949508411118,3,1513899392,304050
4249665521680726443,3,1513899392,304050
2163281492534156481,3,1513042622,304050
4249665521680727109,3,1513042622,304050
2149769425924281511,4,1511672957,304050
4249665521680727546,4,1511672957,304050
2143013295366189417,3,1510711492,304050
4249665521680727773,3,1510711492,304050
2143013295365629321,4,1510698101,304050
4249665521680727875,4,1510698101,304050
2143013295362640359,3,1510626638,304050
4249665521680727981,3,1510626638,304050
2143013295362632121,9,1510626441,304050
4249665521680728098,9,1510626441,304050
4249665521680729296,4,1506967342,304050
2175660043479760293,4,1506967342,304050
4249665521680729606,3,1506114971,304050
2149763711095633274,3,1506114971,304050
4249665521680730053,3,1504225325,304050
2095718613768010660,3,1504225325,304050
4249665521680730633,4,1503327496,304050
2709332890285358204,4,1503327496,304050
4249665521680731548,4,1501726162,304050
2093464278155486251,4,1501726162,304050
4249665521680732685,3,1499905713,304050
2472890725394030923,3,1499905713,304050
4249665521680733271,3,1498508175,304050
2564086801851318129,3,1498508175,304050
4249665521680733385,3,1498222787,304050
2564086801839382112,3,1498222787,304050
4249665521680734152,4,1496181975,304050
1904306757831451444,4,1496181975,304050
4249665521680734254,4,1495510140,304050
1904306376104407687,4,1495510140,304050
4249665521680734452,3,1494885331,304050
2423345440420965936,3,1494885331,304050
4249665521680734671,3,1494287408,304050
1869401952312085013,3,1494287408,304050
4249665521680734994,3,1493653148,304050
4249665521680735693,4,1492096281,304050
4249665521680736342,9,1491864936,304050
75840229417415216,9,1491864936,304050
4249665521680737856,6,1489434666,304050
75838332272089891,6,1489434666,304050
4249665521680738001,2,1488248165,304050
75837063487724455,2,1488248165,304050
4249665521680738480,4,1487132902,304050
75836429536112900,4,1487132902,304050
4249665521680738873,9,1485815305,304050
75834708003886436,9,1485815305,304050
4249665521680739727,6,1484611497,304050
84840457411608452,6,1484611497,304050
4249665521680740051,6,1483572586,304050
84839823693867416,6,1483572586,304050
4249665521680740455,3,1482370886,304050
91593954389766536,3,1482370886,304050
4249665521680740625,6,1482257899,304050
91593398117738171,6,1482257899,304050
4249665521680740807,6,1482197894,304050
91593398115228476,6,1482197894,304050
4249665521680741156,3,1480994481,304050
91592053121643347,3,1480994481,304050
4249665521680741767,3,1479777032,304050
127619582135056673,3,1479777032,304050
4249665521680741987,3,1478881710,304050
136626237878214720,3,1478881710,304050
4249665521680742091,4,1478742540,304050
136626237872394080,4,1478742540,304050
136626237872290710,4,1478740065,304050
4249665521680742436,9,1478619712,304050
182787402058756335,9,1478619712,304050
4249665521680743251,4,1477491447,304050
212060165288163439,4,1477491447,304050
4249665521680743361,6,1477416474,304050
234577531180936796,6,1477416474,304050
4249665521680743583,3,1477352753,304050
234577531178271727,3,1477352753,304050
4249665521680743697,4,1477072299,304050
234577531166542435,4,1477072299,304050
4249665521680743803,3,1476819362,304050
241332569605575119,3,1476819362,304050
4249665521680744168,6,1476145259,304050
243583460815232900,6,1476145259,304050
4249665521680744393,3,1475536904,304050
4249665521680744833,9,1474931076,304050
243582192041243507,9,1474931076,304050
4249665521680745184,3,1474031256,304050
243581744550038434,3,1474031256,304050
4249665521680745405,9,1473727586,304050
243581103969984285,9,1473727586,304050
4249665521680745516,3,1473206883,304050
243580289133346784,3,1473206883,304050
4249665521680745940,3,1472517221,304050
250335145795958109,3,1472517221,304050
4249665521680746146,3,1471903003,304050
252586225988579994,3,1471903003,304050
4249665521680746354,3,1471483494,304050
252586225971035173,3,1471483494,304050
4249665521680746710,3,1471308881,304050
252585986934638576,3,1471308881,304050
4249665521680746815,7,1470792131,304050
252584970549973305,7,1470792131,304050
4249665521680746940,6,1470701094,304050
252584970546165735,6,1470701094,304050
4249665521680747041,7,1470341388,304050
252584970531122098,7,1470341388,304050
4249665521680747273,6,1470092474,304050
252584317737936701,6,1470092474,304050
4249665521680747722,3,1469486894,304050
251457560658436184,3,1469486894,304050
4249665521680748063,4,1469063579,304050
251457560640731736,4,1469063579,304050
4249665521680748169,3,1468889043,304050
251457560633431992,3,1468889043,304050
4249665521680748733,3,1468345117,304050
257086017116572643,3,1468345117,304050
4249665521680748841,3,1468285988,304050
4249665521680749164,9,1467753561,304050
250329347109409726,9,1467753561,304050
4249665521680749391,9,1467074088,304050
250329347080992190,9,1467074088,304050
4249665521680749606,6,1466462058,304050
250328813712193991,6,1466462058,304050
4249665521680749934,9,1465859302,304050
249202181077042540,9,1465859302,304050
4249665521680750058,3,1465516053,304050
249202181062686764,3,1465516053,304050
4249665521680750174,6,1465254565,304050
249201544501330904,6,1465254565,304050
4249665521680750383,3,1464043885,304050
255955672072222339,3,1464043885,304050
4249665521680750573,3,1463448133,304050
255955126827358627,3,1463448133,304050
4249665521680750668,3,1463101957,304050
255955126812880850,3,1463101957,304050
4249665521680750855,3,1462841921,304050
255954571302229221,3,1462841921,304050
4249665521680751030,9,1462245788,304050
255953775630690508,9,1462245788,304050
4249665521680751304,6,1461640977,304050
255953140188441205,6,1461640977,304050
4249665521680751469,9,1461027574,304050
260456194806130809,9,1461027574,304050
4249665521680751683,3,1460424144,304050
260454846521125137,3,1460424144,304050
4249665521680751941,9,1459812493,304050
260454846495544148,9,1459812493,304050
272839101186444287,3,1459211737,304050
4249665521680752137,3,1459211737,304050
272838467486919793,6,1458608359,304050
4249665521680752340,6,1458608359,304050
272838467472466007,3,1458262749,304050
4249665521680752405,3,1458262749,304050
295355928899490244,6,1457992151,304050
4249665521680752538,6,1457992151,304050
295355835669286697,4,1457571020,304050
4249665521680752674,4,1457571020,304050
295355202056991860,9,1457448817,304050
4249665521680752871,9,1457448817,304050
295355202037422233,4,1456980903,304050
4249665521680753066,4,1456980903,304050
295354567851806901,9,1456839076,304050
4249665521680753203,9,1456839076,304050
295354025640374917,9,1456193709,304050
4249665521680753267,9,1456193709,304050
295353300251842015,6,1455591844,304050
4249665521680753394,6,1455591844,304050
295352659747284289,9,1454987370,304050
4249665521680753458,9,1454987370,304050
341514010394169033,9,1454380787,304050
4249665521680753705,9,1454380787,304050
341512658324372869,3,1453160589,304050
4249665521680754021,3,1453160589,304050
341512658310694600,3,1452833533,304050
4249665521680754142,3,1452833533,304050
341512023091774886,3,1452554457,304050
4249665521680754329,3,1452554457,304050
4249665521680754443,3,1452253739,304050
341510664157206709,3,1451960599,304050
4249665521680754626,3,1451960599,304050
341510664148791019,3,1451759368,304050
4249665521680754690,3,1451759368,304050
377538367948987427,6,1450148646,304050
4249665521680755043,6,1450148646,304050
377538367934093376,3,1449792514,304050
4249665521680755234,3,1449792514,304050
377537649189471886,9,1449551188,304050
4249665521680755353,9,1449551188,304050
377537016021490919,6,1448946315,304050
4249665521680755531,6,1448946315,304050
377536659008311302,3,1448322544,304050
4249665521680755648,3,1448322544,304050
378661646704063114,4,1447821411,304050
4249665521680755882,4,1447821411,304050
4249665521680756060,9,1447721168,304050
378661012859819103,6,1447117250,304050
4249665521680756304,6,1447117250,304050
378660375688378593,3,1446508636,304050
4249665521680756483,3,1446508636,304050
4249665521680756677,4,1446168739,304050
378660375669013486,9,1446045615,304050
4249665521680756859,9,1446045615,304050
371904442466959446,9,1445908760,304050
4249665521680756982,9,1445908760,304050
371904342325379420,4,1445475973,304050
4249665521680757105,4,1445475973,304050
371903707741009695,3,1445301635,304050
4249665521680757223,3,1445301635,304050
371903707722255387,4,1444853207,304050
4249665521680757409,4,1444853207,304050
369651273094906663,9,1444686885,304050
4249665521680757536,9,1444686885,304050
369651273075729115,3,1444228337,304050
4249665521680757655,3,1444228337,304050
371902438139902669,9,1444091657,304050
4249665521680757976,9,1444091657,304050
371902438127786755,6,1443801638,105600
405678801281426173,6,1443478987,304050
4249665521680758411,6,1443478987,304050
405678163094589357,3,1442885522,304050
4249665521680758594,3,1442885522,304050
405678163076607189,4,1442455556,304050
4249665521680758649,4,1442455556,304050
405678163074946429,9,1442412331,304050
405677787263362083,6,1442336855,304050
4249665521680758708,6,1442336855,304050
405677787261116477,6,1442283163,304050
4249665521680758763,6,1442283163,304050
4249665521680759075,3,1441669579,304050
409054598165040104,4,1441320989,304050
4249665521680759317,4,1441320989,304050
409054598161881144,3,1441245459,304050
4249665521680759375,3,1441245459,304050
409053962667071994,6,1441063663,304050
4249665521680759493,6,1441063663,304050
409053962645691269,3,1440552440,304050
4249665521680759701,3,1440552440,304050
410179229588387483,6,1440459005,304050
4249665521680759761,6,1440459005,304050
410179229570676628,3,1440035526,304050
4249665521680759877,3,1440035526,304050
419185796440475495,3,1439901839,304050
4249665521680759935,3,1439901839,304050
423688416252180001,9,1439242308,304050
4249665521680760054,9,1439242308,304050
4249665521680760362,9,1438650152,304050
423687491922567367,3,1438124840,304050
4249665521680760674,3,1438124840,304050
423687491919382266,9,1438048685,304050
4249665521680760734,9,1438048685,304050
423686857826656100,3,1437445291,304050
4249665521680760910,3,1437445291,304050
423686857814625704,4,1437157630,304050
4249665521680761080,4,1437157630,304050
423686857814298719,3,1437149812,304050
4249665521680761146,3,1437149812,304050
423686857810769723,4,1437065433,304050
4249665521680761201,4,1437065433,304050
423686857808912076,3,1437021016,304050
4249665521680761258,3,1437021016,304050
431567758208854835,3,1436630048,304050
4249665521680761330,3,1436630048,304050
1783872411991868,2,1732221529,1476970
5000716037458012776,2,1672085142,1476970
4474904295771297448,9,1656974201,1476970
4258723269502493974,2,1647995267,1476970
4038025597318311680,2,1627723517,1476970
4023377846284709346,7,1617510430,1476970
4023377846283429178,4,1617480022,1476970
1792116353210415,2,1740100468,2384580
1790848102602433,2,1738805096,2384580
1789039014448027,0,1737335430,2384580
1788311419160766,0,1736817114,2384580
1785774543542106,0,1734053178,2384580
